Fold,Epoch,Train_Loss_MSE,Val_Loss_MSE
1,1,0.001368977827951312,0.0013913073344156146
1,2,0.001271998044103384,0.0012930122902616858
1,3,0.0011964624281972647,0.0012166297528892756
1,4,0.0011369104031473398,0.0011564604938030243
1,5,0.0010898523032665253,0.0011089124018326402
1,6,0.0010526991682127118,0.0010714285308495164
1,7,0.001023609540425241,0.001041972078382969
1,8,0.0010010376572608948,0.0010191889014095068
1,9,0.000983517849817872,0.0010014655999839306
1,10,0.0009696535998955369,0.0009873828385025263
1,11,0.0009583318023942411,0.0009761005640029907
1,12,0.0009502317407168448,0.0009677456109784544
1,13,0.0009449373465031385,0.0009623563382774591
1,14,0.000941476144362241,0.0009588580578565598
1,15,0.0009391422499902546,0.0009566323133185506
1,16,0.0009375885711051524,0.0009550896938890219
1,17,0.0009365020086988807,0.0009538826416246593
1,18,0.0009357753442600369,0.0009532053372822702
1,19,0.0009352740016765893,0.000952684145886451
1,20,0.000934924406465143,0.0009524006745778024
1,21,0.0009346940787509084,0.000952261732891202
1,22,0.0009345165453851223,0.0009520669700577855
1,23,0.0009344026329927146,0.0009520476451143622
1,24,0.000934318988583982,0.0009519512532278895
1,25,0.0009342667181044817,0.0009519465384073555
1,26,0.0009342140983790159,0.0009520181338302791
1,27,0.0009341811528429389,0.0009520627791061997
1,28,0.0009341511176899076,0.0009519645245745778
1,29,0.0009341381373815238,0.0009520365856587887
1,30,0.0009341120021417737,0.0009520644089207053
1,31,0.0009340913384221494,0.0009520783205516636
1,32,0.000934061361476779,0.0009519297163933516
1,33,0.0009340652613900602,0.0009519931045360863
1,34,0.0009340461692772806,0.0009519698796793818
1,35,0.0009340312099084258,0.0009520695311948657
1,36,0.0009340143878944218,0.0009519821032881737
1,37,0.0009339912212453783,0.0009519420564174652
1,38,0.0009339863900095224,0.0009519129525870085
1,39,0.0009339684620499611,0.0009518518927507102
1,40,0.0009339548414573073,0.0009518708102405071
1,41,0.000933940289542079,0.0009519082377664745
1,42,0.0009339204407297075,0.0009519271552562714
1,43,0.0009339103125967085,0.0009517857688479125
1,44,0.0009338901145383716,0.0009519143495708704
1,45,0.0009338804520666599,0.0009518873412162066
1,46,0.0009338683448731899,0.0009519466548226774
1,47,0.0009338476229459047,0.0009518896695226431
1,48,0.0009338212548755109,0.0009518156293779612
1,49,0.0009338074014522135,0.0009517953731119633
1,50,0.0009337940136902034,0.0009517607395537198
1,51,0.0009337711962871253,0.0009517255239188671
1,52,0.0009337576339021325,0.0009516878053545952
1,53,0.0009337293449789286,0.000951708760112524
1,54,0.000933706876821816,0.0009517680737189949
1,55,0.0009336608345620334,0.0009516639402136207
1,56,0.0009336053626611829,0.0009516776772215962
1,57,0.0009335338254459202,0.0009517021244391799
1,58,0.0009334441274404526,0.0009517006110399961
1,59,0.0009333971538580954,0.000951757887378335
1,60,0.0009332583285868168,0.0009517381549812853
1,61,0.0009331781766377389,0.0009516284335404634
1,62,0.0009330689208582044,0.0009515888523310423
1,63,0.0009329539025202394,0.0009514428675174713
1,64,0.0009328238666057587,0.0009513831464573741
1,65,0.000932487309910357,0.0009507167851552367
1,66,0.0009317585499957204,0.0009495669510215521
1,67,0.0009305721614509821,0.0009481970337219536
1,68,0.000929170404560864,0.0009465861367061734
1,69,0.000928154680877924,0.0009458548156544566
1,70,0.0009271356393583119,0.0009451944497413933
1,71,0.0009262985549867153,0.000944723142310977
1,72,0.0009255192708224058,0.0009442382724955678
1,73,0.0009248788701370358,0.0009437808766961098
1,74,0.0009243153617717326,0.0009434251696802676
1,75,0.0009237566846422851,0.000943345483392477
1,76,0.0009232570882886648,0.0009429864585399628
1,77,0.0009228240814991295,0.0009427675977349281
1,78,0.0009223837405443192,0.0009425700409337878
1,79,0.0009220002102665603,0.0009424648014828563
1,80,0.0009216781472787261,0.000942109152674675
1,81,0.0009213148150593042,0.0009421350550837815
1,82,0.0009210194693878293,0.0009420851711183786
1,83,0.0009207356488332152,0.0009418046684004366
1,84,0.0009204826783388853,0.000941708916798234
1,85,0.0009201762732118368,0.0009416798129677773
1,86,0.0009199254564009607,0.0009413874358870089
1,87,0.0009197144536301494,0.0009412934305146337
1,88,0.0009194528101943433,0.0009414188098162413
1,89,0.0009192634024657309,0.0009413076913915575
1,90,0.0009190762648358941,0.0009412789368070662
1,91,0.0009188710246235132,0.0009413363295607269
1,92,0.0009187330724671483,0.0009412250365130603
1,93,0.0009185169474221766,0.0009410507627762854
1,94,0.0009183624060824513,0.0009410507045686245
1,95,0.0009181959903798997,0.000941016071010381
1,96,0.0009181250352412462,0.000941018108278513
1,97,0.0009179234621115029,0.0009411482024006546
1,98,0.0009178363834507763,0.0009412573417648673
1,99,0.0009177144384011626,0.0009411730570718646
1,100,0.0009175455779768527,0.000941209145821631
1,101,0.0009174317237921059,0.0009409843478351831
1,102,0.000917299184948206,0.0009411051869392395
1,103,0.0009172053541988134,0.0009410602506250143
1,104,0.0009170631528832018,0.0009410327184014022
1,105,0.0009169550612568855,0.0009409435442648828
1,106,0.0009168279939331114,0.0009409777703694999
1,107,0.0009167680400423706,0.0009409227059222758
1,108,0.0009166196105070412,0.0009411586215719581
1,109,0.0009165826486423612,0.0009412587387487292
1,110,0.0009164642542600632,0.0009413885418325663
1,111,0.0009164303191937506,0.0009411866776645184
1,112,0.0009162920759990811,0.0009412906365469098
1,113,0.0009162186179310083,0.0009412056533619761
1,114,0.0009161579655483365,0.0009412313811480999
1,115,0.0009160895133391023,0.0009412011131644249
1,116,0.0009160013869404793,0.0009414856904186308
1,117,0.0009159640758298337,0.000941247446462512
1,118,0.0009158743778243661,0.0009414015803486109
1,119,0.0009158469038084149,0.0009414041414856911
1,120,0.0009157640160992742,0.0009413912775926292
1,121,0.0009157077292911708,0.0009414853993803263
1,122,0.0009156438754871488,0.0009416531538590789
1,123,0.0009156364249065518,0.0009416316752322018
1,124,0.0009155427687801421,0.0009416749817319214
1,125,0.0009155030129477382,0.0009416533866897225
1,126,0.0009154574945569038,0.0009418227709829807
1,127,0.0009153905557468534,0.0009418021654710174
1,128,0.0009153586579486728,0.0009417847031727433
1,129,0.0009153339779004455,0.0009418688132427633
1,130,0.0009152498096227646,0.0009419492562301457
1,131,0.0009152177954092622,0.0009421288850717247
1,132,0.0009151836857199669,0.0009420308051630855
1,133,0.0009151478298008442,0.0009419542620889843
1,134,0.0009152485290542245,0.000942190526984632
1,135,0.0009150678524747491,0.0009420443093404174
1,136,0.0009150542318820953,0.0009422588627785444
1,137,0.0009150299592874944,0.0009421459981240332
1,138,0.0009149968973360956,0.0009423531591892242
1,139,0.0009149749530479312,0.0009427675395272672
1,140,0.0009148994577117264,0.0009427142213098705
1,141,0.0009148565004579723,0.0009427743498235941
1,142,0.0009148363606072962,0.0009425647440366447
1,143,0.0009147858945652843,0.000942505372222513
1,144,0.0009147266391664743,0.0009425956523045897
1,145,0.0009147146483883262,0.0009426157339476049
1,146,0.0009146630764007568,0.0009427741752006114
1,147,0.0009146404918283224,0.0009428637567907572
1,148,0.0009146124357357621,0.0009426791802980006
1,149,0.0009146001539193094,0.0009427492041140795
1,150,0.000914521689992398,0.0009427969343960285
2,1,0.0013650679029524326,0.0014247966464608908
2,2,0.001267727930098772,0.001328092417679727
2,3,0.0011921834666281939,0.0012526367790997028
2,4,0.0011333631118759513,0.0011941472766920924
2,5,0.0010865062940865755,0.0011475908104330301
2,6,0.0010488303378224373,0.0011101337149739265
2,7,0.0010186935542151332,0.0010800607269629836
2,8,0.0009946204954758286,0.0010560441296547651
2,9,0.0009738458902575076,0.001035821158438921
2,10,0.0009587462991476059,0.0010206489823758602
2,11,0.0009485521004535258,0.0010105932597070932
2,12,0.0009419337729923427,0.0010042429203167558
2,13,0.0009376594098284841,0.0010001352056860924
2,14,0.0009349363390356302,0.0009975509019568563
2,15,0.0009331682231277227,0.0009957352885976434
2,16,0.0009319997625425458,0.0009946994250640273
2,17,0.0009312028996646404,0.000994016183540225
2,18,0.0009306344436481595,0.0009934469126164913
2,19,0.0009301655227318406,0.0009929517982527614
2,20,0.0009295842028222978,0.0009927288629114628
2,21,0.0009287307620979846,0.000992047367617488
2,22,0.000927477260120213,0.000991384033113718
2,23,0.0009263128158636391,0.0009909491054713726
2,24,0.0009252219460904598,0.0009902503807097673
2,25,0.0009242316009476781,0.0009900854201987386
2,26,0.0009234674507752061,0.0009897646959871054
2,27,0.000922740320675075,0.0009893602691590786
2,28,0.0009221509099006653,0.0009890347719192505
2,29,0.0009216406615450978,0.000988977262750268
2,30,0.0009210853022523224,0.000988745247013867
2,31,0.0009205421665683389,0.0009884423343464732
2,32,0.0009201328502967954,0.0009880863362923265
2,33,0.0009196437313221395,0.0009880231227725744
2,34,0.0009192320867441595,0.0009878254495561123
2,35,0.0009188552503474057,0.0009875547839328647
2,36,0.000918495177756995,0.0009873132221400738
2,37,0.0009182112407870591,0.000987401232123375
2,38,0.0009177818428725004,0.0009869099594652653
2,39,0.0009174575679935515,0.0009868581546470523
2,40,0.0009171694400720298,0.0009869086788967252
2,41,0.0009168415563181043,0.0009866813197731972
2,42,0.000916573335416615,0.000986327650025487
2,43,0.000916292134206742,0.0009864256717264652
2,44,0.0009160734480246902,0.0009860764257609844
2,45,0.0009157897438853979,0.0009860791033133864
2,46,0.0009155497536994517,0.0009858892299234867
2,47,0.0009153071441687644,0.0009858240373432636
2,48,0.0009150972473435104,0.0009858593111857772
2,49,0.0009149039979092777,0.0009857072727754712
2,50,0.0009147315286099911,0.0009853951632976532
2,51,0.0009145498625002801,0.0009856331162154675
2,52,0.000914291013032198,0.0009853955125436187
2,53,0.0009141028858721256,0.0009853391675278544
2,54,0.0009139536996372044,0.0009853023802861571
2,55,0.0009137878660112619,0.000985308550298214
2,56,0.0009136273292824626,0.0009853927185758948
2,57,0.0009134638821706176,0.0009853756055235863
2,58,0.0009133152780123055,0.0009851343929767609
2,59,0.0009131555561907589,0.0009851395152509212
2,60,0.0009130178950726986,0.0009848556946963072
2,61,0.0009129052050411701,0.0009849577909335494
2,62,0.0009128199890255928,0.0009848098270595074
2,63,0.0009126457152888179,0.000984857091680169
2,64,0.0009125323849730194,0.0009849229827523232
2,65,0.0009124298812821507,0.00098493043333292
2,66,0.0009123078780248761,0.000984916347078979
2,67,0.0009121808689087629,0.0009849534835666418
2,68,0.0009120928589254618,0.0009846256580203772
2,69,0.0009119926835410297,0.0009847889887169003
2,70,0.0009118968737311661,0.0009849974885582924
2,71,0.0009117814479395747,0.0009847561595961452
2,72,0.0009116888395510614,0.0009846684988588095
2,73,0.0009115977445617318,0.0009848492918536067
2,74,0.000911518232896924,0.0009848577901721
2,75,0.0009114076383411884,0.000984720652922988
2,76,0.000911402516067028,0.0009847943438217044
2,77,0.0009113684645853937,0.0009846723405644298
2,78,0.0009112092666327953,0.0009848068002611399
2,79,0.0009111470426432788,0.0009847574401646852
2,80,0.0009110629325732589,0.000984744867309928
2,81,0.0009110094397328794,0.0009847063338384032
2,82,0.0009109071688726544,0.0009847779292613268
2,83,0.0009108333615586162,0.000984610291197896
2,84,0.0009108394151553512,0.000984250451438129
2,85,0.0009108047233894467,0.0009845017921179533
2,86,0.0009106912766583264,0.0009844423038884997
2,87,0.0009106348734349012,0.000984668848104775
2,88,0.0009105908102355897,0.0009846554603427649
2,89,0.0009105033241212368,0.0009846626780927181
2,90,0.0009104760829359293,0.0009844773449003696
2,91,0.0009103971533477306,0.0009847257751971483
2,92,0.0009103504125960171,0.0009844518499448895
2,93,0.0009102871408686042,0.0009847671026363969
2,94,0.0009103432530537248,0.0009845495223999023
2,95,0.0009102135663852096,0.0009846435859799385
2,96,0.0009101749747060239,0.0009845518507063389
2,97,0.0009100923780351877,0.0009848775807768106
2,98,0.0009100423194468021,0.0009849054040387273
2,99,0.0009100435418076813,0.0009846156463027
2,100,0.0009100271854549646,0.0009847651235759258
2,101,0.0009099530871026218,0.0009845602326095104
2,102,0.0009098931332118809,0.0009847101755440235
2,103,0.0009098341106437147,0.0009846831671893597
2,104,0.0009098707232624292,0.0009846461471170187
2,105,0.0009097876027226448,0.0009849133202806115
2,106,0.0009097059955820441,0.0009850875940173864
2,107,0.0009096600697375834,0.000984882703050971
2,108,0.0009096138528548181,0.0009849827038124204
2,109,0.0009096065768972039,0.0009848615154623985
2,110,0.000909539929125458,0.000984956743195653
2,111,0.00090949353761971,0.000984926475211978
2,112,0.0009094490669667721,0.0009851912036538124
2,113,0.0009094593115150928,0.0009849399793893099
2,114,0.0009093863191083074,0.0009853362571448088
2,115,0.0009093318367376924,0.0009851385839283466
2,116,0.0009093184489756823,0.0009853739757090807
2,117,0.0009092710679396987,0.00098512414842844
2,118,0.0009092229884117842,0.000985284335911274
2,119,0.0009092852706089616,0.0009851008653640747
2,120,0.0009092004038393497,0.000985276186838746
2,121,0.0009091608808375895,0.0009853980736806989
2,122,0.0009091022657230496,0.0009854130912572145
2,123,0.0009090835810638964,0.0009853832889348269
2,124,0.0009090749663300812,0.0009855814278125763
2,125,0.0009090453386306763,0.0009854985401034355
2,126,0.0009090005187317729,0.0009855871321633458
2,127,0.00090894935419783,0.0009859164711087942
2,128,0.0009089339873753488,0.000985572813078761
2,129,0.0009089329396374524,0.0009855565149337053
2,130,0.0009088654769584537,0.0009855591924861073
2,131,0.0009088366059586406,0.0009856369579210877
2,132,0.0009087790967896581,0.0009858710691332817
2,133,0.0009087489452213049,0.0009858310222625732
2,134,0.000908721995074302,0.0009858006378635764
2,135,0.0009087309008464217,0.0009859678102657199
2,136,0.0009086818899959326,0.0009859073907136917
2,137,0.0009086508071050048,0.0009859148412942886
2,138,0.0009085999918170273,0.0009858960984274745
2,139,0.0009085690835490823,0.0009858682751655579
2,140,0.0009085288620553911,0.0009860523277893662
2,141,0.0009084843914024532,0.0009860170539468527
2,142,0.0009084707126021385,0.0009860151913017035
2,143,0.000908433401491493,0.0009861472062766552
2,144,0.000908398418687284,0.0009861141443252563
2,145,0.0009083800250664353,0.0009862473234534264
2,146,0.0009083288023248315,0.0009861926082521677
2,147,0.0009082939941436052,0.0009861290454864502
2,148,0.000908267917111516,0.0009860501158982515
2,149,0.000908209360204637,0.000986437895335257
2,150,0.0009081826428882778,0.0009861317230388522
3,1,0.001371572376228869,0.0013662218116223812
3,2,0.0012742284452542663,0.0012695466866716743
3,3,0.001198607962578535,0.001194411888718605
3,4,0.001139220199547708,0.0011355029419064522
3,5,0.0010921986540779471,0.0010888788383454084
3,6,0.0010549556463956833,0.0010517868213355541
3,7,0.00102544529363513,0.0010225194273516536
3,8,0.0010023200884461403,0.0009995505679398775
3,9,0.0009838708210736513,0.0009814529912546277
3,10,0.0009685468394309282,0.000966626510489732
3,11,0.0009570365073159337,0.000955321011133492
3,12,0.0009497979190200567,0.0009482844034209847
3,13,0.0009449553908780217,0.0009437776170670986
3,14,0.0009418374975211918,0.0009410669445060194
3,15,0.0009398071561008692,0.0009392458014190197
3,16,0.0009384893346577883,0.0009383317083120346
3,17,0.0009376626694574952,0.0009375236695632339
3,18,0.0009370920015498996,0.0009370232000946999
3,19,0.0009366950835101306,0.0009368535247631371
3,20,0.0009364256402477622,0.0009368188912048936
3,21,0.0009362541604787111,0.0009367909515276551
3,22,0.0009361105621792376,0.0009366068989038467
3,23,0.0009360279655084014,0.0009365272708237171
3,24,0.0009359484538435936,0.000936394149903208
3,25,0.0009358868701383471,0.000936501775868237
3,26,0.0009358309907838702,0.0009364034631289542
3,27,0.0009357985109090805,0.0009364251745864749
3,28,0.0009357616072520614,0.0009364317520521581
3,29,0.000935729534830898,0.0009363744175061584
3,30,0.0009357048547826707,0.0009361758711747825
3,31,0.0009356740047223866,0.0009362460696138442
3,32,0.0009356532245874405,0.0009360617259517312
3,33,0.0009356224327348173,0.0009361547417938709
3,34,0.0009355975198559463,0.0009362039854750037
3,35,0.0009355784277431667,0.0009362211567349732
3,36,0.0009355522925034165,0.0009360900148749352
3,37,0.0009355328511446714,0.0009360649273730814
3,38,0.0009354872163385153,0.0009363115532323718
3,39,0.0009354586363770068,0.000936109630856663
3,40,0.0009354072390124202,0.0009361724951304495
3,41,0.0009353256900794804,0.0009361984557472169
3,42,0.0009352603228762746,0.0009362833225168288
3,43,0.0009351117187179625,0.0009363111457787454
3,44,0.0009349623578600585,0.0009363163262605667
3,45,0.0009346600854769349,0.0009362974087707698
3,46,0.000933918752707541,0.0009361157426610589
3,47,0.0009324908023700118,0.000935632677283138
3,48,0.0009311120957136154,0.0009348097373731434
3,49,0.000930034788325429,0.0009346140432171524
3,50,0.0009289849549531937,0.000934134004637599
3,51,0.0009281192906200886,0.0009340774267911911
3,52,0.000927398563362658,0.0009337065857835114
3,53,0.0009267376735806465,0.0009334951755590737
3,54,0.0009261532686650753,0.0009332748013548553
3,55,0.0009256728226318955,0.0009326859726570547
3,56,0.0009251302108168602,0.0009326036088168621
3,57,0.000924654130358249,0.0009325791033916175
3,58,0.000924210122320801,0.0009325227583758533
3,59,0.00092380924616009,0.0009324177517555654
3,60,0.0009235142497345805,0.0009320353274233639
3,61,0.0009230781579390168,0.0009318974916823208
3,62,0.0009227791451849043,0.0009316761279478669
3,63,0.0009224279783666134,0.0009318131487816572
3,64,0.0009221272775903344,0.0009317614603787661
3,65,0.0009218597551807761,0.0009316479554399848
3,66,0.0009215489262714982,0.0009315345669165254
3,67,0.0009213220910169184,0.0009315027855336666
3,68,0.0009210488642565906,0.0009316139039583504
3,69,0.0009208038682118058,0.0009315959177911282
3,70,0.0009205805836245418,0.0009315331699326634
3,71,0.0009203912341035903,0.000931373389903456
3,72,0.0009201799985021353,0.0009313945192843676
3,73,0.0009199879714287817,0.0009313056943938136
3,74,0.0009198153857141733,0.0009312169859185815
3,75,0.0009196550818160176,0.0009311109315603971
3,76,0.0009194466983899474,0.0009309634333476424
3,77,0.0009193320292979479,0.0009308203589171171
3,78,0.0009191885474137962,0.0009310492314398289
3,79,0.0009190388373099267,0.000931010115891695
3,80,0.0009189312113448977,0.0009309006854891777
3,81,0.0009187646210193634,0.000930977170355618
3,82,0.0009186336537823081,0.0009311005705967546
3,83,0.0009185360977426171,0.0009309726301580667
3,84,0.0009183766669593751,0.0009310028981417418
3,85,0.0009183233487419784,0.0009309480665251613
3,86,0.0009182710200548172,0.0009309449233114719
3,87,0.0009181026834994555,0.0009310950990766287
3,88,0.0009180419147014618,0.0009307193686254323
3,89,0.0009179383050650358,0.0009310006280429661
3,90,0.0009178661275655031,0.0009308927692472935
3,91,0.0009177311439998448,0.0009309087763540447
3,92,0.0009176796884275973,0.0009308707085438073
3,93,0.000917595811188221,0.0009309679153375328
3,94,0.0009174822480417788,0.0009312699548900127
3,95,0.0009174613514915109,0.000931298010982573
3,96,0.000917373807169497,0.0009310877649113536
3,97,0.0009172408608719707,0.0009311323519796133
3,98,0.0009171843412332237,0.0009311898029409349
3,99,0.0009171260753646493,0.0009312270558439195
3,100,0.0009170423727482557,0.0009313456248492002
3,101,0.000917000463232398,0.0009310330497100949
3,102,0.0009169268887490034,0.0009311912581324577
3,103,0.0009168799733743072,0.0009312366019003093
3,104,0.0009168392280116677,0.0009315318893641233
3,105,0.000916789926122874,0.0009314511553384364
3,106,0.0009167172247543931,0.0009312971960753202
3,107,0.0009166662930510938,0.0009313738555647433
3,108,0.0009166317177005112,0.0009313763002865016
3,109,0.000916550459805876,0.000931307440623641
3,110,0.0009165166993625462,0.0009312659385614097
3,111,0.000916607677936554,0.00093158392701298
3,112,0.0009164377115666866,0.0009312994661740959
3,113,0.0009163918439298868,0.0009314229246228933
3,114,0.0009163388167507946,0.0009316248469986022
3,115,0.0009162995265796781,0.0009316080831922591
3,116,0.0009162242640741169,0.000931484333705157
3,117,0.0009161895141005516,0.0009316488285548985
3,118,0.0009161662310361862,0.0009317612275481224
3,119,0.0009161840425804257,0.000931528746150434
3,120,0.0009160705376416445,0.0009317334624938667
3,121,0.0009160381741821766,0.00093159603420645
3,122,0.0009160112240351737,0.0009316154755651951
3,123,0.0009159662295132875,0.0009316974319517612
3,124,0.000915976008400321,0.0009314821800217032
3,125,0.000915912794880569,0.0009315336938016117
3,126,0.0009158541215583682,0.000931802554987371
3,127,0.0009158474858850241,0.0009318486554548144
3,128,0.0009158150060102344,0.0009318647207692266
3,129,0.0009157564491033554,0.0009317878284491599
3,130,0.0009157125605270267,0.0009320033132098615
3,131,0.0009157070307992399,0.0009319576784037054
3,132,0.0009156797314062715,0.000931881892029196
3,133,0.0009156457963399589,0.0009319382952526212
3,134,0.0009155835141427815,0.0009321036050096154
3,135,0.000915560289286077,0.0009319136152043939
3,136,0.0009155809530057013,0.0009318010415881872
3,137,0.0009154981235042214,0.000931809248868376
3,138,0.0009154540603049099,0.0009318347438238561
3,139,0.0009154158178716898,0.0009320015669800341
3,140,0.0009154052240774035,0.000932096503674984
3,141,0.0009153891005553305,0.0009324211860075593
3,142,0.0009153855498880148,0.0009318927186541259
3,143,0.0009153250721283257,0.0009322422556579113
3,144,0.0009152935817837715,0.0009322758414782584
3,145,0.0009152409038506448,0.0009322143159806728
3,146,0.0009152108686976135,0.0009321814868599176
3,147,0.0009151700651273131,0.0009323638514615595
3,148,0.0009151189005933702,0.0009323831764049828
3,149,0.0009151038248091936,0.0009324320126324892
3,150,0.0009150503319688141,0.0009324947604909539
4,1,0.0013649957254529,0.0014276043511927128
4,2,0.0012676871847361326,0.0013310061767697334
4,3,0.001192194176837802,0.0012558791786432266
4,4,0.0011327241081744432,0.0011966656893491745
4,5,0.0010856727603822947,0.0011500561377033591
4,6,0.0010482869111001492,0.001112988917157054
4,7,0.0010189751628786325,0.001083983457647264
4,8,0.0009960285387933254,0.001061278861016035
4,9,0.0009773590136319399,0.0010415205033496022
4,10,0.0009618040639907122,0.0010263160802423954
4,11,0.0009508879156783223,0.00101565127260983
4,12,0.0009436526452191174,0.0010083300294354558
4,13,0.0009387396275997162,0.0010035268496721983
4,14,0.0009355536894872785,0.0010004257783293724
4,15,0.0009334703208878636,0.000998219009488821
4,16,0.000932127411942929,0.0009968781378120184
4,17,0.0009312528418377042,0.0009959640447050333
4,18,0.0009306681458838284,0.0009954185225069523
4,19,0.0009302777471020818,0.0009950000094249845
4,20,0.0009300127858296037,0.0009946927893906832
4,21,0.0009298279765062034,0.0009945102501660585
4,22,0.0009297012584283948,0.000994351925328374
4,23,0.0009296031203120947,0.0009942941833287477
4,24,0.0009295293129980564,0.0009944993071258068
4,25,0.0009294758201576769,0.000994101632386446
4,26,0.0009294316405430436,0.0009941752068698406
4,27,0.0009293949115090072,0.0009940718300640583
4,28,0.000929372850805521,0.0009939169976860285
4,29,0.0009293397306464612,0.0009940450545400381
4,30,0.0009293131879530847,0.0009939571609720588
4,31,0.0009292906615883112,0.0009939615847542882
4,32,0.0009292758186347783,0.0009940710151568055
4,33,0.0009292488684877753,0.0009939107112586498
4,34,0.0009292250033468008,0.0009939733427017927
4,35,0.000929212779738009,0.0009940180461853743
4,36,0.0009291896130889654,0.0009940360905602574
4,37,0.0009291726164519787,0.0009941079188138247
4,38,0.000929148867726326,0.0009939373703673482
4,39,0.0009291326277889311,0.000993957044556737
4,40,0.0009291209280490875,0.0009938398143276572
4,41,0.0009290932794101536,0.0009937095455825329
4,42,0.0009290772723034024,0.0009936286369338632
4,43,0.0009290517773479223,0.0009939135052263737
4,44,0.000929019064642489,0.0009936164133250713
4,45,0.000928978668525815,0.0009937549475580454
4,46,0.0009289426379837096,0.0009937575086951256
4,47,0.0009288834990002215,0.0009938605362549424
4,48,0.0009288392029702663,0.0009938713628798723
4,49,0.0009287595166824758,0.0009940310847014189
4,50,0.000928691413719207,0.00099399802275002
4,51,0.0009285723208449781,0.0009938401635736227
4,52,0.0009285057312808931,0.00099369662348181
4,53,0.0009284184779971838,0.0009937594877555966
4,54,0.0009283156832680106,0.000993584282696247
4,55,0.0009281389648094773,0.0009935114067047834
4,56,0.0009279053774662316,0.0009931130334734917
4,57,0.0009273725445382297,0.0009925051126629114
4,58,0.00092656584456563,0.0009918438736349344
4,59,0.0009255848708562553,0.0009907122002914548
4,60,0.0009246557019650936,0.0009897369891405106
4,61,0.0009238088387064636,0.0009886841289699078
4,62,0.0009230687282979488,0.0009879355784505606
4,63,0.0009224288514815271,0.000987359555438161
4,64,0.0009218089981004596,0.0009867888875305653
4,65,0.0009213158627972007,0.0009862355655059218
4,66,0.0009207864059135318,0.000985929393209517
4,67,0.0009203033987432718,0.000985749065876007
4,68,0.0009198769694194198,0.0009850517380982637
4,69,0.0009194668382406235,0.0009850102942436934
4,70,0.0009190645068883896,0.0009844470769166946
4,71,0.0009187073446810246,0.000984171754680574
4,72,0.000918357283808291,0.00098396185785532
4,73,0.0009180170018225908,0.0009837200632318854
4,74,0.0009177305037155747,0.0009832100477069616
4,75,0.0009174150764010847,0.0009831971256062388
4,76,0.0009171380079351366,0.0009828876936808228
4,77,0.0009168460965156555,0.0009826233144849539
4,78,0.0009165649535134435,0.0009823477594181895
4,79,0.0009163382346741855,0.000982190016657114
4,80,0.0009161097696051002,0.0009819058468565345
4,81,0.0009158708271570504,0.0009818088728934526
4,82,0.0009156372398138046,0.0009814983932301402
4,83,0.0009154361905530095,0.0009814035147428513
4,84,0.0009151658741757274,0.0009813662618398666
4,85,0.000914973090402782,0.0009811331983655691
4,86,0.0009147446835413575,0.0009807308670133352
4,87,0.000914538512006402,0.000980581738986075
4,88,0.000914365635253489,0.0009801776614040136
4,89,0.0009142002090811729,0.0009802101412788033
4,90,0.0009139991598203778,0.0009798596147447824
4,91,0.0009137971210293472,0.0009797988459467888
4,92,0.000913630414288491,0.0009797911625355482
4,93,0.0009134628344327211,0.0009796327212825418
4,94,0.0009133128332905471,0.0009797138627618551
4,95,0.0009131120750680566,0.00097930571064353
4,96,0.0009129595709964633,0.0009791298070922494
4,97,0.0009127774392254651,0.000978779629804194
4,98,0.0009126164950430393,0.0009786032605916262
4,99,0.0009124675416387618,0.0009784840513020754
4,100,0.0009122835472226143,0.0009783311979845166
4,101,0.0009121419279836118,0.0009781409753486514
4,102,0.0009120104368776083,0.0009777802042663097
4,103,0.0009118565358221531,0.000977563438937068
4,104,0.0009117094450630248,0.0009774293284863234
4,105,0.0009115341817960143,0.0009772148914635181
4,106,0.0009113837732002139,0.0009770680917426944
4,107,0.0009112245170399547,0.0009768628515303135
4,108,0.0009111127583310008,0.0009766266448423266
4,109,0.0009109652019105852,0.0009763535344973207
4,110,0.000910808565095067,0.0009762485278770328
4,111,0.0009106727666221559,0.0009761208202689886
4,112,0.0009105316130444407,0.000975864939391613
4,113,0.0009104200871661305,0.000975755974650383
4,114,0.0009102753247134387,0.0009756887448020279
4,115,0.0009101221221499145,0.0009754910133779049
4,116,0.0009100084425881505,0.0009752663900144398
4,117,0.0009098756709136069,0.0009752878686413169
4,118,0.0009097100701183081,0.000974847178440541
4,119,0.0009095541900023818,0.0009748621378093958
4,120,0.0009094172273762524,0.0009746295982040465
4,121,0.0009092942345887423,0.0009742069523781538
4,122,0.0009091738611459732,0.0009741384419612586
4,123,0.0009090610546991229,0.000974073598627001
4,124,0.0009089339291676879,0.0009736850624904037
4,125,0.0009088057558983564,0.0009737238870002329
4,126,0.0009086866048164666,0.0009733829065226018
4,127,0.0009085729252547026,0.0009732017642818391
4,128,0.0009084519697353244,0.0009732123580761254
4,129,0.0009083407931029797,0.0009729592129588127
4,130,0.0009082361939363182,0.0009730870369821787
4,131,0.0009081077296286821,0.000972909911070019
4,132,0.0009079587180167437,0.0009724670671857893
4,133,0.0009078551665879786,0.0009721962851472199
4,134,0.0009077535942196846,0.0009721261449158192
4,135,0.0009076306596398354,0.0009717284119687974
4,136,0.0009075276320800185,0.0009715314954519272
4,137,0.0009074390982277691,0.0009712640894576907
4,138,0.0009073163964785635,0.000971236324403435
4,139,0.0009071909007616341,0.0009708354482427239
4,140,0.0009070762316696346,0.0009706960991024971
4,141,0.0009069896186701953,0.0009707449353300035
4,142,0.0009068913641385734,0.0009705398697406054
4,143,0.0009067898499779403,0.0009702785173431039
4,144,0.0009066688362509012,0.0009702928946353495
4,145,0.0009065819322131574,0.0009701809613034129
4,146,0.0009064775658771396,0.0009699504589661956
4,147,0.0009063744219020009,0.0009696384659036994
4,148,0.0009062726749107242,0.0009695318876765668
4,149,0.000906211556866765,0.0009694200707599521
4,150,0.0009061037562787533,0.0009692175080999732
5,1,0.0013773238752037287,0.0013158624060451984
5,2,0.0012798260431736708,0.00121949496679008
5,3,0.0012041248846799135,0.0011444358387961984
5,4,0.0011446811258792877,0.0010856378357857466
5,5,0.0010976961348205805,0.0010392211843281984
5,6,0.0010602319380268455,0.0010022080969065428
5,7,0.0010304658208042383,0.0009728303411975503
5,8,0.0010068833362311125,0.0009497431456111372
5,9,0.0009879458229988813,0.0009313010377809405
5,10,0.0009724402334541082,0.0009154292056336999
5,11,0.0009615105227567255,0.0009050661465153098
5,12,0.000954419665504247,0.0008986314642243087
5,13,0.0009498734725639224,0.0008944381843321025
5,14,0.0009469129145145416,0.0008917430532164872
5,15,0.0009450077777728438,0.0008900859975256026
5,16,0.0009438078268431127,0.0008891684701666236
5,17,0.0009430086938664317,0.000888502923771739
5,18,0.0009424872696399689,0.0008879710221663117
5,19,0.0009421223658137023,0.0008878270164132118
5,20,0.0009418725385330617,0.0008875818457454443
5,21,0.0009416702669113874,0.000887257163412869
5,22,0.0009415226522833109,0.0008873159531503916
5,23,0.0009413999505341053,0.000887296162545681
5,24,0.0009413107763975859,0.000887144124135375
5,25,0.0009411513456143439,0.0008870898163877428
5,26,0.000940955535043031,0.0008868958102539182
5,27,0.0009406269527971745,0.0008867206634022295
5,28,0.0009400467970408499,0.0008860607049427927
5,29,0.0009392419015057385,0.0008851755410432816
5,30,0.000938420882448554,0.0008842722745612264
5,31,0.0009375765221193433,0.0008831113227643073
5,32,0.0009368443861603737,0.0008823309326544404
5,33,0.0009359992691315711,0.0008814610773697495
5,34,0.0009353053756058216,0.0008805848192423582
5,35,0.0009347071754746139,0.0008800718933343887
5,36,0.000934121897444129,0.0008797741611488163
5,37,0.000933605944737792,0.0008791679283604026
5,38,0.0009331062901765108,0.0008788291597738862
5,39,0.0009326079161837697,0.0008783783414401114
5,40,0.0009321661782450974,0.0008780370699241757
5,41,0.0009317542426288128,0.000877443584613502
5,42,0.0009313534246757627,0.0008771424181759357
5,43,0.0009309586603194475,0.0008771870052441955
5,44,0.0009306485299021006,0.0008769440464675426
5,45,0.0009303261758759618,0.0008764610392972827
5,46,0.0009299223311245441,0.0008762391516938806
5,47,0.0009296014904975891,0.000875983911100775
5,48,0.000929363421164453,0.0008757576579228044
5,49,0.0009290819289162755,0.0008757850737310946
5,50,0.0009288009605370462,0.0008752169087529182
5,51,0.0009285284904763103,0.0008751536370255053
5,52,0.0009282666142098606,0.0008748164400458336
5,53,0.0009280945523642004,0.00087441795039922
5,54,0.0009278260986320674,0.0008742364589124918
5,55,0.0009275933844037354,0.0008742546779103577
5,56,0.0009274014737457037,0.0008738856413401663
5,57,0.0009272326715290546,0.0008737571188248694
5,58,0.000926988897845149,0.0008737946627661586
5,59,0.0009267953573726118,0.0008736633462831378
5,60,0.0009266446577385068,0.0008732750429771841
5,61,0.0009264653781428933,0.0008731942507438362
5,62,0.0009263057145290077,0.0008732617716304958
5,63,0.0009261706727556884,0.0008731490815989673
5,64,0.0009259744547307491,0.0008731252746656537
5,65,0.0009258337668143213,0.0008729061810299754
5,66,0.0009256811463274062,0.0008728949469514191
5,67,0.0009255995391868055,0.0008726296946406364
5,68,0.0009254170581698418,0.000872594362590462
5,69,0.0009253175230696797,0.0008724338258616626
5,70,0.0009252101881429553,0.0008722261409275234
5,71,0.0009251036681234837,0.0008723873761482537
5,72,0.000924981024581939,0.0008721613558009267
5,73,0.0009248728165403008,0.0008721618796698749
5,74,0.0009247457492165267,0.000871930446010083
5,75,0.0009246330009773374,0.000872183998581022
5,76,0.000924586842302233,0.0008719876641407609
5,77,0.0009244807297363877,0.0008719631005078554
5,78,0.0009243838139809668,0.0008717792225070298
5,79,0.0009242622181773186,0.0008718277094885707
5,80,0.00092417182167992,0.0008718706667423248
5,81,0.000924156338442117,0.0008717171149328351
5,82,0.0009240202489309013,0.0008717880700714886
5,83,0.0009239554055966437,0.0008717761957086623
5,84,0.0009238802595064044,0.0008716929005458951
5,85,0.0009238068596459925,0.0008716642041690648
5,86,0.000923767511267215,0.0008711839327588677
5,87,0.0009237045887857676,0.0008714518044143915
5,88,0.0009236211190000176,0.000871306867338717
5,89,0.0009235598263330758,0.0008713725837878883
5,90,0.000923538813367486,0.0008712431881576777
5,91,0.0009234470780938864,0.0008714229916222394
5,92,0.0009233700693584979,0.0008712405106052756
5,93,0.0009233074961230159,0.0008711036643944681
5,94,0.0009233180317096412,0.000871220079716295
5,95,0.0009232190204784274,0.0008709431276656687
5,96,0.0009231592994183302,0.0008712862036190927
5,97,0.0009231222793459892,0.0008709390531294048
5,98,0.0009230637224391103,0.00087088713189587
5,99,0.0009230077848769724,0.0008707918459549546
5,100,0.0009229308343492448,0.0008707535453140736
5,101,0.0009228576673194766,0.0008709609974175692
5,102,0.0009227703558281064,0.0008708550012670457
5,103,0.0009227119153365493,0.0008707089000381529
5,104,0.0009226585389114916,0.0008707195520401001
5,105,0.0009225982939824462,0.0008706065709702671
5,106,0.0009225491085089743,0.0008707026718184352
5,107,0.0009225140092894435,0.0008707279339432716
5,108,0.0009224729728884995,0.0008709112880751491
5,109,0.0009224113309755921,0.0008708641398698092
5,110,0.0009223516099154949,0.0008709356188774109
5,111,0.0009223019005730748,0.0008710246765986085
5,112,0.0009222670923918486,0.0008711314294487238
5,113,0.0009222000953741372,0.0008710090769454837
5,114,0.0009221560321748257,0.0008710291003808379
5,115,0.0009221110958606005,0.0008710588444955647
5,116,0.0009220660431310534,0.0008709856774657965
5,117,0.000922035425901413,0.0008710034308023751
5,118,0.0009219921194016933,0.0008707947563380003
5,119,0.0009219421772286296,0.0008708338136784732
5,120,0.0009218857157975435,0.000871088239364326
5,121,0.0009218418272212148,0.00087114074267447
5,122,0.0009217967744916677,0.0008712132112123072
5,123,0.0009217507904395461,0.0008711493574082851
5,124,0.0009216893813572824,0.0008713351562619209
5,125,0.0009216454927809536,0.0008712660637684166
5,126,0.0009216228500008583,0.0008713381830602884
5,127,0.0009215932223014534,0.0008712874259799719
5,128,0.0009215218597091734,0.0008712597191333771
5,129,0.0009214786114171147,0.0008713956922292709
5,130,0.0009214530000463128,0.0008713919087313116
5,131,0.0009214109741151333,0.0008713953429833055
5,132,0.0009213726734742522,0.0008712257258594036
5,133,0.0009213368175551295,0.000871321011800319
5,134,0.0009212901350110769,0.000871595460921526
5,135,0.0009212314034812152,0.0008714785217307508
5,136,0.0009212156292051077,0.0008715661824680865
5,137,0.000921163649763912,0.0008718098979443312
5,138,0.0009211287833750248,0.0008716656593605876
5,139,0.0009210986900143325,0.0008717377786524594
5,140,0.0009210575371980667,0.0008717618184164166
5,141,0.0009210449643433094,0.0008716020965948701
5,142,0.0009210249991156161,0.0008713876595720649
5,143,0.0009209682466462255,0.0008716264273971319
5,144,0.0009209269192069769,0.0008719355100765824
5,145,0.0009209042182192206,0.0008719986653886735
5,146,0.0009208668489009142,0.0008719718898646533
5,147,0.0009208302362821996,0.0008721491321921349
5,148,0.0009207982802763581,0.0008726408705115318
5,149,0.0009207509574480355,0.0008723827195353806
5,150,0.0009207161492668092,0.0008723980863578618
6,1,0.00135944748762995,0.0014713355340063572
6,2,0.0012619933113455772,0.0013745997566729784
6,3,0.0011866295244544744,0.001299840398132801
6,4,0.0011279650498181581,0.0012417084071785212
6,5,0.0010811055544763803,0.0011955779045820236
6,6,0.0010432691778987646,0.001158235827460885
6,7,0.001012558932416141,0.0011282877530902624
6,8,0.0009871784131973982,0.0011037555523216724
6,9,0.0009659173665568233,0.0010829949751496315
6,10,0.0009512737160548568,0.001068669487722218
6,11,0.0009416731190867722,0.0010595088824629784
6,12,0.0009353647474199533,0.0010537392226979136
6,13,0.0009312902111560106,0.0010500091593712568
6,14,0.0009286010172218084,0.001047679572366178
6,15,0.0009266966371797025,0.0010461886413395405
6,16,0.0009251581504940987,0.001044898759573698
6,17,0.0009238705388270319,0.0010440968908369541
6,18,0.0009227031841874123,0.0010431496193632483
6,19,0.0009215634199790657,0.0010422886116430163
6,20,0.0009206301183439791,0.0010417553130537271
6,21,0.0009198253392241895,0.001040854724124074
6,22,0.0009190955315716565,0.0010403654305264354
6,23,0.000918423174880445,0.0010398849844932556
6,24,0.0009178232285194099,0.0010394309647381306
6,25,0.0009173007565550506,0.001038954360410571
6,26,0.0009168826509267092,0.0010383710032328963
6,27,0.0009163226350210607,0.001038094749674201
6,28,0.0009158521424978971,0.0010377103462815285
6,29,0.0009154685540124774,0.0010374728590250015
6,30,0.0009150303667411208,0.0010373264085501432
6,31,0.0009146472439169884,0.0010368837974965572
6,32,0.000914274831302464,0.0010367435170337558
6,33,0.0009138796594925225,0.0010364329209551215
6,34,0.0009135844884440303,0.0010362074244767427
6,35,0.0009132213308475912,0.0010359894949942827
6,36,0.0009129688842222095,0.0010357331484556198
6,37,0.0009126024669967592,0.0010358141735196114
6,38,0.0009122943738475442,0.0010356500279158354
6,39,0.0009120008908212185,0.0010353904217481613
6,40,0.0009117448353208601,0.001035249326378107
6,41,0.0009114391286857426,0.0010351113742217422
6,42,0.0009111815597862005,0.001034866669215262
6,43,0.0009109152015298605,0.001034899614751339
6,44,0.0009106903453357518,0.001034663524478674
6,45,0.0009104476775974035,0.0010345573537051678
6,46,0.0009102310868911445,0.001034290180541575
6,47,0.0009100072202272713,0.001034386339597404
6,48,0.0009097752626985312,0.0010341661982238293
6,49,0.0009095828863792121,0.0010339153232052922
6,50,0.0009093607077375054,0.0010339566506445408
6,51,0.000909192836843431,0.0010339176515117288
6,52,0.000909009191673249,0.001033857697620988
6,53,0.0009088505757972598,0.0010339409345760942
6,54,0.0009086341015063226,0.0010336674749851227
6,55,0.00090847781393677,0.0010337317362427711
6,56,0.0009083342738449574,0.0010335586266592145
6,57,0.000908173737116158,0.0010333298705518246
6,58,0.0009081047028303146,0.001033440581522882
6,59,0.0009079123847186565,0.0010336651466786861
6,60,0.0009077169233933091,0.001033457345329225
6,61,0.0009075830457732081,0.0010333340615034103
6,62,0.0009074753616005182,0.001033093431033194
6,63,0.0009073628461919725,0.001033291220664978
6,64,0.000907254230696708,0.0010331696830689907
6,65,0.000907121691852808,0.0010331366211175919
6,66,0.000907113600987941,0.00103315943852067
6,67,0.0009068865911103785,0.00103330472484231
6,68,0.0009067498613148928,0.001033177599310875
6,69,0.0009066351340152323,0.0010332377860322595
6,70,0.0009065298945643008,0.001033230684697628
6,71,0.0009064745390787721,0.001032965024933219
6,72,0.0009063769830390811,0.0010331593221053481
6,73,0.0009062860626727343,0.0010330938966944814
6,74,0.0009061906021088362,0.0010331090306863189
6,75,0.0009060822776518762,0.0010332242818549275
6,76,0.0009059812873601913,0.001033199718222022
6,77,0.0009059641161002219,0.0010334393009543419
6,78,0.0009058633586391807,0.001033351174555719
6,79,0.0009057887364178896,0.0010332765523344278
6,80,0.0009057006100192666,0.0010332647943869233
6,81,0.0009056440321728587,0.0010334302205592394
6,82,0.000905557768419385,0.0010332675883546472
6,83,0.0009054583497345448,0.0010331806261092424
6,84,0.000905403692740947,0.0010331850498914719
6,85,0.0009053597459569573,0.0010331915691494942
6,86,0.0009053562534973025,0.0010330515215173364
6,87,0.0009052375098690391,0.0010329890064895153
6,88,0.0009051710949279368,0.0010330091463401914
6,89,0.000905074120964855,0.0010333596728742123
6,90,0.0009050283115357161,0.0010329799260944128
6,91,0.0009049671934917569,0.0010332473320886493
6,92,0.0009049249929375947,0.0010331501252949238
6,93,0.0009048383217304945,0.001033132430166006
6,94,0.0009048121282830834,0.0010331483790650964
6,95,0.0009047650964930654,0.001033267006278038
6,96,0.0009047540952451527,0.0010332954116165638
6,97,0.0009046349441632628,0.0010333249811083078
6,98,0.0009045980405062437,0.0010331978555768728
6,99,0.0009045254555530846,0.0010330991353839636
6,100,0.0009044562466442585,0.0010331340599805117
6,101,0.000904502347111702,0.0010330924997106194
6,102,0.0009043880854733288,0.001033223932608962
6,103,0.0009044274920597672,0.0010329079814255238
6,104,0.0009043657337315381,0.0010331101948395371
6,105,0.0009042836027219892,0.0010331337107345462
6,106,0.0009042282472364604,0.0010331653757020831
6,107,0.0009041540324687958,0.0010331341763958335
6,108,0.0009041173616424203,0.0010332236997783184
6,109,0.0009041765006259084,0.0010329058859497309
6,110,0.000904067768715322,0.0010330670047551394
6,111,0.0009040490840561688,0.0010331354569643736
6,112,0.0009039498399943113,0.0010331887751817703
6,113,0.0009039576980285347,0.0010331635130569339
6,114,0.0009038727730512619,0.0010331517551094294
6,115,0.0009038088610395789,0.001033141277730465
6,116,0.0009037887211889029,0.0010330299846827984
6,117,0.0009037606650963426,0.0010329983197152615
6,118,0.0009036761475726962,0.001033106236718595
6,119,0.0009036042611114681,0.0010328907519578934
6,120,0.0009035510011017323,0.0010328887728974223
6,121,0.0009035003022290766,0.0010328603675588965
6,122,0.000903446227312088,0.0010328899370506406
6,123,0.0009034003596752882,0.0010329250944778323
6,124,0.0009033785900101066,0.0010328901698812842
6,125,0.0009033341193571687,0.0010329099604859948
6,126,0.0009032786474563181,0.0010330567602068186
6,127,0.0009032393572852015,0.0010332075180485845
6,128,0.0009032097877934575,0.0010329547803848982
6,129,0.0009031844674609601,0.0010333459358662367
6,130,0.0009031236986629665,0.001033274456858635
6,131,0.0009030765504576266,0.0010332295205444098
6,132,0.0009030241053551435,0.001033386797644198
6,133,0.0009029614157043397,0.0010335061233490705
6,134,0.0009029104257933795,0.0010334269609302282
6,135,0.0009028707281686366,0.0010335108963772655
6,136,0.0009028122294694185,0.0010335342958569527
6,137,0.0009027671767398715,0.001033568987622857
6,138,0.0009027147898450494,0.001033770153298974
6,139,0.0009026637999340892,0.0010335940169170499
6,140,0.000902628293260932,0.0010339673608541489
6,141,0.0009025572799146175,0.0010338292922824621
6,142,0.0009025397012010217,0.0010338963475078344
6,143,0.0009024859755299985,0.0010340497829020023
6,144,0.0009024401661008596,0.0010339857544749975
6,145,0.0009023718303069472,0.0010340710869058967
6,146,0.0009023300372064114,0.0010340444277971983
6,147,0.0009023140883073211,0.0010339644504711032
6,148,0.0009022505837492645,0.001034300890751183
6,149,0.0009022059966810048,0.001034260494634509
6,150,0.0009021657751873136,0.0010343703906983137
7,1,0.0013764833565801382,0.0013224054127931595
7,2,0.0012793391942977905,0.0012254950124770403
7,3,0.001203686697408557,0.0011503356508910656
7,4,0.0011441606329753995,0.0010913038859143853
7,5,0.0010970467701554298,0.001044667442329228
7,6,0.0010597305372357368,0.0010080405045300722
7,7,0.001030421699397266,0.0009792265482246876
7,8,0.0010075649479404092,0.0009569121175445616
7,9,0.0009896091651171446,0.0009396165842190385
7,10,0.000974863360170275,0.0009253646712750196
7,11,0.0009632744477130473,0.0009145177900791168
7,12,0.000955746800173074,0.000907454639673233
7,13,0.0009506704518571496,0.0009028016356751323
7,14,0.0009472586098127067,0.000899685372132808
7,15,0.000945019128266722,0.0008975229575298727
7,16,0.0009435475803911686,0.0008961493731476367
7,17,0.0009426168398931623,0.0008953226497396827
7,18,0.0009419713169336319,0.0008947614696808159
7,19,0.0009415267850272357,0.0008944261935539544
7,20,0.0009412276558578014,0.0008941742707975209
7,21,0.0009410238126292825,0.0008939821273088455
7,22,0.0009408800397068262,0.0008939758408814669
7,23,0.0009407643228769302,0.0008937453385442495
7,24,0.000940679048653692,0.0008937877137213945
7,25,0.0009406160679645836,0.0008936367812566459
7,26,0.0009405774180777371,0.0008936244412325323
7,27,0.0009405373129993677,0.0008936780504882336
7,28,0.0009405038435943425,0.0008936172816902399
7,29,0.0009404693264514208,0.0008936343947425485
7,30,0.000940440921112895,0.0008935976075008512
7,31,0.0009404111187905073,0.0008936314843595028
7,32,0.0009403961594216526,0.0008936124504543841
7,33,0.0009403742151334882,0.0008935717632994056
7,34,0.0009403578005731106,0.0008935097721405327
7,35,0.0009403331205248833,0.0008936277590692043
7,36,0.000940311118029058,0.0008935068035498261
7,37,0.0009402816649526358,0.0008934590732678771
7,38,0.0009402738069184124,0.000893699296284467
7,39,0.0009402377181686461,0.000893631367944181
7,40,0.000940218276809901,0.0008935757796280086
7,41,0.0009401942952536047,0.000893557327799499
7,42,0.0009401762508787215,0.0008937312522903085
7,43,0.0009401583229191601,0.0008936567464843392
7,44,0.0009401238639838994,0.0008936753729358315
7,45,0.0009401018032804132,0.0008936122758314013
7,46,0.0009400868439115584,0.0008936417289078236
7,47,0.0009400555863976479,0.0008935488294810057
7,48,0.0009400147246196866,0.0008935511577874422
7,49,0.0009399820119142532,0.000893519667442888
7,50,0.0009399399859830737,0.0008934325887821615
7,51,0.0009398854454047978,0.0008933566277846694
7,52,0.0009398003458045423,0.0008933878852985799
7,53,0.0009397177491337061,0.0008932870114222169
7,54,0.0009396318346261978,0.0008933929493650794
7,55,0.0009394997032359242,0.0008934056386351585
7,56,0.0009392983629368246,0.0008932883501984179
7,57,0.0009388484759256244,0.0008931098855100572
7,58,0.0009379209950566292,0.0008926946902647614
7,59,0.0009365341393277049,0.0008916173246689141
7,60,0.000935403979383409,0.0008907038136385381
7,61,0.0009343577548861504,0.000889990187715739
7,62,0.0009334035567007959,0.000889201124664396
7,63,0.0009325896389782429,0.0008885208517313004
7,64,0.0009317688527517021,0.000888019916601479
7,65,0.0009311104076914489,0.0008876692736521363
7,66,0.0009304832201451063,0.0008870140882208943
7,67,0.0009298142977058887,0.0008863578550517559
7,68,0.0009293118491768837,0.000885971705429256
7,69,0.000928749272134155,0.0008857297361828387
7,70,0.0009282616665586829,0.0008850008598528802
7,71,0.0009277932113036513,0.0008849729783833027
7,72,0.0009273302275687456,0.0008844328112900257
7,73,0.0009268964640796185,0.0008843164541758597
7,74,0.0009264778345823288,0.0008840886875987053
7,75,0.0009260640945285559,0.000883725006133318
7,76,0.000925675209145993,0.000883327447809279
7,77,0.0009252764284610748,0.0008827999117784202
7,78,0.0009249040158465505,0.0008826653356663883
7,79,0.0009245403343811631,0.0008822406525723636
7,80,0.0009242687374353409,0.0008821957744657993
7,81,0.0009238977218046784,0.0008819461218081415
7,82,0.0009236398618668318,0.0008810196304693818
7,83,0.0009232517331838608,0.000881268410012126
7,84,0.0009229705319739878,0.0008807624690234661
7,85,0.0009226981783285737,0.0008810515864752233
7,86,0.000922436302062124,0.00088017393136397
7,87,0.0009221794898621738,0.0008803257951512933
7,88,0.0009219329222105443,0.0008801834192126989
7,89,0.0009216887410730124,0.0008798881899565458
7,90,0.0009214449673891068,0.0008796285255812109
7,91,0.0009212207514792681,0.0008793172892183065
7,92,0.0009210127755068243,0.0008792735170572996
7,93,0.0009207881521433592,0.000879021012224257
7,94,0.0009205926908180118,0.0008788254926912487
7,95,0.0009203903609886765,0.0008786136750131845
7,96,0.0009201708598993719,0.0008784214733168483
7,97,0.0009199509513564408,0.0008780962089076638
7,98,0.000919757760129869,0.000877809536177665
7,99,0.0009195857564918697,0.000877778569702059
7,100,0.0009194199810735881,0.0008776842150837183
7,101,0.0009192507714033127,0.0008773789159022272
7,102,0.0009190492564812303,0.000877143582329154
7,103,0.0009188716067001224,0.0008772766450420022
7,104,0.0009187170071527362,0.0008770940476097167
7,105,0.0009185508242808282,0.0008769864216446877
7,106,0.0009183959336951375,0.0008767141844145954
7,107,0.000918226782232523,0.0008762979414314032
7,108,0.0009180390043184161,0.0008764856029301882
7,109,0.0009179007611237466,0.0008759189513511956
7,110,0.0009177325991913676,0.0008759988122619689
7,111,0.000917592435143888,0.000875726982485503
7,112,0.0009174692095257342,0.0008757928153499961
7,113,0.0009173243306577206,0.0008754527661949396
7,114,0.0009171876590698957,0.0008751227869652212
7,115,0.0009170589037239552,0.0008752018911764026
7,116,0.0009169660042971373,0.0008752300054766238
7,117,0.000916818855330348,0.0008751754648983479
7,118,0.0009166880627162755,0.0008748669642955065
7,119,0.0009165381779894233,0.000874991761520505
7,120,0.0009164261864498258,0.0008745846571400762
7,121,0.0009163023205474019,0.0008743290090933442
7,122,0.0009161976049654186,0.0008744916995055974
7,123,0.0009160652989521623,0.000874210090842098
7,124,0.0009159505134448409,0.0008738884353078902
7,125,0.0009158274624496698,0.0008739490294829011
7,126,0.0009157404419966042,0.0008737761527299881
7,127,0.0009156214655376971,0.0008737343014217913
7,128,0.0009155118023045361,0.0008733889553695917
7,129,0.0009153875289484859,0.0008732233545742929
7,130,0.0009152895072475076,0.0008734136936254799
7,131,0.0009151577251031995,0.0008730589179322124
7,132,0.0009150567930191755,0.000872973701916635
7,133,0.000914979143999517,0.0008730168920010328
7,134,0.0009148800163529813,0.0008727478561922908
7,135,0.0009147933451458812,0.000872961594723165
7,136,0.000914708012714982,0.0008725681691430509
7,137,0.0009146130178123713,0.00087256747065112
7,138,0.0009145234362222254,0.0008726780652068555
7,139,0.0009144450887106359,0.000872610486112535
7,140,0.0009143840288743377,0.0008724631043151021
7,141,0.0009142890921793878,0.0008722008788026869
7,142,0.00091423379490152,0.0008725716033950448
7,143,0.0009141861228272319,0.0008720982004888356
7,144,0.0009140846668742597,0.0008720807963982224
7,145,0.0009140098700299859,0.0008720556506887078
7,146,0.0009139413014054298,0.0008719817269593477
7,147,0.0009138722671195865,0.0008717807941138744
7,148,0.0009138159221038222,0.0008719755569472909
7,149,0.0009137587621808052,0.000871970085427165
7,150,0.0009136899025179446,0.0008719846373423934
8,1,0.0013781944289803505,0.0013071543071419
8,2,0.0012807955499738455,0.0012110916431993246
8,3,0.0012051633093506098,0.0011359895579516888
8,4,0.0011461048852652311,0.0010771614033728838
8,5,0.0010991614544764161,0.001030592480674386
8,6,0.0010617680381983519,0.0009935747366398573
8,7,0.0010321424342691898,0.0009644951787777245
8,8,0.0010087203700095415,0.0009417094988748431
8,9,0.0009892870439216495,0.0009222531225532293
8,10,0.0009733951883390546,0.0009066136553883553
8,11,0.0009626232786104083,0.0008962941356003284
8,12,0.0009554155403748155,0.0008896117797121406
8,13,0.0009508223738521338,0.0008853626204654574
8,14,0.0009479000000283122,0.0008826422272250056
8,15,0.0009460076107643545,0.0008809379651211202
8,16,0.0009448155760765076,0.0008798889466561377
8,17,0.0009439821005798876,0.0008792722946964204
8,18,0.0009434388484805822,0.000878891150932759
8,19,0.0009430815116502345,0.0008787273545749485
8,20,0.000942810729611665,0.0008784914389252663
8,21,0.0009426354663446546,0.0008782902150414884
8,22,0.0009424941381439567,0.0008783676894381642
8,23,0.000942375510931015,0.0008782611694186926
8,24,0.0009422815637663007,0.0008782683871686459
8,25,0.0009422075236216187,0.000878227292560041
8,26,0.0009421297581866384,0.0008782096556387842
8,27,0.0009420527494512498,0.0008781724609434605
8,28,0.0009419526904821396,0.0008781299693509936
8,29,0.0009418661938980222,0.0008780608186498284
8,30,0.0009417422115802765,0.0008779753115959466
8,31,0.0009416659013368189,0.0008780936477705836
8,32,0.0009414493106305599,0.0008779343916103244
8,33,0.0009410167695023119,0.0008778711780905724
8,34,0.0009399381815455854,0.0008773786830715835
8,35,0.0009387008612975478,0.000876985548529774
8,36,0.000937409873586148,0.0008767674444243312
8,37,0.0009363267454318702,0.0008765836246311665
8,38,0.0009353843051940203,0.0008765945676714182
8,39,0.000934602867346257,0.0008763993973843753
8,40,0.0009339182870462537,0.0008763334481045604
8,41,0.0009333246271125972,0.0008759648771956563
8,42,0.0009327335865236819,0.0008761279750615358
8,43,0.0009322555270045996,0.0008758697076700628
8,44,0.0009317495278082788,0.0008756929892115295
8,45,0.0009312645415775478,0.0008757125469855964
8,46,0.0009308538283221424,0.0008754811715334654
8,47,0.0009304338600486517,0.000875340134371072
8,48,0.0009300679084844887,0.0008754722657613456
8,49,0.0009297325741499662,0.0008751399000175297
8,50,0.0009293452021665871,0.0008752546855248511
8,51,0.0009290132438763976,0.0008753039292059839
8,52,0.0009287020657211542,0.0008750567212700844
8,53,0.0009284281404688954,0.0008751665009185672
8,54,0.0009281274396926165,0.0008750410634092987
8,55,0.000927857356145978,0.00087513163452968
8,56,0.0009276201599277556,0.0008751003770157695
8,57,0.000927386456169188,0.0008752327412366867
8,58,0.0009272457100450993,0.0008751890854910016
8,59,0.0009269524016417563,0.0008751089917495847
8,60,0.0009268154972232878,0.0008751921122893691
8,61,0.0009265685803256929,0.0008750769775360823
8,62,0.0009263589745387435,0.0008750212728045881
8,63,0.0009262955281883478,0.0008749476401135325
8,64,0.0009260153747163713,0.0008748788968659937
8,65,0.0009258829522877932,0.0008749949629418552
8,66,0.0009258062345907092,0.0008750595152378082
8,67,0.0009255570475943387,0.0008749951375648379
8,68,0.0009253842290490866,0.0008748912368901074
8,69,0.0009252994786947966,0.0008748819818720222
8,70,0.0009251703741028905,0.00087451416766271
8,71,0.000925051630474627,0.0008748596301302314
8,72,0.0009248603601008654,0.0008747539250180125
8,73,0.0009247614070773125,0.0008747341344133019
8,74,0.0009246098343282938,0.000874553807079792
8,75,0.000924491323530674,0.0008745024679228663
8,76,0.0009243914391845465,0.0008746609091758728
8,77,0.0009243739768862724,0.0008747935062274337
8,78,0.0009241936495527625,0.0008745524100959301
8,79,0.0009240875951945782,0.0008743174257688224
8,80,0.0009239842183887959,0.0008744493825361133
8,81,0.0009239435312338173,0.0008742817444726825
8,82,0.0009238278726115823,0.0008742308127693832
8,83,0.0009237462072633207,0.0008743000798858702
8,84,0.0009236506884917617,0.0008742977515794337
8,85,0.0009235675097443163,0.0008743440266698599
8,86,0.0009235150646418333,0.0008743589860387146
8,87,0.0009233990567736328,0.0008741625351831317
8,88,0.0009233606979250908,0.0008743499638512731
8,89,0.0009232250740751624,0.0008745398372411728
8,90,0.000923171523027122,0.0008744529914110899
8,91,0.0009230701834894717,0.0008743861108087003
8,92,0.0009230092400684953,0.0008745016530156136
8,93,0.0009229687857441604,0.0008744074730202556
8,94,0.0009228882845491171,0.0008744412916712463
8,95,0.000922815059311688,0.0008743490907363594
8,96,0.0009227633709087968,0.0008742856443859637
8,97,0.0009227413684129715,0.0008744893711991608
8,98,0.0009226579568348825,0.0008743703365325928
8,99,0.0009225899120792747,0.0008744968799874187
8,100,0.0009225397952832282,0.0008743745274841785
8,101,0.0009224945679306984,0.000874475110322237
8,102,0.0009224925888702273,0.0008743254002183676
8,103,0.0009223896777257323,0.0008743690559640527
8,104,0.0009223700035363436,0.0008743052603676915
8,105,0.0009222884546034038,0.0008742999634705484
8,106,0.0009222415974363685,0.0008741752826608717
8,107,0.0009222037042491138,0.0008743980433791876
8,108,0.000922156497836113,0.0008742260979488492
8,109,0.0009221286163665354,0.0008743663784116507
8,110,0.000922059582080692,0.0008743804646655917
8,111,0.0009220300707966089,0.0008742505451664329
8,112,0.0009219824569299817,0.0008743428625166416
8,113,0.0009219244820997119,0.0008741958299651742
8,114,0.0009218704071827233,0.0008741941419430077
8,115,0.0009218170889653265,0.0008741691708564758
8,116,0.00092178990598768,0.000874222198035568
8,117,0.0009217583574354649,0.000874265213496983
8,118,0.0009217264596372843,0.0008743280777707696
8,119,0.0009216920589096844,0.0008742743520997465
8,120,0.0009216365870088339,0.000874263932928443
8,121,0.0009216112084686756,0.0008744733640924096
8,122,0.0009215829195454717,0.000874323130119592
8,123,0.0009215254103764892,0.0008742970530875027
8,124,0.0009216013131663203,0.0008745923987589777
8,125,0.0009214822202920914,0.0008742909412831068
8,126,0.0009214349556714296,0.0008744845981709659
8,127,0.0009213995072059333,0.0008743181242607534
8,128,0.0009213166194967926,0.0008743811631575227
8,129,0.0009213446173816919,0.0008742870413698256
8,130,0.0009212621953338385,0.0008744545048102736
8,131,0.0009212536970153451,0.0008743846556171775
8,132,0.0009211839060299098,0.0008743566577322781
8,133,0.000921132043004036,0.0008744400111027062
8,134,0.0009210796561092138,0.0008744212100282311
8,135,0.0009210587595589459,0.0008742382051423192
8,136,0.0009210675489157438,0.0008742634672671556
8,137,0.0009209765703417361,0.0008741923375055194
8,138,0.0009209233685396612,0.0008743265643715858
8,139,0.0009208726696670055,0.0008743129437789321
8,140,0.0009208522387780249,0.000874390359967947
8,141,0.0009208115516230464,0.0008744776132516563
8,142,0.0009207368129864335,0.0008743680082261562
8,143,0.0009207210969179869,0.0008743118378333747
8,144,0.0009207083494402468,0.000874481163918972
8,145,0.0009206176036968827,0.0008742486243136227
8,146,0.0009205655660480261,0.0008748138789087534
8,147,0.0009205409442074597,0.0008744635852053761
8,148,0.0009204930393025279,0.0008746059611439705
8,149,0.000920459337066859,0.0008744540391489863
8,150,0.0009204432717524469,0.0008746696403250098
9,1,0.001370915793813765,0.001370689831674099
9,2,0.0012735342606902122,0.001272248919121921
9,3,0.0011981036514043808,0.001196890021674335
9,4,0.0011394419707357883,0.0011384256649762392
9,5,0.00109249004162848,0.001091916928999126
9,6,0.0010547875426709652,0.0010546417906880379
9,7,0.001024310477077961,0.0010243572760373354
9,8,0.0009983304189518094,0.0009996251901611686
9,9,0.000977212330326438,0.0009795567020773888
9,10,0.0009626832907088101,0.0009654222521930933
9,11,0.0009531209943816066,0.0009565883665345609
9,12,0.0009468722273595631,0.0009507577633485198
9,13,0.0009429384372197092,0.0009470928926020861
9,14,0.000940326601266861,0.000944909465033561
9,15,0.000938642886467278,0.0009434684179723263
9,16,0.0009373958455398679,0.000942596816457808
9,17,0.0009365074220113456,0.0009419242269359529
9,18,0.0009356922237202525,0.0009415373206138611
9,19,0.0009347724262624979,0.000940999947488308
9,20,0.0009338719537481666,0.0009405750897713006
9,21,0.0009329409222118556,0.0009402370196767151
9,22,0.00093210389604792,0.0009401754359714687
9,23,0.0009314487688243389,0.0009398653055541217
9,24,0.0009307979489676654,0.0009395104134455323
9,25,0.0009301782120019197,0.0009393808431923389
9,26,0.0009295991039834917,0.0009389386978000402
9,27,0.0009290396119467914,0.0009387873578816652
9,28,0.0009285075357183814,0.0009385517332702875
9,29,0.0009280605590902269,0.000938057026360184
9,30,0.0009275135234929621,0.0009379577822983265
9,31,0.0009270712034776807,0.0009374756482429802
9,32,0.0009265822591260076,0.0009374857181683183
9,33,0.0009261412778869271,0.0009370805346406996
9,34,0.0009257231722585857,0.0009368438040837646
9,35,0.0009253360331058502,0.0009366737212985754
9,36,0.0009249592549167573,0.0009365894948132336
9,37,0.0009245899273082614,0.0009363139979541302
9,38,0.0009242321830242872,0.0009361890843138099
9,39,0.0009239300852641463,0.0009359688265249133
9,40,0.0009235950419679284,0.0009357740636914968
9,41,0.0009232618613168597,0.0009355803485959768
9,42,0.0009229608695022762,0.0009354582289233804
9,43,0.0009226686088368297,0.0009353322675451636
9,44,0.0009224102832376957,0.0009350706241093576
9,45,0.0009221758227795362,0.0009347849991172552
9,46,0.0009218938066624105,0.0009346877923235297
9,47,0.0009216094622388482,0.0009346655569970608
9,48,0.000921360740903765,0.0009344320278614759
9,49,0.0009211122523993254,0.0009342452976852655
9,50,0.0009208986302837729,0.0009339823154732585
9,51,0.0009206903632730246,0.0009340873803012073
9,52,0.0009204715606756508,0.0009338816744275391
9,53,0.0009202732471749187,0.0009336606599390507
9,54,0.0009200783679261804,0.0009335989598184824
9,55,0.0009199193445965648,0.0009332560002803802
9,56,0.000919765152502805,0.0009333217749372125
9,57,0.0009195735910907388,0.0009331531473435462
9,58,0.0009193744044750929,0.0009331069886684418
9,59,0.0009192258585244417,0.0009330774191766977
9,60,0.000919086451176554,0.0009327982552349567
9,61,0.0009189691627398133,0.0009328327141702175
9,62,0.000918781734071672,0.0009327793959528208
9,63,0.0009186370298266411,0.0009326631552539766
9,64,0.0009184981463477015,0.0009324746206402779
9,65,0.0009184208465740085,0.0009321872494183481
9,66,0.000918250298127532,0.0009322905680164695
9,67,0.0009180912165902555,0.0009323701960965991
9,68,0.0009179902262985706,0.0009323257254436612
9,69,0.0009178819600492716,0.0009323260746896267
9,70,0.000917755183763802,0.0009321795077994466
9,71,0.0009176688035950065,0.0009322496480308473
9,72,0.0009175965096801519,0.0009318074444308877
9,73,0.0009174714796245098,0.0009320069802924991
9,74,0.0009173996513709426,0.000931907445192337
9,75,0.0009174086153507233,0.0009317270014435053
9,76,0.0009172775316983461,0.0009318453958258033
9,77,0.0009171414421871305,0.0009318546508438885
9,78,0.0009170409757643938,0.0009317247895523906
9,79,0.0009169723489321768,0.0009317484800703824
9,80,0.000916925142519176,0.0009316344512626529
9,81,0.0009168106480501592,0.0009315998759120703
9,82,0.0009167100070044398,0.000931633054278791
9,83,0.0009166307281702757,0.0009316924260929227
9,84,0.0009165529045276344,0.0009316186769865453
9,85,0.0009164690272882581,0.000931525370106101
9,86,0.0009164180373772979,0.000931401620618999
9,87,0.0009163784561678767,0.0009313452756032348
9,88,0.0009163078502751887,0.0009313985938206315
9,89,0.0009162274654954672,0.0009315237984992564
9,90,0.0009161600610241294,0.0009313629707321525
9,91,0.0009161508642137051,0.0009315803181380033
9,92,0.0009160680929198861,0.000931456102989614
9,93,0.0009160131448879838,0.0009312250185757875
9,94,0.0009159438777714968,0.0009313040063716471
9,95,0.0009159013861790299,0.0009311646572314203
9,96,0.0009158453904092312,0.0009312431793659925
9,97,0.0009158001048490405,0.0009311774629168212
9,98,0.0009157502208836377,0.000931230781134218
9,99,0.0009156865417025983,0.0009311321191489697
9,100,0.0009156407322734594,0.0009311935864388943
9,101,0.0009155749576166272,0.0009310540044680238
9,102,0.0009155499283224344,0.0009310870664194226
9,103,0.000915486947633326,0.0009308642474934459
9,104,0.0009154202998615801,0.000930920010432601
9,105,0.0009154293802566826,0.0009310466120950878
9,106,0.0009153775754384696,0.0009309303713962436
9,107,0.0009152839193120599,0.0009308765293098986
9,108,0.0009152197744697332,0.0009307583095505834
9,109,0.0009151608101092279,0.0009310159366577864
9,110,0.0009150898549705744,0.0009307700674980879
9,111,0.0009150390978902578,0.0009306949796155095
9,112,0.000914953590836376,0.0009306142455898225
9,113,0.0009148872341029346,0.0009304921259172261
9,114,0.0009148214012384415,0.0009304425911977887
9,115,0.000914751784875989,0.0009304654668085277
9,116,0.0009147021919488907,0.0009305215207859874
9,117,0.0009146615630015731,0.0009303878759965301
9,118,0.0009146170923486352,0.00093033944722265
9,119,0.0009145586518570781,0.00093044713139534
9,120,0.0009144904324784875,0.0009304790291935205
9,121,0.0009144347859546542,0.0009304194827564061
9,122,0.0009144045761786401,0.0009304963750764728
9,123,0.0009143260540440679,0.0009305019630119205
9,124,0.0009142798371613026,0.0009304573759436607
9,125,0.0009142225608229637,0.0009303884580731392
9,126,0.0009141707560047507,0.0009303686674684286
9,127,0.0009141262853518128,0.0009304552222602069
9,128,0.0009140769252553582,0.000930416805204004
9,129,0.0009140374604612589,0.0009303938131779432
9,130,0.0009139920002780855,0.0009302860125899315
9,131,0.0009139510802924633,0.000930444395635277
9,132,0.0009139025351032615,0.0009303685510531068
9,133,0.0009138556779362261,0.0009304228005930781
9,134,0.000913812022190541,0.00093045923858881
9,135,0.0009137875749729574,0.0009304280974902213
9,136,0.0009137170854955912,0.0009303363622166216
9,137,0.0009136471198871732,0.0009304211707785726
9,138,0.0009136138833127916,0.0009304842678830028
9,139,0.000913574593141675,0.0009304610430262983
9,140,0.0009135300060734153,0.0009304137201979756
9,141,0.0009134987485595047,0.0009303917177021503
9,142,0.0009134687134064734,0.0009305794956162572
9,143,0.0009134174324572086,0.0009305869461968541
9,144,0.0009133656276389956,0.0009305297862738371
9,145,0.0009133147541433573,0.0009305890998803079
9,146,0.0009132727282121778,0.0009304765844717622
9,147,0.0009132247650995851,0.000930472684558481
9,148,0.0009131816332228482,0.0009305449202656746
9,149,0.0009131527040153742,0.0009306165156885982
9,150,0.0009131340775638819,0.0009306541760452092
10,1,0.0013770372606813908,0.0013159248046576977
10,2,0.0012798625975847244,0.0012193412985652685
10,3,0.0012042248854413629,0.0011439940426498652
10,4,0.001145156449638307,0.0010850632097572088
10,5,0.0010982385138049722,0.00103856495115906
10,6,0.0010607691947370768,0.0010014523286372423
10,7,0.0010310921352356672,0.0009720136877149343
10,8,0.0010077743791043758,0.0009488407522439957
10,9,0.0009890589863061905,0.0009307519649155438
10,10,0.0009740492096170783,0.0009155027801170945
10,11,0.000962785561569035,0.000904813758097589
10,12,0.0009553832351230085,0.0008977513643912971
10,13,0.0009505398338660598,0.0008930914336815476
10,14,0.0009474240359850228,0.0008901413530111313
10,15,0.000945407897233963,0.0008882860420271754
10,16,0.0009441085858270526,0.0008871852769516408
10,17,0.0009432556107640266,0.0008865204290486872
10,18,0.0009426834294572473,0.0008860863745212555
10,19,0.0009422905859537423,0.0008856753120198846
10,20,0.0009420279529877007,0.0008855416672304273
10,21,0.0009418432018719614,0.0008854646002873778
10,22,0.0009417136898264289,0.0008853838080540299
10,23,0.0009416133398190141,0.0008853231556713581
10,24,0.000941530684940517,0.0008852935861796141
10,25,0.0009414801606908441,0.0008852877654135227
10,26,0.000941423058975488,0.0008853158797137439
10,27,0.0009413957013748586,0.0008852253085933626
10,28,0.0009413579828105867,0.000885194749571383
10,29,0.000941323465667665,0.0008853111648932099
10,30,0.0009412937797605991,0.0008851792081259191
10,31,0.0009412609506398439,0.0008853243198245764
10,32,0.0009412483777850866,0.0008851874154061079
10,33,0.0009412208455614746,0.0008852544124238193
10,34,0.0009412006475031376,0.0008851722232066095
10,35,0.0009411703795194626,0.0008851690217852592
10,36,0.0009411551873199642,0.0008850921294651926
10,37,0.0009411200881004333,0.0008852349128574133
10,38,0.0009410916827619076,0.0008851963793858886
10,39,0.0009410399943590164,0.0008851861348375678
10,40,0.0009410029160790145,0.0008851999300532043
10,41,0.0009409213671460748,0.0008851883467286825
10,42,0.0009408884216099977,0.000885188695974648
10,43,0.0009408103069290519,0.000885283574461937
10,44,0.0009406460449099541,0.000885148998349905
10,45,0.0009405217715539038,0.0008851872989907861
10,46,0.0009402602445334196,0.0008850340964272618
10,47,0.0009397073299624026,0.0008848645375110209
10,48,0.0009384488803334534,0.0008837286150082946
10,49,0.0009371525957249105,0.0008822349482215941
10,50,0.0009360854746773839,0.0008815851761028171
10,51,0.0009349692263640463,0.0008805074030533433
10,52,0.0009341815602965653,0.0008804389508441091
10,53,0.0009333782945759594,0.0008796007605269551
10,54,0.000932739523705095,0.0008794076857157052
10,55,0.0009321638499386609,0.0008789695566520095
10,56,0.000931591959670186,0.0008786382968537509
10,57,0.0009310712921433151,0.000878442544490099
10,58,0.0009305989951826632,0.0008781793294474483
10,59,0.0009301709360443056,0.0008779110503382981
10,60,0.0009297539945691824,0.0008778040646575391
10,61,0.0009293504990637302,0.00087763462215662
10,62,0.000928996130824089,0.0008773203007876873
10,63,0.0009286316344514489,0.0008771383436396718
10,64,0.0009283251129090786,0.0008770731510594487
10,65,0.0009280273225158453,0.0008769381674937904
10,66,0.0009276783675886691,0.0008769691339693964
10,67,0.0009273910545744002,0.000876704347319901
10,68,0.0009271104936487973,0.0008765915408730507
10,69,0.0009268901194445789,0.0008763756486587226
10,70,0.0009266886627301574,0.0008763383375480771
10,71,0.0009264600230380893,0.0008762856596149504
10,72,0.0009262211970053613,0.0008761706994846463
10,73,0.0009260174119845033,0.0008762795478105545
10,74,0.0009258145000785589,0.0008760926430113614
10,75,0.0009256105404347181,0.0008761811186559498
10,76,0.0009255028562620282,0.0008759593474678695
10,77,0.0009252730524167418,0.0008758041658438742
10,78,0.0009251298615708947,0.0008759492775425315
10,79,0.0009250178700312972,0.0008757815230637789
10,80,0.0009248236892744899,0.0008757823379710317
10,81,0.0009246860863640904,0.0008757531177252531
10,82,0.0009245474357157946,0.0008758415351621807
10,83,0.000924428051803261,0.0008758001495152712
10,84,0.0009243076201528311,0.0008757769246585667
10,85,0.0009242481319233775,0.0008757344912737608
10,86,0.0009241057559847832,0.0008759209304116666
10,87,0.0009239704231731594,0.0008758489275351167
10,88,0.0009238548809662461,0.0008758634212426841
10,89,0.0009238115162588656,0.0008759176125749946
10,90,0.0009237302001565695,0.0008759567281231284
10,91,0.0009236143669113517,0.0008758548647165298
10,92,0.0009235515026375651,0.0008758378098718822
10,93,0.0009234479512088001,0.0008759270422160625
10,94,0.0009233304881490767,0.0008760384516790509
10,95,0.0009232761804014444,0.0008760164491832256
10,96,0.0009232318261638284,0.0008758610347285867
10,97,0.0009231404983438551,0.0008758580079302192
10,98,0.000923065934330225,0.000875930767506361
10,99,0.0009230416617356241,0.0008760527125559747
10,100,0.000922945502679795,0.0008759790798649192
10,101,0.0009228625567629933,0.0008760421769693494
10,102,0.0009227781556546688,0.0008760606870055199
10,103,0.0009227340342476964,0.0008760394994169474
10,104,0.0009226929396390915,0.0008760478813201189
10,105,0.0009226041147485375,0.0008761702920310199
10,106,0.0009225464891642332,0.0008761457866057754
10,107,0.0009224698878824711,0.0008760035270825028
10,108,0.0009224434616044164,0.0008760935161262751
10,109,0.0009224191308021545,0.0008760326309129596
10,110,0.0009223427623510361,0.0008760191267356277
10,111,0.0009223019005730748,0.0008761025965213776
10,112,0.0009222426451742649,0.0008761078352108598
10,113,0.0009222091175615788,0.0008761459612287581
10,114,0.0009221906075254083,0.0008759354241192341
10,115,0.0009221001528203487,0.0008760638884268701
10,116,0.0009220857755281031,0.0008760688360780478
10,117,0.0009220556239597499,0.0008762791403569281
10,118,0.0009219697094522417,0.000876125821378082
10,119,0.0009219505591318011,0.0008761183125898242
10,120,0.0009219500934705138,0.000876239500939846
10,121,0.0009218592895194888,0.0008763943333178759
10,122,0.0009219123749062419,0.0008763407240621746
10,123,0.000921788509003818,0.0008764548692852259
10,124,0.0009218072518706322,0.0008765162201598287
10,125,0.000921723316423595,0.0008763929363340139
10,126,0.0009216876933351159,0.0008763953810557723
10,127,0.000921740778721869,0.0008765124948695302
10,128,0.0009216979960910976,0.0008767080144025385
10,129,0.0009215964819304645,0.000876507954671979
10,130,0.0009215397876687348,0.0008765439270064235
10,131,0.0009215600439347327,0.000876674777828157
10,132,0.0009215123136527836,0.0008766272803768516
10,133,0.0009214816382154822,0.0008766801911406219
10,134,0.0009214378660544753,0.0008765376405790448
10,135,0.0009213919984176755,0.0008766293758526444
10,136,0.0009213784360326827,0.0008767326944507658
10,137,0.0009213814628310502,0.0008768009720370173
10,138,0.0009212960139848292,0.0008767425897531211
10,139,0.0009212492732331157,0.0008768611587584019
10,140,0.0009212076547555625,0.0008769635460339487
10,141,0.0009212336735799909,0.0008768775733187795
10,142,0.0009211727883666754,0.0008768978877924383
10,143,0.0009211245342157781,0.000877040030900389
10,144,0.0009211067808791995,0.0008771648281253874
10,145,0.0009210529970005155,0.0008771969005465508
10,146,0.0009210063726641238,0.0008770804852247238
10,147,0.0009209815762005746,0.0008771559805609286
10,148,0.0009209772106260061,0.0008771514985710382
10,149,0.0009209336712956429,0.000877159764058888
10,150,0.0009208963019773364,0.0008773233275860548
