Fold,Epoch,Train_MSE,Val_MSE,Train_R2,Val_R2,Train_AuxAcc,Val_AuxAcc
1,1,0.019482791423797607,0.0029935985803604126,-28.657113765787194,-2.521229139963786,0.8767698688271605,0.9791775173611111
1,2,0.0012323518749326468,0.0009911730885505676,-0.3813276438065517,-0.030820490254296198,0.983887924382716,0.9755479600694444
1,3,0.0010470845736563206,0.0014209647197276354,-0.12406488877755624,-0.45240568187501695,0.9829276379243828,0.9813747829861111
1,4,0.0009972244733944535,0.0010943945962935686,-0.02791070423008483,-0.08381991386413574,0.9833453896604938,0.9678114149305556
1,5,0.0009482152527198195,0.000729632331058383,0.06954961676656464,0.29613182809617783,0.9803132233796297,0.9807345920138889
1,6,0.0008915506768971682,0.0007727792835794389,0.13024240526152245,0.25174565447701347,0.9787959346064815,0.9792643229166667
1,7,0.0008463413105346262,0.0012523644836619496,0.18286087336363616,-0.2078467395570543,0.9798960744598766,0.9836642795138889
1,8,0.0007917454931885004,0.0010144643019884825,0.2520986587912948,-0.037965439425574406,0.9781798562885803,0.9736490885416667
1,9,0.0007446791278198361,0.0006300425156950951,0.30404266472216007,0.4098270270559523,0.9773515866126543,0.9871365017361111
1,10,0.0007130622398108244,0.0005789590068161488,0.3186831122563209,0.4619954029719035,0.978075569058642,0.9798448350694444
1,11,0.0006609217962250113,0.0005605422193184495,0.37467445532480875,0.48372163110309174,0.9772925106095679,0.9801323784722222
1,12,0.0006575504085049033,0.0005477432860061526,0.3823975521841167,0.5003486937946744,0.9788110050154321,0.977294921875
1,13,0.0005978439003229141,0.0005807814886793494,0.4392798884415332,0.45568867921829226,0.9778911072530864,0.9815972222222222
1,14,0.0005693054408766329,0.0006568917306140065,0.46700462559123096,0.4051508360438877,0.978858627507716,0.9838921440972223
1,15,0.000541726709343493,0.00047744790208525956,0.4924967293386106,0.5684433354271783,0.9790286217206791,0.9821234809027778
1,16,0.0005390623118728399,0.00044303538743406534,0.48938353164696397,0.6088591920004951,0.9789870273919753,0.9835883246527778
1,17,0.000535740633495152,0.0005165842012502253,0.48769593238830566,0.5240598850780063,0.9790213879243828,0.9816026475694445
1,18,0.00048208184307441115,0.00046541853225789964,0.5532849229412314,0.5751690705617268,0.9798556857638889,0.979296875
1,19,0.0004489885759539902,0.0005910033360123634,0.583026913949001,0.4478029489517212,0.9788164303626543,0.982177734375
1,20,0.0004476291360333562,0.00047872954746708274,0.5731906440522936,0.5679418802261352,0.9802758487654321,0.9846788194444445
1,21,0.00042808643775060773,0.0005210084491409361,0.5896101646953159,0.5168039083480835,0.9806080005787037,0.9826822916666667
1,22,0.00038400679477490485,0.00044105894630774856,0.6385277328667818,0.5970779644118415,0.9808256172839506,0.9856662326388889
1,23,0.0004050744173582643,0.0006261756643652916,0.6123577260676726,0.4128862857818604,0.9811469184027778,0.9799587673611111
1,24,0.0003796947421506047,0.0005231958930380642,0.6403983147056015,0.5209014084604051,0.9810860339506173,0.9790744357638889
1,25,0.00036486145108938217,0.0005176037084311247,0.6545182316391557,0.525001033147176,0.9812072000385802,0.9834581163194445
1,26,0.00037866784259676933,0.0005063298158347607,0.6413222037715677,0.5396834837065803,0.9820668161651235,0.98291015625
1,27,0.0003362392308190465,0.00042628240771591663,0.6824716947696827,0.6167563160260519,0.9823923369984567,0.9863823784722222
1,28,0.00032198525150306523,0.00040685711428523064,0.6894231033913883,0.6402582698398166,0.9829975646219136,0.983447265625
1,29,0.0002989980566781014,0.000462965399492532,0.7125759441175579,0.5771948986583286,0.9840910734953704,0.9808865017361111
1,30,0.0002823631512001157,0.0004697083495557308,0.7284815295242969,0.5625110771920946,0.9842749324845679,0.9834418402777778
1,31,0.0002822315145749599,0.00048608449287712574,0.7287720123926799,0.5522132052315606,0.9845871913580246,0.9835774739583333
1,32,0.0003060111775994301,0.0004812663537450135,0.7061710760917193,0.5637429979112413,0.9837179301697531,0.9842447916666667
1,33,0.00028022099286317825,0.0004485991958063096,0.7321241567164292,0.6050276954968771,0.9846764081790124,0.9840711805555555
1,34,0.00026203092420473695,0.0004875767626799643,0.7433533406551973,0.553935166200002,0.9857729311342592,0.98388671875
1,35,0.00024423887953162193,0.000415615679230541,0.758890852810424,0.6389301326539781,0.9864631558641975,0.9860948350694444
1,36,0.0002189317747252062,0.00045912788482382894,0.7879304612124408,0.5929746362898085,0.9874620225694445,0.9861382378472222
1,37,0.00018469232600182295,0.00041114873602055013,0.8200664916156251,0.6404557320806715,0.9887755594135802,0.9887424045138888
1,38,0.0001603998534847051,0.00042576080886647105,0.8413688934879539,0.6278743465741475,0.9900475019290124,0.9899468315972222
1,39,0.00014456419739872217,0.0004148646257817745,0.8562502000066969,0.6369754102494981,0.9910210503472222,0.9898763020833333
1,40,0.00013799182488583028,0.0004172547778580338,0.8613045349533175,0.6378351595666674,0.9913706838348766,0.9906141493055556
1,41,0.00013067940017208457,0.0004144443664699793,0.8693580200642715,0.6393261816766527,0.9919505931712963,0.9911349826388889
1,42,0.00012639975466299802,0.00041894649621099234,0.8720818204644286,0.6331942690743341,0.9923882378472222,0.9909016927083333
1,43,0.00012031864025630057,0.00042403084808029234,0.878868149092168,0.6295063826772902,0.9928680796682099,0.9912109375
1,44,0.00011543425353011116,0.00042561517329886556,0.8822383311059739,0.6274519456757439,0.993312355324074,0.9913736979166666
1,45,0.00010616254439810291,0.0004213511710986495,0.891052085676311,0.6330648303031922,0.9937831548996914,0.9916015625
1,46,9.878398850560188e-05,0.00042782374657690525,0.8994162365242288,0.6277631613943312,0.9942443094135802,0.9920518663194444
1,47,9.613203292246908e-05,0.00042851141188293695,0.9011673956741522,0.627414694097307,0.9946096161265432,0.9923448350694445
1,48,9.261665400117636e-05,0.0004303805762901902,0.9048013887287658,0.6250415007273357,0.9948573736496914,0.9922254774305556
2,1,0.02004813216626644,0.0015243017114698887,-26.52227233412825,-0.6116866787274678,0.8720389660493827,0.9840223524305556
2,2,0.0010573621839284897,0.001597055932506919,-0.13077419304553373,-0.5585061722331577,0.9859983844521605,0.9860460069444444
2,3,0.0010637713130563498,0.000814550556242466,-0.09038786652647418,0.20284989807340834,0.9834352092978395,0.9641438802083333
2,4,0.0009711660677567124,0.0012981696054339409,-0.007067435611913234,-0.26701799233754475,0.9781370563271605,0.9730088975694444
2,5,0.0008861778769642115,0.0008156973053701222,0.1405795019349934,0.2235640287399292,0.9788773148148148,0.9782877604166667
2,6,0.000771569786593318,0.0009616721072234213,0.2630452354749044,0.0639443728658888,0.9785216531635802,0.970361328125
2,7,0.0007260558195412159,0.0005976067623123527,0.3061589366124,0.4772329529126485,0.9778266059027778,0.9728461371527778
2,8,0.0006739528616890311,0.0005422676331363618,0.3635959029197693,0.5445754620763991,0.9782033661265432,0.985400390625
2,9,0.0006621073698624969,0.0006140195764601231,0.373747710534084,0.4798243972990248,0.9790093315972223,0.9815755208333333
2,10,0.0006109928363002837,0.0006389750633388758,0.4231016373928682,0.4225148333443536,0.9782666618441358,0.9767415364583333
2,11,0.0005734291626140475,0.0006150758126750588,0.4599219317789431,0.45561385287178885,0.9786404079861111,0.975244140625
2,12,0.0005530689377337694,0.0006326914299279451,0.47510867957715636,0.4623537023862203,0.978050853587963,0.9759223090277778
2,13,0.000528982374817133,0.0006413067458197474,0.5104812339500144,0.3837535275353326,0.9789388020833333,0.9755642361111111
2,14,0.0005327592371031642,0.0004931199364364147,0.49243343420970587,0.5928806132740445,0.9787489149305556,0.9784939236111111
2,15,0.00047849048860371113,0.0006288873264566064,0.5520243020705234,0.4312946491771274,0.978564453125,0.9759874131944445
2,16,0.00047328631626442075,0.000546663417480886,0.5510991816167479,0.5170709543757969,0.979173297646605,0.9773274739583333
2,17,0.000443970609921962,0.0006019681459292769,0.58175725362919,0.43020159006118774,0.9796844859182099,0.9709743923611112
2,18,0.00042988546192646027,0.0005348455742932856,0.5946808435298778,0.5427420894304912,0.9788652584876543,0.9772135416666666
2,19,0.00041278640856035054,0.0005883242120034993,0.6067200916784781,0.47144812875323827,0.9800166377314815,0.9786349826388889
2,20,0.00039198814192786813,0.0005988602642901242,0.6300254341996746,0.45947566164864434,0.9796175733024691,0.9812065972222223
2,21,0.0004149421874899417,0.0005346732796169817,0.6016264922824907,0.545632979604933,0.980224609375,0.9796006944444444
2,22,0.00038184603909030557,0.0005506060551851988,0.6336767312921123,0.5110201213094924,0.980908805941358,0.9746636284722222
2,23,0.0003164536610711366,0.0005066521698608994,0.6987933173591708,0.5748085088200039,0.9815049913194445,0.9795030381944444
2,24,0.00028363920864649117,0.0005431957542896271,0.7314178892123846,0.5231776899761624,0.98251953125,0.9756076388888889
2,25,0.00026911572786048055,0.0004986294661648571,0.7413310742672579,0.5717640373441908,0.9829553674768519,0.9726019965277778
2,26,0.0002622361353132874,0.0005142310401424766,0.7468764675988091,0.5731624656253391,0.9830988377700617,0.9820855034722222
2,27,0.00023927379515953362,0.00047436569002456963,0.77098591460122,0.6164781000879076,0.983985580632716,0.9792588975694444
2,28,0.0002426505379844457,0.0004824732895940542,0.7622481138617904,0.6164614677429199,0.9842001832561729,0.9798394097222223
2,29,0.00023346884700004011,0.0005058773094788194,0.7709639803862866,0.5831948041915893,0.9844153886959877,0.97919921875
2,30,0.000223478811676614,0.00048435828648507595,0.7850861580283554,0.6154901729689704,0.9850778838734567,0.9818576388888889
2,31,0.00021373044000938535,0.0005146715557202697,0.7923153400421142,0.5882089879777697,0.9859845196759259,0.9825900607638889
2,32,0.00020971230696886778,0.0005052884807810187,0.7970611560491868,0.5915525688065423,0.9864125192901234,0.9813856336805555
2,33,0.00020483304979279637,0.0005496414960362017,0.8019032108930894,0.5336968143781026,0.9868670428240741,0.9818142361111111
2,34,0.00020167379989288747,0.000525294803082943,0.8037909803567109,0.5588877982563443,0.9873830536265432,0.9837565104166667
2,35,0.00018836329400073737,0.0005159001448191702,0.8119239100703487,0.574123231569926,0.9879424672067901,0.9831271701388888
2,36,0.00016822571342345327,0.0004935804754495621,0.8341898492824884,0.6050599349869622,0.9889949845679012,0.9852376302083333
2,37,0.00014597264816984534,0.0004944411921314895,0.8570059820457742,0.6052002734608121,0.9899197048611111,0.9844672309027778
2,38,0.0001372776459902525,0.00048530902131460607,0.8641951546256925,0.6140361309051514,0.9904947916666667,0.9849826388888889
2,39,0.00013127544661983848,0.0004937322810292244,0.8703184909290738,0.6049026409784953,0.9908257378472223,0.987353515625
2,40,0.00012894938117824495,0.0004885867238044739,0.8723338759975668,0.6092687368392944,0.9912639853395062,0.9865125868055555
2,41,0.00012650458666030318,0.0004878958279732615,0.8735604459856763,0.613293300734626,0.9914888358410494,0.9861762152777778
2,42,0.00012019765563309193,0.0004970943555235863,0.8801347548578993,0.6024392657809787,0.9918077256944444,0.9874131944444444
2,43,0.00011826744594145566,0.0005005081184208393,0.8814823467054484,0.5941821959283616,0.9922188464506173,0.9862955729166667
2,44,0.00011097021342720836,0.0005041159456595778,0.8886639180006805,0.5897224969334073,0.9925805362654321,0.9877224392361111
2,45,0.00010524527897359803,0.0004969977308064699,0.8940148441879837,0.6008731245994567,0.9930615837191358,0.9883572048611111
2,46,0.00010152436152566224,0.000494317733682692,0.8980603892126201,0.6022108885977003,0.9932315779320988,0.9882975260416667
2,47,0.0001004036093945615,0.0004934713360853493,0.898615406324834,0.604831333955129,0.9934690875771605,0.9884765625
3,1,0.028281956911087036,0.0007975698681548238,-41.53901606224201,0.1392660591337416,0.9558485243055556,0.9954481336805555
3,2,0.001274513197131455,0.0014025256969034672,-0.31388444355976436,-0.5693669544325934,0.9892867476851852,0.9764431423611111
3,3,0.0011262313928455114,0.0009311583125963807,-0.23650600174326955,0.0049991647402445475,0.9825906635802469,0.985888671875
3,4,0.0010179787641391158,0.0008410466252826154,-0.02836701649206656,0.16760976844363742,0.9820276331018518,0.9948025173611111
3,5,0.000939481018576771,0.000841865548864007,0.07293080709598683,0.17272474765777587,0.9807207272376544,0.972705078125
3,6,0.0008893278427422047,0.0009390607010573149,0.15490532554226158,0.04612876706653171,0.9791154272762346,0.9728135850694445
3,7,0.0008112898794934154,0.0007709040073677897,0.22644523470490066,0.23165003723568386,0.9775022907021605,0.9864583333333333
3,8,0.0007944368408061564,0.0010397254955023527,0.2440222950629246,0.001757310496436225,0.9792305652006172,0.97939453125
3,9,0.0007470303680747747,0.0009708207799121737,0.3037374937975848,0.02021439340379503,0.978757957175926,0.9767415364583333
3,10,0.0006945927161723375,0.0008072053315117955,0.34825875670821577,0.21131286091274684,0.9776933834876543,0.9802897135416667
3,11,0.0006442734156735241,0.0006796140223741531,0.39636243537620264,0.3540532178348965,0.978516830632716,0.9840983072916667
3,12,0.0006237319903448224,0.0006515554850921035,0.4204823791244884,0.3728501651022169,0.9779923804012346,0.983251953125
3,13,0.0005811391747556627,0.0007255650125443935,0.45163518631899796,0.3189208467801412,0.9786253375771605,0.9801866319444444
3,14,0.0005673534469678998,0.000673158559948206,0.4671200743427983,0.3415298554632399,0.9786325713734568,0.9791395399305556
3,15,0.0005378731293603778,0.0007318800780922174,0.5028221780871167,0.29106481605105927,0.9790985484182099,0.9791612413194445
3,16,0.0005257847951725125,0.0005927347810938954,0.5151260252352114,0.4415436002943251,0.978369140625,0.9824544270833333
3,17,0.0004946448607370257,0.0006872381782159209,0.5260345931406374,0.33410263458887735,0.9793927228009259,0.978515625
3,18,0.0004611129406839609,0.0005720063927583396,0.569882129739832,0.4763572189542982,0.9791431568287037,0.9839898003472223
3,19,0.0004257000400684774,0.0007534788455814123,0.6062666732587932,0.2785892261399163,0.979563922646605,0.9817762586805555
3,20,0.00044810620602220297,0.0005795488832518458,0.5759465529594893,0.45670454104741415,0.9801637249228395,0.9791178385416667
3,21,0.00041101331589743495,0.0005473513156175613,0.6113868366053075,0.499115977022383,0.9803704909336419,0.9812391493055556
3,22,0.00039648328674957156,0.0004583424888551235,0.6335158673333533,0.596403177579244,0.9806417582947531,0.9840277777777777
3,23,0.00040198868373408914,0.0005010871100239456,0.6218095037672254,0.5343921767340766,0.980617042824074,0.9818739149305555
3,24,0.00036203020135872066,0.0004835825238842517,0.6600460168756085,0.561383084456126,0.9805507330246913,0.9861382378472222
3,25,0.00035368974204175174,0.0006561842747032642,0.6596089844350461,0.3696977509392632,0.9814585744598765,0.9835503472222222
3,26,0.0003435558173805475,0.0005193717079237103,0.6709887245554983,0.5274839878082276,0.9821114245756173,0.9825575086805556
3,27,0.0003088413504883647,0.0004932768642902374,0.7077509316397302,0.5486421532101101,0.9826973620756173,0.9820963541666666
3,28,0.00030922595760785043,0.0004948150599375367,0.706955087332078,0.5486774524052938,0.9828583140432099,0.9843370225694444
3,29,0.0003054350963793695,0.0005505313747562468,0.7074898871374719,0.4917209585507711,0.9830150462962963,0.978662109375
3,30,0.0003312428016215563,0.0006460414733737707,0.6807434324864988,0.38214641412099204,0.9829770688657408,0.9829427083333333
3,31,0.0002672288683243096,0.0004694542149081826,0.7452730434912223,0.5763300961918301,0.9847041377314815,0.9865831163194444
3,32,0.00020921329269185662,0.0004952338640578091,0.7983505706728241,0.5510554313659668,0.9865385079089506,0.9873806423611111
3,33,0.00019396492280066013,0.0005206014611758292,0.8127504292829537,0.5229572667015924,0.9875361689814814,0.9876790364583333
3,34,0.00017883742111735046,0.000498976674862206,0.8275590269653885,0.5467995206514994,0.9881058304398148,0.9883192274305556
3,35,0.00017083596321754158,0.0004851192352361977,0.8334788697737234,0.5655301557646857,0.9887243200231481,0.9880859375
3,36,0.00016227702144533396,0.0005047164158895612,0.8408375046871327,0.5441006024678549,0.9893078462577161,0.9889756944444444
3,37,0.0001614806242287159,0.000488597434014082,0.841326967139303,0.5619507193565368,0.9896080488040123,0.9883572048611111
3,38,0.0001550910819787532,0.00048406413407064974,0.8474977787630058,0.5624731964535183,0.9901059751157407,0.9898600260416667
3,39,0.00013333818060345948,0.0004881179775111377,0.867575999248175,0.5643085850609674,0.990992717978395,0.990576171875
3,40,0.00012178876204416156,0.000496096326969564,0.8780907935566372,0.5547954930199517,0.9917384018132716,0.9906032986111111
3,41,0.0001150111565948464,0.0004955175099894404,0.8842496583491196,0.5582083053059048,0.9921513310185185,0.9911729600694444
3,42,0.00011298491153866053,0.0005034915520809591,0.8862997327321841,0.5464099168777465,0.9925395447530864,0.9912109375
4,1,0.020580237731337547,0.0015836321981623769,-29.025404274022137,-0.7517814305093553,0.8764051649305555,0.9794487847222222
4,2,0.001142218941822648,0.001100789988413453,-0.25967741027290436,-0.12537881003485785,0.9810329861111111,0.9917860243055555
4,3,0.001062622293829918,0.0007545902626588941,-0.10673961462797942,0.27661341693666247,0.9821813512731481,0.9745496961805555
4,4,0.0009616841562092304,0.0007130296435207129,0.029731389033941576,0.34051993952857124,0.9792558834876544,0.9865017361111111
4,5,0.0009205902460962534,0.0006919798324815929,0.09700894164450374,0.37163779735565183,0.978761574074074,0.9778917100694444
4,6,0.0008606480550952256,0.0009128699311986566,0.1867720080010685,0.12346212466557821,0.9792920524691358,0.9657335069444445
4,7,0.0008561671711504459,0.0006928300717845559,0.18002909981174234,0.40929152833090887,0.977662037037037,0.9815375434027778
4,8,0.0007814720738679171,0.0007494861492887139,0.2684247418686196,0.30614308648639255,0.9783263406635803,0.9712619357638889
4,9,0.0007562070968560874,0.0005363203817978501,0.2932327510398111,0.5413830942577786,0.9771297501929013,0.9796169704861111
4,10,0.0006573012797161937,0.0007127721328288317,0.38058560998351487,0.35152722597122193,0.9777120707947531,0.9748372395833333
4,11,0.0006339232204481959,0.0005588956992141902,0.41323943344163305,0.5132652666833666,0.9774142795138889,0.9782823350694444
4,12,0.0005972658982500434,0.0005540909478440881,0.4445459283428428,0.514281627866957,0.9777458285108025,0.9722113715277778
4,13,0.0005737406900152564,0.0006331453914754093,0.4618823010244487,0.4338856683837043,0.9778434847608025,0.9788791232638889
4,14,0.0005361565854400396,0.0005059252725914121,0.4974619382693444,0.5676900956365797,0.978246166087963,0.9844618055555555
4,15,0.0005030845641158521,0.0008130577625706792,0.5315782608809294,0.24546665880415175,0.9788532021604939,0.9834635416666667
4,16,0.000499348621815443,0.0005346625111997128,0.5422783828076021,0.5067261788580153,0.9797055844907407,0.9764973958333333
4,17,0.0004676594980992377,0.0004992642207071185,0.5612521493876422,0.5724335312843323,0.9785463686342593,0.9814073350694444
4,18,0.0004330467199906707,0.0005384421674534678,0.5968045917558081,0.5109921813011169,0.9799949363425926,0.9795138888888889
4,19,0.00042441225377842784,0.0005029623280279338,0.6088369484300966,0.5659301744567024,0.9795482494212963,0.9831705729166667
4,20,0.0004262638103682548,0.0004980859812349081,0.6038982694531665,0.5663748410012986,0.9795874324845679,0.9771430121527778
4,21,0.00041236908873543143,0.0005112233920954168,0.6010568309713293,0.5586501161257426,0.9798201195987655,0.9794162326388889
4,22,0.00038602095446549356,0.0005099507980048656,0.6413410551754045,0.54254635837343,0.9806447723765432,0.9814344618055556
4,23,0.0003575962036848068,0.0006937459111213684,0.6599839562251244,0.3324861897362603,0.9809980227623457,0.9736382378472223
4,24,0.00036906605237163603,0.0005357125774025917,0.6512604051166111,0.5028755082024469,0.9807159047067902,0.982763671875
4,25,0.00034916706499643624,0.0005040895193815231,0.6668455540398021,0.5591348661316766,0.9812548225308642,0.9814398871527777
4,26,0.0003155537124257535,0.0005827317363582551,0.7021302794232781,0.4746383521291945,0.9820975597993827,0.9805230034722222
4,27,0.0003176516038365662,0.000504948606248945,0.700543623794744,0.5463780906465319,0.9819769965277778,0.9810926649305556
4,28,0.00030204266658984125,0.0005165024194866419,0.7160404449627723,0.5331732643975152,0.9826443142361111,0.98173828125
4,29,0.0002562192967161536,0.00047305121552199125,0.7572011679778864,0.5823278453614976,0.9842972366898148,0.9850368923611111
4,30,0.00022983149392530322,0.0004808665544260293,0.7781678586830327,0.5766146421432495,0.984840977044753,0.9848958333333333
4,31,0.00020061054965481162,0.0004517877532634884,0.8073497492590068,0.613933801651001,0.985765094521605,0.9854329427083334
4,32,0.00019256299128755927,0.00047160120448097587,0.8142001886426666,0.5846888860066731,0.9862618152006173,0.9862521701388889
4,33,0.00018090038793161511,0.0004646119487006217,0.8249742138532945,0.5890986204147339,0.9869797694830247,0.9854709201388889
4,34,0.00017323094652965665,0.00046772960922680795,0.8320143870365473,0.5877632088131375,0.9874963831018518,0.9869411892361111
4,35,0.00016615662025287747,0.00046734753414057195,0.8379474760573588,0.5939487629466587,0.9881769627700617,0.986865234375
4,36,0.00016329504433088005,0.0005006231367588043,0.839430597976402,0.5518170449468824,0.9884385850694445,0.9868706597222222
4,37,0.00016680674161762,0.00048209732631221414,0.8371206979692718,0.5768941243489584,0.9886543933256173,0.9877495659722222
4,38,0.00016120377404149622,0.0004928510170429945,0.8426259647181005,0.5603163401285808,0.9889859423225309,0.986669921875
4,39,0.0001620447146706283,0.0004651814524549991,0.8400805062717862,0.600206791030036,0.9888967255015432,0.9885091145833333
4,40,0.0001425293303327635,0.0004540176596492529,0.8588766173080161,0.6079382048712836,0.989989631558642,0.989453125
4,41,0.0001257519470527768,0.00046103738714009523,0.8744483675485776,0.5972841090626186,0.9907968026620371,0.9897677951388889
4,42,0.000115743197966367,0.00046123721404001117,0.8840917922832348,0.6011546691258748,0.9913001543209876,0.9901963975694444
4,43,0.00011078351963078603,0.00046441046288236976,0.8891741701114325,0.5983882718616061,0.9917842158564815,0.9899142795138889
4,44,0.00010726557957241312,0.000459828763268888,0.8921038149315634,0.6058200319608052,0.9919680748456791,0.9907877604166667
4,45,0.00010749362263595685,0.00046667145215906203,0.8917449162330157,0.5961205071873135,0.992235725308642,0.990673828125
4,46,0.00010248512262478471,0.00046304872375912964,0.8968043091856404,0.6002272288004558,0.9925660686728395,0.9912923177083334
4,47,0.00010230366024188697,0.0004631992778740823,0.8970614631970724,0.6049475722842746,0.9927800684799383,0.9908637152777777
4,48,9.547879744786769e-05,0.0004705092287622392,0.9030001862549487,0.5939128994941711,0.9931465808256172,0.9913302951388889
4,49,9.2742768174503e-05,0.0004651921335607767,0.9057808931962943,0.6004288739628262,0.9934130256558642,0.9913628472222222
4,50,9.077652066480368e-05,0.00047203426947817206,0.9075315362141456,0.5927561985121833,0.9935595100308642,0.9913519965277777
4,51,8.869566954672337e-05,0.0004730059881694615,0.9099689212846167,0.590084331565433,0.9936921296296296,0.9915473090277778
5,1,0.021656213328242302,0.0009105871431529522,-31.654919192673248,0.029249616463979087,0.8818588445216049,0.9929307725694444
5,2,0.0011508006136864424,0.0008199731237255037,-0.22438432743519912,0.08206638892491659,0.9839234905478395,0.9787326388888888
5,3,0.0010407711379230022,0.0009351045591756701,-0.05591842789708832,-0.03281050655576918,0.9823814863040123,0.9739854600694444
5,4,0.0009581255144439638,0.0010505151003599167,0.08768792122970392,-0.10749949349297418,0.9806899836033951,0.9780110677083333
5,5,0.0009182130452245474,0.0011066282168030739,0.14267215346112663,-0.2852843602498372,0.9807309751157407,0.9506564670138888
5,6,0.0009012682712636888,0.0011437502689659595,0.14461029767990113,-0.15870962142944336,0.9786410108024691,0.9827853732638889
5,7,0.0007939960341900587,0.0007931727450340986,0.2632292144092513,0.16695493857065838,0.9793619791666667,0.9793674045138889
5,8,0.0007338791037909687,0.0010965040419250727,0.3202945685681002,-0.18736956781811184,0.978541546103395,0.980517578125
5,9,0.0006880839355289936,0.0005911345942877233,0.3570108569698569,0.38098532093895804,0.978443889853395,0.9818956163194444
5,10,0.0006341976695694029,0.0005597739364020526,0.40658712843318046,0.43103208939234416,0.9789279513888889,0.9652289496527777
5,11,0.0006407401524484158,0.0005922257550992072,0.3951705738350197,0.4009939538107978,0.9777868200231481,0.9764973958333333
5,12,0.0005820264341309667,0.0005875896895304322,0.4674645220791852,0.3832106245888604,0.9787278163580246,0.9723036024305556
5,13,0.0005496001685969532,0.0005490508046932518,0.49293695791268055,0.4259659965833028,0.9788453655478395,0.9762858072916667
5,14,0.000545203685760498,0.0007051050197333097,0.49255389593265675,0.23332056866751777,0.9790635850694445,0.97548828125
5,15,0.0005185697809793055,0.0006279842928051949,0.5069258639841904,0.3448480592833625,0.978612678433642,0.9750162760416666
5,16,0.0004676466924138367,0.0004863948270212859,0.56511044929057,0.5120176129870945,0.9798864293981482,0.9757975260416667
5,17,0.00043990457197651267,0.0005100741982460022,0.5966383716206491,0.4672767268286811,0.9797158323688272,0.9757432725694445
5,18,0.0004024961672257632,0.0005036989459767938,0.6236878835124734,0.49518646001815797,0.9802818769290124,0.9799045138888889
5,19,0.0003955476568080485,0.0005012159235775471,0.634493214407085,0.4721832169426812,0.9803795331790124,0.9748752170138889
5,20,0.0003998827887699008,0.0005561516736634076,0.6199456986085868,0.4077563762664795,0.9805019048996914,0.9765842013888889
5,21,0.0003731337783392519,0.0004465222009457648,0.6474189406559792,0.5744038979212444,0.9808201919367284,0.9829155815972223
5,22,0.0003539390454534441,0.0004447365936357528,0.6669167196309125,0.5559040559662713,0.9816629292052469,0.9813368055555556
5,23,0.00035257358103990555,0.00046001398004591465,0.668090738043373,0.536979693836636,0.9815749180169753,0.9805555555555555
5,24,0.00032845960231497884,0.0006303780246526003,0.6890790787743933,0.3209418641196357,0.9821988329475309,0.9786458333333333
5,25,0.0003433259262237698,0.0005311613203957677,0.6715494069052331,0.4501246412595113,0.9821909963348765,0.9801649305555555
5,26,0.0003186425019521266,0.00048087851610034704,0.6976343630272666,0.4967655857404073,0.9826985677083333,0.9814127604166667
5,27,0.00029506138525903225,0.00046451110392808914,0.721624145242903,0.5378216637505425,0.9833568431712963,0.9809678819444444
5,28,0.0002696199808269739,0.0005628340877592564,0.7437139848132193,0.42400881581836275,0.9841664255401235,0.9824001736111111
5,29,0.0002908976748585701,0.0004958435310982168,0.7225552489728103,0.4832464708222283,0.9841839072145062,0.9787489149305556
5,30,0.000301878375466913,0.00053839897736907,0.7089500374264187,0.4488232202000088,0.9834575135030864,0.9815646701388889
5,31,0.0002452997723594308,0.0004337469581514597,0.7623498063028594,0.575643679830763,0.9856855227623457,0.9834906684027778
5,32,0.00019651587354019284,0.0004683903534896672,0.8106274623929718,0.5331557114919027,0.9873366367669754,0.9829427083333333
5,33,0.0001772960094967857,0.00044426583917811513,0.8278535960633078,0.5667695323626201,0.9881184895833334,0.9847981770833333
5,34,0.00016280727868434042,0.00041870970744639635,0.8419505341553394,0.6008594089084202,0.9890172887731481,0.9868923611111111
5,35,0.00015062763122841716,0.00044407081441022456,0.853371411341208,0.5664813809924656,0.9897690007716049,0.9861707899305555
5,36,0.00014742754865437746,0.0004551101883407682,0.8546660321730154,0.5434849739074707,0.9902018229166667,0.9867621527777778
5,37,0.00014663492038380355,0.0004322863824199885,0.857561124106984,0.5797849694887797,0.9905351803626543,0.9869845920138889
5,38,0.00013930274872109294,0.00042942946311086416,0.8637038242669753,0.5931474116113451,0.9913236641589506,0.9873589409722222
5,39,0.0001323714095633477,0.0004144021077081561,0.8696043876954067,0.6068059537145827,0.9916865596064814,0.9885145399305556
5,40,0.00012721915845759213,0.0004160866083111614,0.8746711623521499,0.6128098726272583,0.9922194492669754,0.988623046875
5,41,0.00012830272316932678,0.0004118355573154986,0.8732637997026796,0.6111980372005039,0.9923719618055555,0.9887315538194444
5,42,0.00013234521611593664,0.0004542061942629516,0.866206016511093,0.5557476904657151,0.9925925925925926,0.9885579427083333
5,43,0.00012663798406720161,0.00043396829278208315,0.8752131108884458,0.5747779568036397,0.9927553530092592,0.9901909722222222
5,44,0.00013786541239824146,0.0004120029625482857,0.8640904428046426,0.6199186947610643,0.9922550154320988,0.9884440104166666
5,45,0.00013529353600461036,0.00041891547152772546,0.8681924318089898,0.600509684615665,0.9925124180169753,0.9894856770833333
5,46,0.00012413272634148598,0.0004207465099170804,0.8772472505216246,0.6098633554246691,0.9931073977623457,0.98916015625
5,47,0.00011847528367070481,0.00041092984611168504,0.8812102676909647,0.6175337539778816,0.9935456452546296,0.9894097222222222
5,48,0.00011355149035807699,0.00040422810707241297,0.8865949770550668,0.6244865748617384,0.9938036506558642,0.9901150173611111
5,49,0.00010874140571104363,0.00039600138552486897,0.8907542060922693,0.6417834175957574,0.9941990981867284,0.9910536024305555
5,50,0.00010935053433058783,0.0004349244409240782,0.8893860206191923,0.5938836283153958,0.9943154417438271,0.9892632378472223
5,51,0.00011269477545283735,0.00043117799214087427,0.8859763589906103,0.6002429087956747,0.994382957175926,0.9888834635416667
5,52,0.00011079516116296872,0.0004363873740658164,0.8874922581660895,0.5752938628196717,0.9941159095293209,0.9892523871527777
5,53,0.00012134308781241998,0.0004710076027549803,0.8787907432626795,0.5326200445493062,0.9938169126157408,0.9886555989583333
5,54,0.00012229563435539603,0.0004330822266638279,0.8761677534491927,0.5882984360059103,0.9940700954861111,0.9888617621527778
5,55,0.00011585490574361756,0.0004155361093580723,0.8823792163236641,0.6214583688312106,0.9943172501929012,0.9898057725694445
5,56,0.00010978431237163022,0.00041775775025598705,0.8904795053564472,0.60795679224862,0.9945517457561729,0.9913465711805556
5,57,0.00010934080637525767,0.00041102099930867553,0.8897093700773921,0.6192519227663676,0.9947145061728395,0.9905653211805555
5,58,9.294998744735494e-05,0.00042306073009967804,0.9063012994365928,0.6044627745946248,0.9956488715277778,0.9912923177083334
5,59,8.087535388767719e-05,0.0004141535027883947,0.9184231842005695,0.614146007431878,0.9963951581790124,0.9921495225694444
5,60,7.367687067016959e-05,0.0004150239983573556,0.9252754660300266,0.6150276607937283,0.9969244309413581,0.9922471788194445
5,61,6.981251499382779e-05,0.00041340748430229723,0.928968862986859,0.6171414812405904,0.9972029320987654,0.9925835503472222
5,62,6.725877756252885e-05,0.00040546071249991655,0.9315847835423033,0.6277673867013719,0.9974018614969136,0.9928982204861111
5,63,6.474901601905003e-05,0.00041671982035040855,0.9340977402380956,0.6126725633939107,0.9975881317515433,0.9928439670138889
5,64,6.35146425338462e-05,0.00041277610580436885,0.9351942119774995,0.619380897945828,0.997753303433642,0.99287109375
5,65,6.153582944534719e-05,0.00041301027522422373,0.9371237198511759,0.6189103431171841,0.9978322723765433,0.9929361979166667
5,66,5.9886686358368024e-05,0.00041285011684522033,0.9386420881306684,0.6173327737384372,0.9980390383873456,0.9930935329861111
5,67,5.849987792316824e-05,0.00041512123425491154,0.9402144565994357,0.6166749358177185,0.9980812355324075,0.993115234375
5,68,5.7447214203421026e-05,0.0004160456592217088,0.9411583143987773,0.61551487048467,0.9981782889660494,0.9930284288194444
5,69,5.6851135013857856e-05,0.00041185732698068023,0.9419783265502365,0.6208885934617784,0.9981885368441358,0.9931911892361112
6,1,0.010630512610077858,0.0020381961949169636,-16.12417347887416,-1.1153366883595786,0.9157341097608025,0.9591091579861111
6,2,0.0011134513188153505,0.0012692947639152408,-0.1979942872200483,-0.1907047430674235,0.9823254243827161,0.9712076822916667
6,3,0.0010032692225649953,0.001317070797085762,-0.05386666044776822,-0.3066919975810581,0.984643253279321,0.9722276475694445
6,4,0.0009764310671016574,0.0007841467158868909,0.01947253456822148,0.33471485243903265,0.981713565779321,0.9800564236111111
6,5,0.0009553678100928664,0.0008544608135707676,0.04317832831983213,0.2692623178164164,0.9798647280092593,0.9781955295138889
6,6,0.000811724690720439,0.0013026846572756767,0.21704381998674369,-0.17789606783125136,0.9795060522762346,0.9720431857638889
6,7,0.0007782256579957902,0.0009594429866410792,0.24491931567957373,0.16403089761734008,0.9788013599537037,0.9671115451388889
6,8,0.0007239577826112509,0.000956502859480679,0.3035979786036927,0.17892518043518066,0.9780828028549383,0.9778157552083333
6,9,0.0006562586640939116,0.0009218962513841689,0.3649484485755732,0.19213368362850614,0.9789611062885802,0.9787489149305556
6,10,0.0006162287900224328,0.0007027135579846799,0.41487693786621094,0.39842889706293744,0.9792022328317901,0.9711697048611111
6,11,0.0005715242587029934,0.000626470718998462,0.4649336754539867,0.4972877224286397,0.9783793885030864,0.9800130208333333
6,12,0.0005486570298671722,0.0007215602672658861,0.4822108577798914,0.4136575063069661,0.979417438271605,0.9783908420138889
6,13,0.0005304572405293584,0.0008811570587567985,0.4936091464242817,0.2261449204550849,0.9790322386188272,0.9710557725694444
6,14,0.0005081504350528121,0.0006272095488384366,0.5190361140686789,0.5046390679147509,0.9789984809027777,0.9764105902777778
6,15,0.00046961900079622865,0.0005507863825187087,0.5568710889345334,0.5599744902716742,0.979395134066358,0.9804307725694444
6,16,0.00044911191798746586,0.0005866322317160666,0.5716629322664237,0.5431360761324565,0.9799111448688271,0.9809353298611111
6,17,0.00046555837616324425,0.0007154436316341162,0.5575134583461432,0.402414788140191,0.9794584297839506,0.9780327690972223
6,18,0.00042937445687130094,0.0007464633672498167,0.5852706220414904,0.3894093486997816,0.9799352575231481,0.9754448784722223
6,19,0.0004269944620318711,0.0005379529902711511,0.5823321357185458,0.5809636738565233,0.9803759162808642,0.9757595486111111
6,20,0.00038228370249271393,0.0005173753015697002,0.6339652314598178,0.6059194286664327,0.9805820794753086,0.9808702256944445
6,21,0.0003529108944348991,0.0007623424753546715,0.6636498424741957,0.37391015423668755,0.9812608506944445,0.9777994791666667
6,22,0.0003380092093721032,0.0006508234073407948,0.6745536967560097,0.4817132181591458,0.9814109519675925,0.979638671875
6,23,0.000327894784277305,0.0007396842120215297,0.6836153546969096,0.40853310426076256,0.9822193287037037,0.9778700086805555
6,24,0.00034166249679401517,0.00067954882979393,0.6686406554999175,0.44076334370507136,0.9816725742669753,0.9837944878472222
6,25,0.00033088092459365726,0.0005248996894806623,0.6707336668614988,0.6069317354096306,0.9827401620370371,0.9842393663194444
6,26,0.000303641747450456,0.0005479353712871671,0.7006592063256252,0.5757427321539985,0.9829529562114198,0.9829806857638889
6,27,0.00027776771457865834,0.0006287144497036934,0.7247729018882468,0.5093517541885376,0.9840024594907407,0.9787814670138889
6,28,0.00027586385840550065,0.0005562907899729908,0.7281478747909451,0.5828655203183492,0.9836962287808642,0.9832248263888889
6,29,0.00023622714797966182,0.0005819142097607255,0.7691716722500177,0.5535287221272787,0.9857452015817901,0.9815700954861111
6,30,0.00020884994592051953,0.0005066493758931756,0.7894846576231497,0.621249626742469,0.9862618152006173,0.9873914930555555
6,31,0.00018645140517037362,0.0005159380380064249,0.8138874227617994,0.6224094178941515,0.9877344955632716,0.9860731336805556
6,32,0.00017150047642644495,0.0005380178336054087,0.8279259831817062,0.5912002457512749,0.9885332272376544,0.9885308159722223
6,33,0.0001601069379830733,0.0005252166884019971,0.8384126318825615,0.6068378474977282,0.9893446180555555,0.9877061631944445
6,34,0.00015022032312117517,0.0005227734800428152,0.8475505636062151,0.6121161434385511,0.9901391300154321,0.9886338975694444
6,35,0.0001441523345420137,0.0005545899039134383,0.8541258660363562,0.5729589038425021,0.9906846788194444,0.9893500434027778
6,36,0.00014037927030585706,0.0005534444935619831,0.8557903417834529,0.5811302555931939,0.9912459008487654,0.9876898871527777
6,37,0.00013527464761864394,0.0005374470492824912,0.8597992527632066,0.5926495644781324,0.9915738329475309,0.9884602864583333
6,38,0.00013387092621997,0.0005293366266414523,0.8629314216566675,0.6013324088520474,0.9919138213734567,0.9902180989583333
6,39,0.00011864695989061147,0.0005229474045336246,0.8785363816920622,0.612421554989285,0.9927999614197531,0.9903754340277777
6,40,0.00010775043483590707,0.0005245778593234718,0.8878752595112648,0.6104898055394491,0.9934516059027778,0.9906195746527777
6,41,0.0001015025918604806,0.000525838288012892,0.8948100665469229,0.611872308784061,0.9938753858024691,0.9911404079861111
6,42,9.645509999245405e-05,0.0005301051423884928,0.8993916240739234,0.6047865457004971,0.9942732445987654,0.9910481770833334
6,43,9.561719343764707e-05,0.0005230222013778985,0.8999102992775999,0.6118294464217292,0.9944233458719136,0.9916829427083333
6,44,9.182585927192122e-05,0.0005309724365361035,0.9042894581217825,0.6056850817468431,0.9948465229552469,0.9917534722222222
6,45,8.921108383219689e-05,0.0005337494658306241,0.9068255320007419,0.6008411486943562,0.9951141734182098,0.9919108072916667
6,46,8.656158752273768e-05,0.0005303643411025405,0.9090069610395549,0.6057009564505683,0.9954029224537037,0.9921169704861111
6,47,8.273270941572264e-05,0.0005385694676078856,0.9134676884721826,0.5975130001703898,0.9955916039737654,0.9922092013888889
6,48,8.01476271590218e-05,0.0005330063868314028,0.91624574219739,0.6043496423297459,0.9958622685185186,0.9920735677083333
6,49,7.818749872967601e-05,0.000539738975930959,0.9183180948834361,0.5974107755555047,0.9960129726080247,0.9921820746527777
6,50,7.726892363280058e-05,0.0005372964078560472,0.9190141333474053,0.599738249513838,0.9961492091049383,0.992333984375
7,1,0.016017857939004898,0.0010974339675158262,-24.1568110741215,-0.19195364051394992,0.954468074845679,0.9908962673611111
7,2,0.0011803738307207823,0.0008262497140094638,-0.24597083904125072,0.11322426795959473,0.9849579234182099,0.9946017795138888
7,3,0.001029393868520856,0.0007391637773253024,-0.08155584747408644,0.25428272750642567,0.9836691020447531,0.9849772135416667
7,4,0.0009800954721868038,0.0006717341602779925,0.05272623300552368,0.3298062443733215,0.9816514756944444,0.9870062934027778
7,5,0.0008927492890506983,0.0008862807881087065,0.1507564225314576,0.06495642397138808,0.9794994212962963,0.9785481770833333
7,6,0.0008530164486728609,0.000830121454782784,0.1805156534100756,0.15293447309070163,0.9799298321759259,0.9825141059027778
7,7,0.0008091197814792395,0.0009579547331668437,0.2319588624400857,0.03675128353966607,0.9793029031635803,0.9794487847222222
7,8,0.0007516995538026094,0.000862085958942771,0.2916276474057892,0.1411443339453803,0.9776216483410494,0.9762858072916667
7,9,0.0006981077021919191,0.0008090943447314203,0.34769923333768493,0.20446153614256118,0.9790165653935186,0.9840006510416667
7,10,0.0006478427676483989,0.000606046465691179,0.40182215681782474,0.40245265563329063,0.978980396412037,0.9781412760416667
7,11,0.0006205374374985695,0.0007998989894986153,0.42116101332652717,0.18660043742921617,0.9785132137345679,0.9777615017361111
7,12,0.0005976561224088073,0.0008273646817542613,0.4464699469966653,0.17744562096065944,0.9785439573688272,0.9791232638888889
7,13,0.0005468876333907247,0.0008704285719431937,0.4972221209679121,0.13527579175101387,0.9784547405478395,0.981884765625
7,14,0.000534821068868041,0.0005781734944321215,0.5002325870372631,0.44599635203679405,0.979053337191358,0.9803276909722223
7,15,0.0004958157078363001,0.000697241397574544,0.5370767687573845,0.3260751525561015,0.979321590470679,0.979052734375
7,16,0.0004789147642441094,0.0004818240995518863,0.5555289961673595,0.5492377440134685,0.9796205873842593,0.9832302517361111
7,17,0.00047577195800840855,0.0005385420517995954,0.5557178934415181,0.49446443451775446,0.9797815393518519,0.9817762586805555
7,18,0.00045083771692588925,0.0006009579519741237,0.5822849344324182,0.41387331750657824,0.979955150462963,0.983349609375
7,19,0.00042147416388615966,0.000680238357745111,0.6072822085133305,0.3040793432129754,0.9802559558256173,0.9814507378472223
7,20,0.00039097806438803673,0.0005496132653206587,0.6328103293607265,0.4669705033302307,0.9805145640432099,0.9816677517361111
7,21,0.0003710680175572634,0.0005424098344519734,0.6531799323764849,0.46211924420462713,0.9809401523919753,0.9776529947916667
7,22,0.0003617334587033838,0.0005241414764896035,0.6586440900225699,0.4898317469490899,0.9807906539351852,0.9804470486111111
7,23,0.00034650240559130907,0.0005395494517870247,0.6723563238426491,0.49371298021740384,0.981372371720679,0.981103515625
7,24,0.0003434541285969317,0.0004761650925502181,0.6733021527160833,0.553971352842119,0.9816502700617284,0.9802517361111112
7,25,0.0003297282091807574,0.000525933166500181,0.687363283722489,0.5079491999414232,0.9821403597608025,0.9814127604166667
7,26,0.0003171282587572932,0.000571437762118876,0.6946043444268497,0.4519548389646742,0.9823218074845679,0.9827907986111111
7,27,0.00033289077691733837,0.0005412335740402341,0.6827857457561257,0.47036432292726305,0.9824043933256172,0.9821397569444444
7,28,0.0003030069638043642,0.0006332419579848647,0.7119889797987762,0.3856259319517348,0.9835376880787037,0.9830186631944444
7,29,0.0003030736406799406,0.0005589270731434226,0.7103322102699751,0.430469360616472,0.9834309895833333,0.98291015625
7,30,0.00030274171149358153,0.0005312776193022728,0.7113268362151252,0.49103167321946883,0.9836594569830247,0.9829861111111111
7,31,0.00027916464023292065,0.0005577426636591554,0.7289964447786779,0.4635303086704678,0.9844895351080247,0.9845920138888888
7,32,0.00026059430092573166,0.00047171031474135816,0.7471070251347106,0.5569841835233901,0.9851339457947531,0.9862033420138889
7,33,0.00024578956072218716,0.00045978568959981203,0.7624912937482198,0.5621452609697978,0.9859935619212963,0.985498046875
7,34,0.0002507238823454827,0.0005552063230425119,0.7581711474760079,0.43777553505367706,0.9866162712191358,0.9844997829861111
7,35,0.00024828361347317696,0.0005033849738538265,0.7561419363375064,0.5091645068592495,0.986499324845679,0.984716796875
7,36,0.0002253898128401488,0.0005375131731852889,0.7756045073638728,0.4753603378931681,0.9873577353395062,0.9867404513888889
7,37,0.00020984699949622154,0.00048596839769743383,0.7993512038831357,0.5284183316760593,0.9876844618055556,0.9876139322916667
7,38,0.00020256268908269703,0.0005005225539207458,0.7996091920652507,0.5176942745844523,0.9884807822145062,0.9863986545138889
7,39,0.00019107382104266435,0.0004705797473434359,0.8094562662972344,0.5500048531426324,0.9890799816743827,0.9870334201388888
7,40,0.00018630901467986405,0.00048113931552506983,0.8101723670959473,0.5366473224427964,0.9894073109567901,0.9880750868055556
7,41,0.00019763813179451972,0.0005314445588737726,0.8014827244075728,0.49011068609025743,0.9891167534722223,0.9872721354166667
7,42,0.00017539407417643815,0.00047841574996709824,0.8218462549609903,0.5491806202464633,0.9904158227237654,0.9888617621527778
7,43,0.00013060173660051078,0.0004429380933288485,0.8673864623646678,0.5852312869495816,0.9921043113425926,0.9905164930555556
7,44,0.00011487012670841068,0.0004492453299462795,0.8839478455943826,0.5790071394708421,0.9931080005787037,0.9909993489583333
7,45,0.00010466503590578213,0.00045076533569954336,0.8934214500733364,0.5781069490644667,0.993774112654321,0.9911838107638888
7,46,9.94177971733734e-05,0.00045614433474838734,0.8984303954206867,0.571231045987871,0.9943063994984568,0.9915473090277778
7,47,9.536223660688847e-05,0.000439331226516515,0.9028675750449852,0.5934685985247294,0.994724754050926,0.9919704861111112
7,48,9.09545342437923e-05,0.0004463982186280191,0.9063600326761787,0.5840867029296027,0.9951503423996914,0.9917860243055555
7,49,8.782366785453632e-05,0.00045354015310294926,0.9095299530912329,0.5780738525920444,0.9954517505787037,0.9920138888888889
7,50,8.765436359681189e-05,0.00045634806156158447,0.9090945538179374,0.5768743965360853,0.9956512827932099,0.9915581597222223
7,51,9.117423905991018e-05,0.00045330426655709743,0.9058055537718314,0.5650737351841397,0.9955385561342592,0.9922146267361112
7,52,9.034453250933439e-05,0.0004611456533893943,0.9062402111512643,0.5697112361590068,0.995704330632716,0.9921657986111111
7,53,8.596536645200104e-05,0.0004542825627140701,0.9118353493419694,0.5723393347528246,0.9960768711419753,0.9924099392361111
7,54,8.47876799525693e-05,0.00045364454854279757,0.9119356140678312,0.5764779819382562,0.9962703751929012,0.9923177083333333
7,55,8.139221608871594e-05,0.00043319593532942235,0.9164342039897118,0.5990306655565898,0.9965356143904321,0.9926215277777778
7,56,7.653210195712745e-05,0.00044409831753000617,0.920721517816002,0.5915129078759087,0.9968050733024691,0.9930230034722223
7,57,7.576763164252043e-05,0.0004507366684265435,0.9209348793382998,0.5763371692763435,0.9970775462962963,0.993017578125
7,58,7.338290015468374e-05,0.00044859584886580706,0.9235304208449375,0.5835606455802917,0.9969545717592593,0.9932020399305556
7,59,7.772818207740784e-05,0.00045071373460814357,0.9194091487813879,0.5793822036849128,0.9969196084104939,0.9929253472222223
7,60,7.728443597443402e-05,0.00046065275091677904,0.9200470415162452,0.573212452729543,0.9970636815200618,0.9930555555555556
7,61,8.130141213769093e-05,0.0004648675967473537,0.9157133311401179,0.5661973502900866,0.9969847125771605,0.9923665364583333
7,62,9.490509546594694e-05,0.0004951410228386521,0.9010407294756101,0.527663861380683,0.9957700376157408,0.9905164930555556
7,63,0.00011930766049772501,0.00048478084499947727,0.875761494518798,0.524147962199317,0.9942810812114198,0.9899631076388888
7,64,0.00011381303193047643,0.0004893693258054554,0.8799608552897418,0.5190789408153957,0.9946572386188272,0.992138671875
7,65,8.718766912352294e-05,0.00045094717643223703,0.9067770426655993,0.5686184949345059,0.9961027922453703,0.9930338541666667
7,66,7.294079114217311e-05,0.0004399739555083215,0.9225611146585441,0.587529014216529,0.9971739969135802,0.9930935329861111
7,67,6.551834667334333e-05,0.0004379851452540606,0.9308139748043485,0.5911585662100051,0.9977436583719136,0.9934516059027778
7,68,6.131784903118387e-05,0.0004417250456754118,0.9347403582231498,0.5881825460327996,0.9980848524305556,0.9936848958333333
7,69,5.793862874270417e-05,0.00044653640361502767,0.9385417171466498,0.5832211454709371,0.9983211564429012,0.9935112847222223
7,70,5.552676157094538e-05,0.0004484217497520149,0.9411406134381707,0.580009667078654,0.9984989872685185,0.9937391493055555
7,71,5.3888041293248534e-05,0.00044426298700273037,0.9427249702406518,0.5860183477401734,0.9986237702546297,0.9938096788194445
7,72,5.208818765822798e-05,0.00044835341395810246,0.9446398225831397,0.5822771165106032,0.9987545814043209,0.9938910590277777
7,73,5.102494469610974e-05,0.0004442431381903589,0.9457699625580399,0.586445317003462,0.9988305362654321,0.9939181857638889
7,74,5.018560113967396e-05,0.0004492945154197514,0.9467044752321125,0.5814942002296448,0.998876953125,0.9939181857638889
7,75,4.9590296839596704e-05,0.00044489061110652983,0.9471860948904061,0.5869573725594415,0.9989293981481482,0.9939832899305555
8,1,0.013942565768957138,0.0013397498987615108,-25.954801929880073,-0.4889905293782552,0.9384241174768518,0.985009765625
8,2,0.0011397171765565872,0.001243937760591507,-0.26025193326267193,-0.44650680356555517,0.9836986400462963,0.9777886284722223
8,3,0.0010494011221453547,0.0008487905142828822,-0.09289715378372758,0.08872117201487223,0.9833369502314815,0.9808648003472222
8,4,0.0009779126849025488,0.0008672305848449469,0.017139558586073512,0.1062843362490336,0.9795609085648148,0.9800889756944444
8,5,0.0008513305801898241,0.0007877037860453129,0.1776498865198206,0.20212294922934637,0.981078800154321,0.9842556423611111
8,6,0.0009128349483944476,0.0005925518344156444,0.10834743314319187,0.4393093122376336,0.9788140190972222,0.9790798611111111
8,7,0.0007646148442290723,0.0005398471839725971,0.27027430225301674,0.49701860083474053,0.9786633150077161,0.9736870659722222
8,8,0.0007242942810989916,0.0004771855310536921,0.3035185831564444,0.5603558394643996,0.9793872974537037,0.9783745659722223
8,9,0.000677887408528477,0.00045813023461960256,0.3570614130408676,0.5760422256257799,0.9791347173996914,0.9727105034722222
8,10,0.0006364495493471622,0.0005847715074196458,0.3890932751290592,0.43767971330218847,0.9783504533179013,0.9841145833333333
8,11,0.0006003932212479413,0.0006397687830030918,0.4300213754912953,0.45056786669625176,0.9793029031635803,0.982568359375
8,12,0.000582221313379705,0.0005094717489555478,0.4581693583064609,0.5427560620837741,0.979320987654321,0.9768771701388889
8,13,0.0005555406678467989,0.0004753354878630489,0.47750140178350753,0.5976551334063213,0.9790672019675926,0.9825900607638889
8,14,0.0005127171170897782,0.0003763666609302163,0.5233330954740076,0.6535224477450053,0.9793806664737654,0.9784505208333333
8,15,0.0004903435474261642,0.0003967999364249408,0.5395676059487425,0.6480396072069804,0.9788429542824074,0.9844129774305556
8,16,0.00044839311158284545,0.00037830148357897997,0.5754171093304952,0.6711106326844957,0.9800003616898149,0.9781195746527778
8,17,0.00043279468081891537,0.000552845187485218,0.5887293138621766,0.5025633666250441,0.979883415316358,0.9782769097222223
8,18,0.00044714147225022316,0.00041400198824703693,0.576677053210176,0.625959943400489,0.9801402150848766,0.9789496527777778
8,19,0.0004103216342628002,0.0005036529619246721,0.6101174472290792,0.5084171957439847,0.9806037808641975,0.9784125434027777
8,20,0.00039061642019078135,0.0004315260157454759,0.630369437476735,0.6028023097250197,0.9805230034722222,0.9824327256944444
8,21,0.00035426742397248745,0.00040025089401751757,0.668673500602628,0.6345920244852702,0.9815236786265432,0.9773328993055556
8,22,0.0003550482215359807,0.0003671653103083372,0.6589638629077393,0.6763063735432095,0.9815278983410494,0.9809461805555556
8,23,0.0003332457854412496,0.0004159517411608249,0.6852274313385104,0.6254728118578593,0.9819751880787037,0.9814398871527777
8,24,0.0003375839442014694,0.0004213152569718659,0.6703155519049845,0.62551279730267,0.9824586467978395,0.9794379340277778
8,25,0.0003091637627221644,0.00040090084075927734,0.7064668811397788,0.661631875567966,0.9830132378472223,0.9822699652777778
8,26,0.0002882400876842439,0.0003301329561509192,0.7214159360638371,0.7113418870502048,0.9835822964891975,0.9839952256944444
8,27,0.00027492857770994306,0.0003648815327323973,0.7375051410109909,0.6748730275366042,0.9845558449074074,0.9828504774305555
8,28,0.00026291245012544096,0.0004894788144156337,0.7441905583864377,0.529487583372328,0.9850646219135802,0.9811197916666666
8,29,0.0003061628376599401,0.0003990500990767032,0.7022504487155397,0.6428593754768371,0.9849826388888889,0.979541015625
8,30,0.00027843378484249115,0.00040476780850440264,0.7346550667727435,0.647068358792199,0.9847318672839506,0.9826117621527778
8,31,0.000249810196692124,0.0003277333453297615,0.758229116598765,0.7060900515980191,0.9856391059027778,0.9824652777777778
8,32,0.00024488550843670964,0.00036069774068892,0.7599003470974204,0.6713253935178121,0.986574074074074,0.9839029947916667
8,33,0.00022711983183398843,0.00037153909215703607,0.7774931767840444,0.673846595817142,0.9873185522762346,0.9862087673611111
8,34,0.0002270769327878952,0.00039065087912604213,0.7767715009642236,0.6525961518287658,0.9878002025462963,0.9860622829861111
8,35,0.00022016996808815747,0.000358205521479249,0.7875582927539024,0.6742123617066278,0.9878821855709876,0.9872287326388889
8,36,0.00020613423839677125,0.000333457428496331,0.7973614405702661,0.7102066357930501,0.9886652440200617,0.9857747395833333
8,37,0.00019581586821004748,0.00034313631476834416,0.8045021350001111,0.6977160533269247,0.9892445505401235,0.9881239149305555
8,38,0.00019044222426600754,0.0003620711504481733,0.8118278659420249,0.6671025567584568,0.9898967978395061,0.9829264322916667
8,39,0.00020779730402864516,0.00035374402068555355,0.7925912464106525,0.6720583849483066,0.9886399257330247,0.9870496961805556
8,40,0.00016333218081854284,0.0003345674485899508,0.8413053749520102,0.7122548394733005,0.9905641155478395,0.9882541232638888
8,41,0.00013082957593724132,0.0003297793446108699,0.8688498962072678,0.7169442296028137,0.992185691550926,0.98955078125
8,42,0.00011457587243057787,0.00032174482475966215,0.8842218975961944,0.7228646834691366,0.9932731722608025,0.9909884982638889
8,43,0.00010515275062061846,0.0003269727458246052,0.8939547004523101,0.7169251044591268,0.9939857011959876,0.9910698784722223
8,44,9.923626930685714e-05,0.0003275217895861715,0.9000400962652984,0.7160119745466444,0.9945613908179012,0.9912055121527777
8,45,9.448456694371998e-05,0.0003253757313359529,0.904178680608302,0.7170177963044908,0.9949068045910494,0.9919325086805556
8,46,8.927946328185499e-05,0.0003307706501800567,0.9095765381683538,0.7115660905838013,0.9953763985339507,0.9920084635416667
8,47,8.60308573464863e-05,0.0003306151775177568,0.9120709351551386,0.7131160895029703,0.9957724488811729,0.9921766493055556
8,48,8.436919597443193e-05,0.00032520509557798505,0.9143472678867387,0.717479345533583,0.9960551697530864,0.9924099392361111
8,49,8.464146958431229e-05,0.00033119390718638897,0.9138699048831139,0.7136718842718336,0.9961558400848766,0.9923231336805556
8,50,8.207028440665454e-05,0.00032475084299221635,0.9161550499774792,0.7191140519248115,0.9963216145833333,0.9927571614583334
8,51,7.579025987070054e-05,0.00032496528001502156,0.9224534070050275,0.719535247484843,0.996778549382716,0.9927571614583334
8,52,7.06923528923653e-05,0.00032207986805588007,0.9275799015421926,0.7222085078557332,0.9971516927083334,0.9929361979166667
8,53,6.665891851298511e-05,0.0003289707819931209,0.9315456444834486,0.7136345664660136,0.997413315007716,0.9931803385416667
8,54,6.540240428876132e-05,0.00032584465225227177,0.9325148731102179,0.7182346900304158,0.9976146556712963,0.9932671440972223
8,55,6.385786400642246e-05,0.0003285095444880426,0.9339611911479337,0.7155943208270603,0.99775390625,0.9933810763888888
8,56,6.250462320167571e-05,0.00032710848608985543,0.9355689895005874,0.7173632833692762,0.997923900462963,0.9933485243055555
8,57,6.081926039769314e-05,0.00032916769850999117,0.9372861244060375,0.7143002470334371,0.9980293933256172,0.993505859375
8,58,6.0258789744693786e-05,0.0003293537884019315,0.9377913828249331,0.7138971805572509,0.9981161988811729,0.9934678819444445
8,59,5.826584674650803e-05,0.0003301466058474034,0.9396741872952308,0.7140861564212375,0.9982626832561728,0.9936143663194444
8,60,5.673796113114804e-05,0.00033068115590140224,0.9412360482745701,0.7125613848368327,0.9983711902006173,0.9936577690972223
8,61,5.618865543510765e-05,0.00032963621197268367,0.9417907449934217,0.714043664932251,0.9984164014274691,0.9936957465277778
8,62,5.571461224462837e-05,0.0003304773708805442,0.9421717509811307,0.713238635328081,0.9984694492669753,0.9936903211805556
9,1,0.02300320193171501,0.0011522715212777257,-37.2059988922543,-0.3355097452799479,0.8725676359953703,0.9548068576388888
9,2,0.0011037375079467893,0.001141405664384365,-0.19020301162460704,-0.18827928834491306,0.9840392312885803,0.9838921440972223
9,3,0.001033414388075471,0.0009395884699188173,-0.08806895576877359,0.18696792920430502,0.9841212143132716,0.9880099826388888
9,4,0.0009850943461060524,0.0012007765471935272,-0.00614779422312607,-0.10097839037577311,0.9834321952160494,0.9749891493055556
9,5,0.0009107908699661493,0.001074901083484292,0.08785990491325472,0.09643595086203681,0.9799623842592593,0.97802734375
9,6,0.000888772017788142,0.0007438334869220853,0.12623370562070682,0.3609924488597446,0.9787874951774691,0.9672688802083333
9,7,0.0008332324214279652,0.0006983970524743199,0.193784980715057,0.4186913039949205,0.9779206452546296,0.976025390625
9,8,0.0007886764942668378,0.0006570614641532302,0.22776091113502597,0.47147316270404394,0.9784233940972222,0.98408203125
9,9,0.000749997969251126,0.0007115460466593504,0.2841991443692902,0.3914882898330688,0.9779863522376543,0.9797743055555556
9,10,0.0007232219213619828,0.001404012436978519,0.30854716153792394,-0.34142426782184176,0.9778163580246914,0.9717176649305556
9,11,0.0007139319786801934,0.0007776846177875996,0.30464619883784544,0.34632459216647676,0.9774884259259259,0.9807400173611112
9,12,0.0006557598244398832,0.0007887094980105758,0.3684620480478546,0.27532387839423283,0.9791365258487654,0.97412109375
9,13,0.000616803765296936,0.0006051516975276172,0.4034154721248297,0.5020752006106907,0.9776970003858024,0.9836208767361111
9,14,0.0005853925831615925,0.0008058415842242539,0.44084780069045076,0.31079154809316,0.9784523292824074,0.9800998263888889
9,15,0.0005616199341602623,0.000592866213992238,0.466983366895605,0.506073886818356,0.9782895688657407,0.9800564236111111
9,16,0.0005337783368304372,0.0006752930348739028,0.48089061430942864,0.4309767166773478,0.9785463686342593,0.9770236545138888
9,17,0.000526819028891623,0.0006014043465256691,0.5008614697574097,0.4895849678251478,0.9792540750385802,0.9787380642361111
9,18,0.00051295873709023,0.0006490781670436263,0.5166665396572631,0.41252199676301743,0.9788031684027778,0.979248046875
9,19,0.0004884225782006979,0.0005630058003589511,0.5366697841220431,0.5241607705752055,0.9792420187114198,0.9779351128472222
9,20,0.0004473482840694487,0.00047445506788790226,0.5698995195789102,0.6161708196004232,0.9798243393132716,0.9817274305555556
9,21,0.0004516015178523958,0.00046714491327293217,0.5624233331209347,0.6244403560956319,0.9794753086419753,0.9836697048611112
9,22,0.0004099752986803651,0.0006375819793902338,0.6058382207964673,0.4938870244556003,0.9799678096064814,0.98291015625
9,23,0.0004082059604115784,0.0004468501138035208,0.6099918013737525,0.6278010858429803,0.9805079330632716,0.980712890625
9,24,0.0003703515976667404,0.0005623685428872705,0.6392730071220869,0.5302180727322896,0.9810227382330247,0.9809678819444444
9,25,0.0003666740085463971,0.0005058756796643138,0.64437971541911,0.5561330252223544,0.9811794704861111,0.9783582899305555
9,26,0.0003514480486046523,0.0004632453201338649,0.6594090112933406,0.6171222448348999,0.981640022183642,0.9797146267361111
9,27,0.0003468457143753767,0.0004367428191471845,0.6637140615486804,0.6547277265124851,0.9818009741512346,0.9814019097222222
9,28,0.00032719032606109977,0.0006359800463542342,0.6859555643281819,0.46687110265096027,0.981932388117284,0.9807508680555556
9,29,0.0003316233051009476,0.0004885605303570628,0.6726014063682085,0.5968673123253716,0.9824152440200618,0.9827473958333334
9,30,0.000298432307317853,0.0004764049663208425,0.7141751916320236,0.60870185163286,0.9837348090277778,0.9806423611111111
9,31,0.0003054385306313634,0.0004482420044951141,0.700246059158702,0.6425702333450317,0.9829125675154321,0.9860243055555555
9,32,0.0002990924404002726,0.0005309594562277198,0.7092778154361395,0.5713798602422079,0.9840139130015432,0.9835394965277777
9,33,0.00027531071100383997,0.00045957620022818446,0.732228958459548,0.6356697837511699,0.9845829716435185,0.9836046006944444
9,34,0.0002797508495859802,0.0004712391528300941,0.729076056274367,0.6047020806206598,0.9850567853009259,0.981640625
9,35,0.0002530532074160874,0.00047758000437170267,0.7537824708738444,0.614152995745341,0.9854365596064815,0.9852647569444445
9,36,0.00020679390581790358,0.00043165002716705203,0.7980188800964827,0.6611986478169759,0.9875259211033951,0.9866427951388889
9,37,0.00018014953820966184,0.0004243643779773265,0.8227285666230284,0.6700732125176324,0.9886320891203704,0.9884982638888888
9,38,0.00016390319797210395,0.00041948421858251095,0.8376008244208347,0.6689456105232239,0.9897057050540123,0.9870876736111112
9,39,0.0001539576769573614,0.00044938235078006983,0.8459212016176294,0.6384138729837205,0.9901282793209877,0.9886176215277778
9,40,0.000144039120641537,0.0004567453870549798,0.8548614791881891,0.6148890760209825,0.9908480420524691,0.9882215711805555
9,41,0.00014225803897716105,0.0004326150519773364,0.8562261019224002,0.6616731643676758,0.9910620418595679,0.9892957899305556
9,42,0.00013510778080672026,0.00042624183697625995,0.863959167033066,0.6600248045391507,0.9918252073688272,0.9891655815972222
9,43,0.00013026504893787205,0.0004318832070566714,0.8671142754731355,0.6594539244969686,0.9920301649305555,0.9900336371527778
9,44,0.00012734177289530635,0.0004275678365956992,0.8709089152606917,0.6729803853564792,0.9924979504243827,0.9905978732638889
9,45,0.00012797584349755198,0.00043005309998989105,0.8698669008266778,0.6671136101086934,0.9926824122299382,0.9903700086805556
9,46,0.00012208458792883903,0.0004391021211631596,0.8752318441131969,0.6585898982153998,0.9929850260416667,0.9902886284722222
9,47,0.00010872329585254192,0.0004244796000421047,0.8890606447502419,0.6765191727214389,0.9934769241898148,0.9910047743055556
9,48,0.00010055427992483601,0.00041911774314939976,0.8969899155475475,0.6842172980308533,0.9941997010030864,0.991748046875
9,49,9.4398703367915e-05,0.0004244182491675019,0.9031077287815236,0.681079199579027,0.9945638020833333,0.9918240017361111
9,50,9.202595538226888e-05,0.00042283913353458047,0.9048529617580366,0.6835677107175191,0.9947398244598765,0.9920138888888889
9,51,8.925254223868251e-05,0.00042461202247068286,0.907935470857738,0.68235784901513,0.9951214072145061,0.992138671875
9,52,8.7127169535961e-05,0.00042508792830631137,0.9097090470938035,0.6813250541687011,0.9953667534722223,0.9921169704861111
9,53,8.539835835108534e-05,0.00042385986307635903,0.9113697915901372,0.6828128178914388,0.9955855758101851,0.9923068576388889
9,54,8.253312262240797e-05,0.0004294226528145373,0.914308089091454,0.6792532987064785,0.9957808883101852,0.9923502604166666
9,55,8.132163202390075e-05,0.0004283669695723802,0.9156951243494764,0.6787493997149997,0.995946662808642,0.9928168402777777
9,56,7.967448618728667e-05,0.0004329612711444497,0.9170628413741971,0.6738051056861878,0.996091941550926,0.9928114149305556
9,57,7.695685781072825e-05,0.00042920917621813715,0.9199798968103197,0.6804252213901943,0.9963523582175926,0.9927083333333333
9,58,7.480839849449694e-05,0.0004270711215212941,0.9220117880974287,0.6815676808357238,0.996483169367284,0.9927897135416667
10,1,0.02114272490143776,0.0012476101983338594,-36.35363536808226,-0.44075056579377914,0.9489312065972222,0.9875868055555556
10,2,0.0011087555903941393,0.0008367057889699936,-0.1607181410730621,0.0522802193959554,0.987232952353395,0.9765082465277778
10,3,0.0010143073741346598,0.0009661196963861585,-0.02196021462664192,-0.037802624702453616,0.9839705102237655,0.9731065538194444
10,4,0.0009519265731796622,0.0005836221389472485,0.08960859172138166,0.4196907811694675,0.9795392071759259,0.986669921875
10,5,0.0008633093675598502,0.0007229092298075557,0.1837058002566114,0.25119476583268907,0.980029899691358,0.9824273003472223
10,6,0.0008096328238025308,0.000660852761939168,0.24648265882774636,0.31085120307074654,0.9790720244984568,0.9842339409722223
10,7,0.0009240557556040585,0.0012500850716605783,0.09127637501116152,-0.5067595283190409,0.9806073977623457,0.9832356770833334
10,8,0.0009205903625115752,0.0006442093290388584,0.1265477576373536,0.33040201001697117,0.9796971450617284,0.9795084635416667
10,9,0.0007967925048433244,0.0010511272121220827,0.24449687121826924,-0.14744352102279662,0.9788025655864198,0.9792154947916667
10,10,0.000752581050619483,0.0007107603596523404,0.2968840033919723,0.24777409103181627,0.979002700617284,0.9790310329861112
10,11,0.0007117633940652013,0.0005247074877843261,0.3351441281813162,0.47178875075446236,0.9779200424382716,0.9821126302083333
10,12,0.0006662022206000984,0.0005797602352686226,0.3747350773693603,0.4032957461145189,0.9785982108410494,0.9794542100694444
10,13,0.0006458439165726304,0.0005952637875452638,0.39555910811012174,0.3908080048031277,0.9787519290123456,0.9806640625
10,14,0.0006087938090786338,0.0006334994686767459,0.42677394931699025,0.3713343911700778,0.9783607011959876,0.9834255642361112
10,15,0.0005774622550234199,0.0005062432028353214,0.4638410716880987,0.48409632709291245,0.9789394048996913,0.9754123263888889
10,16,0.000530719815287739,0.0005777346668764949,0.5003267794479559,0.3911306447452969,0.9782594280478395,0.9824761284722222
10,17,0.0005446044960990548,0.0004619369574356824,0.49151558257915356,0.54604076411989,0.9787229938271605,0.9826877170138889
10,18,0.00048012955812737346,0.0005800514481961727,0.5479077196415559,0.3873789734310574,0.9792799961419754,0.9747341579861111
10,19,0.0004762459429912269,0.0004509644932113588,0.5511838182990934,0.5562526146570842,0.9794632523148148,0.9748209635416667
10,20,0.0004362526233308017,0.0004560250381473452,0.5938345235071064,0.5491126590304904,0.9796983506944444,0.9780870225694445
10,21,0.0004217030364088714,0.0004490978899411857,0.6048760274310171,0.5634922199779087,0.9798044463734568,0.9800889756944444
10,22,0.0004126454587094486,0.0004707220068667084,0.6089093190652353,0.5250157170825535,0.9798966772762345,0.9840928819444444
10,23,0.00040670420276001096,0.000449566898168996,0.6168207234806484,0.5477606137593587,0.9808250144675926,0.9728732638888888
10,24,0.0004153495829086751,0.000435238383943215,0.6066903950255594,0.5632108595636156,0.9797248746141975,0.9856499565972222
10,25,0.00036330678267404437,0.00040505052311345935,0.6556559406680825,0.6031068431006538,0.9818142361111111,0.9821126302083333
10,26,0.0003446484624873847,0.0005702117923647165,0.6784757340395892,0.43701715999179414,0.9817111545138889,0.9802680121527778
10,27,0.0003561481717042625,0.0005737854517064989,0.661528738486914,0.41842023266686335,0.9823682243441358,0.977197265625
10,28,0.0003560285549610853,0.0004687898908741772,0.6582146643120566,0.5324190338452657,0.9826063368055555,0.9769205729166667
10,29,0.0003249914152547717,0.0005195977864786983,0.6927324130211348,0.47276145617167153,0.9817895206404321,0.9808973524305555
10,30,0.0003143698559142649,0.000436847738455981,0.7017469641603069,0.5675884207089742,0.982518928433642,0.9818684895833333
10,31,0.0003035646222997457,0.0004729785432573408,0.7118482335114185,0.5303597595956591,0.9837486738040123,0.9826443142361111
10,32,0.0002946017775684595,0.0006759166717529297,0.7205397664764781,0.2947565727763706,0.9842104311342592,0.9819118923611111
10,33,0.0003250264562666416,0.0004058072518091649,0.6872797087386803,0.6079351001315647,0.984448543595679,0.9818522135416666
10,34,0.000239283632254228,0.0004328323993831873,0.7690137773384282,0.5710922757784526,0.9856095679012346,0.9848849826388889
10,35,0.00020579347619786859,0.0004145241982769221,0.7983879951783168,0.5862748424212137,0.9872413917824074,0.9857313368055556
10,36,0.00018642500799614936,0.0003968019736930728,0.8163246435883604,0.6096820036570231,0.9879551263503087,0.9858506944444444
10,37,0.0001711418153718114,0.000432624074164778,0.8305733424645884,0.5663195239173041,0.9886875482253087,0.9861165364583333
10,38,0.00016468658577650785,0.00039639335591346025,0.8373448863441562,0.6120038045777215,0.989256606867284,0.9881401909722223
10,39,0.0001586467114975676,0.00042049921466968954,0.8428623905888311,0.5835810396406386,0.9895212432484568,0.9881673177083333
10,40,0.0001537194475531578,0.000399158539948985,0.8473449914543717,0.6077366961373223,0.9899685329861111,0.9888346354166667
10,41,0.00015293803880922496,0.0004114342445973307,0.8463454596790266,0.5971055110295613,0.990307918595679,0.9885416666666667
10,42,0.00015805524890311062,0.0004050135030411184,0.842187965946433,0.6081095125940111,0.9905611014660494,0.9889919704861111
10,43,0.00015068677021190524,0.000408794148825109,0.850352735578278,0.5982140064239502,0.991039737654321,0.9901692708333333
10,44,0.0001400100882165134,0.0004379848833195865,0.8587207282031024,0.5699393431345622,0.9913730951003087,0.9887966579861112
10,45,0.00013900772319175303,0.0004117789794690907,0.8596641134332728,0.5966903911696539,0.9917034384645061,0.9883680555555555
10,46,0.0001309522776864469,0.00042829400626942515,0.8668518856719688,0.5789009584320917,0.9920693479938272,0.9894639756944444
10,47,0.00011464634008007124,0.0004087418201379478,0.8843097973752905,0.6017309837871128,0.992942226080247,0.9903049045138889
10,48,0.00010561837552813813,0.0004258343542460352,0.8928821702062347,0.5816454331080119,0.9935715663580247,0.9905653211805555
10,49,9.851613140199333e-05,0.0004088100104127079,0.8991947013654826,0.6008218791749742,0.9940152391975309,0.9912109375
10,50,9.524896449875087e-05,0.0004147568251937628,0.9024767485665687,0.5940484033690558,0.9943721064814814,0.9910970052083333
10,51,9.226628753822297e-05,0.00041428470285609365,0.9054297734189917,0.5960870385169983,0.9945842978395062,0.9914496527777777
10,52,8.999292913358659e-05,0.0004167580045759678,0.9075298468271892,0.5935248732566833,0.9948447145061728,0.9913302951388889
10,53,8.826947305351496e-05,0.00041217912803404033,0.9093890215143745,0.5982394403881497,0.9950954861111111,0.9916286892361111
10,54,8.52917437441647e-05,0.0004258074623066932,0.9123376696198074,0.5815841250949436,0.9953197337962963,0.9919108072916667
10,55,8.235157292801887e-05,0.0004168484010733664,0.915131053659651,0.5916309475898742,0.9956241560570988,0.991845703125
10,56,8.061345579335466e-05,0.00042126449989154935,0.9171057702582559,0.5872340083122254,0.9957682291666666,0.9920572916666667
