Compound_ID,Status,Simulated_Center_ppm,Simulated_Multiplicity,Predicted_Center_ppm,Predicted_Multiplicity,Position_Error_ppm,Simulated_Area,Predicted_Area,Area_Abs_Error,Area_Pct_Error
451,Matched,1.2557033333333332,Triplet,1.25489,Singlet,0.0008133333333331105,0.007144911214709282,0.007036718539893627,0.00010819267481565475,1.5142619910086172
451,Matched,3.7341499999999996,Quartet,3.74025,Singlet,0.006100000000000438,0.004782646894454956,0.003232471412047744,0.0015501754824072123,32.412501207323075
451,Matched,4.721705,Doublet,4.71926,Singlet,0.0024449999999998084,0.004742474295198917,0.005815112963318825,0.0010726386681199074,22.617701253664187
451,Matched,7.237585,Quartet,7.23148,Singlet,0.006104999999999805,0.004752681124955416,0.0030638291500508785,0.0016888519749045372,35.534720939654456
451,Matched,8.45463,Singlet,8.45219,Singlet,0.0024399999999999977,0.004714141599833965,0.006164604797959328,0.0014504631981253624,30.768341752323444
451,Missed,7.023553333333333,Multiplet,,,,,,,
452,Matched,0.815434,Singlet,0.8288614999999999,Doublet,0.013427499999999926,0.0061993226408958435,0.0043405150063335896,0.001858807634562254,29.984044100238084
452,Matched,1.15723,Singlet,1.17066,Doublet,0.013430000000000053,0.006184031255543232,0.005681133829057217,0.0005028974264860153,8.132194125558938
452,Matched,3.6364924999999997,Quartet,3.63771,Singlet,0.0012175000000005376,0.0041876668110489845,0.0024524196051061153,0.0017352472059428692,41.43708858031617
452,Matched,5.72024,Singlet,5.72024,Singlet,0.0,0.0020572333596646786,0.0014504971913993359,0.0006067361682653427,29.492821775174715
452,Matched,7.2668833333333325,Multiplet,7.2559,Singlet,0.0109833333333329,0.010420501232147217,0.007029297295957804,0.003391203936189413,32.54357790129671
452,Missed,0.8606,Doublet,,,,,,,
452,Missed,1.0026088333333334,Multiplet,,,,,,,
452,Missed,1.2353575,Multiplet,,,,,,,
452,Missed,1.3655650000000001,Multiplet,,,,,,,
452,Missed,1.611201111111111,Multiplet,,,,,,,
452,Missed,1.7822370000000003,Multiplet,,,,,,,
452,Missed,2.0629975000000003,Multiplet,,,,,,,
452,Missed,2.28883,Quartet,,,,,,,
452,Missed,2.40357625,Multiplet,,,,,,,
452,Missed,4.6566,Triplet,,,,,,,
453,Matched,6.79691,Singlet,6.79691,Singlet,0.0,0.003556199371814728,0.002999685239046812,0.0005565141327679157,15.64912634479002
453,Matched,7.30228,Singlet,7.30228,Singlet,0.0,0.0035567977465689182,0.002999617252498865,0.0005571804940700531,15.66522849401656
454,Matched,0.9692435,Doublet,0.969243,Singlet,5.00000000069889e-07,0.0011791856959462166,0.0018157877493649721,0.0006366020534187555,53.986582063135145
454,Matched,1.20118,Singlet,1.20118,Singlet,0.0,0.003933433443307877,0.0066890111193060875,0.002755577675998211,70.0552765342044
454,Matched,1.4087,Singlet,1.4087,Singlet,0.0,0.0011760684428736567,0.0022284456063061953,0.0010523771634325385,89.48264616820381
454,Matched,3.98928,Singlet,3.98928,Singlet,0.0,0.00039147987263277173,0.0008306998643092811,0.0004392199916765094,112.19478251146779
454,Missed,1.91529,Doublet,,,,,,,
454,Missed,4.91946,Singlet,,,,,,,
454,Missed,5.0342,Singlet,,,,,,,
454,Spurious,,,5.00247,Singlet,,,,,
454,Spurious,,,6.08157,Singlet,,,,,
455,Matched,1.1108449999999999,Doublet,1.11085,Singlet,5.000000000032756e-06,0.006308679934591055,0.009983459487557411,0.0036747795529663563,58.249579802221575
455,Matched,1.14991,Singlet,1.14991,Singlet,0.0,0.006265350617468357,0.008941852487623692,0.0026765018701553345,42.719107573852426
455,Matched,2.3632925,Quartet,2.34132,Singlet,0.02197249999999995,0.002101984340697527,0.0018592331325635314,0.00024275120813399553,11.548668723832664
455,Matched,2.7758933333333338,Triplet,2.77589,Singlet,3.33333333379926e-06,0.006265677511692047,0.005673215724527836,0.0005924617871642113,9.455669974374677
455,Matched,5.423437142857142,Multiplet,5.42483,Singlet,0.0013928571428580838,0.004212694708257914,0.004417540039867163,0.00020484533160924911,4.862572433926961
455,Missed,2.286385,Doublet,,,,,,,
455,Missed,6.0775033333333335,Triplet,,,,,,,
456,Matched,3.6712825000000002,Quartet,3.64504,Singlet,0.02624250000000039,0.001217170967720449,0.0017323566135019064,0.0005151856457814574,42.326481607289004
456,Matched,3.8843,Singlet,3.8843,Singlet,0.0,0.0035679293796420097,0.006080342456698418,0.002512413077056408,70.41655844960957
456,Matched,4.107685,Doublet,4.10647,Singlet,0.0012150000000001882,0.001194337964989245,0.0015259472420439124,0.00033160927705466747,27.765112286090112
456,Matched,4.414085,Doublet,4.42873,Singlet,0.014644999999999797,0.0011968956096097827,0.001573716988787055,0.0003768213791772723,31.483228458004398
456,Matched,4.521996,Multiplet,4.51418,Singlet,0.007816000000000045,0.0036115101538598537,0.0037730729673057795,0.0001615628134459257,4.473552795449104
456,Matched,4.6313725,Quartet,4.62893,Singlet,0.002442499999999903,0.0023917595390230417,0.0019620913080871105,0.0004296682309359312,17.964524607328926
456,Matched,4.917015,Doublet,4.91213,Singlet,0.004884999999999806,0.0011935216607525945,0.002231793012470007,0.0010382713517174125,86.99225040144756
456,Matched,7.286415,Doublet,7.28763,Singlet,0.0012150000000001882,0.001193581847473979,0.001981190172955394,0.0007876083254814148,65.98695574570434
456,Matched,7.50492,Singlet,7.47806,Singlet,0.026860000000000106,0.0010864001233130693,0.0006882522138766944,0.0003981479094363749,36.64836747460863
456,Matched,7.9260649999999995,Doublet,7.93217,Singlet,0.006105000000000693,0.0011932000052183867,0.0020127356983721256,0.000819535693153739,68.68384927669713
456,Missed,3.0520775,Multiplet,,,,,,,
456,Missed,3.18605,Doublet,,,,,,,
456,Missed,3.2714999999999996,Quartet,,,,,,,
456,Missed,3.364275,Doublet,,,,,,,
456,Missed,3.50197,Multiplet,,,,,,,
456,Missed,3.596616666666666,Multiplet,,,,,,,
456,Missed,3.931295,Quartet,,,,,,,
456,Missed,7.042275,Doublet,,,,,,,
456,Spurious,,,7.32181,Singlet,,,,,
457,Matched,1.77003,Triplet,1.76515,Singlet,0.0048799999999999955,0.002386156003922224,0.0022964689414948225,8.968706242740154e-05,3.7586420284331443
457,Matched,2.08009,Singlet,2.08009,Singlet,0.0,0.003557276912033558,0.003278785850852728,0.00027849106118083,7.828770941018123
457,Matched,2.393078,Multiplet,2.38038,Singlet,0.012697999999999876,0.007192697841674089,0.008071877993643284,0.0008791801519691944,12.223232107364135
457,Matched,2.5431433333333335,Triplet,2.50001,Singlet,0.04313333333333347,0.004779466427862644,0.003311964450404048,0.0014675019774585962,30.704305587409607
457,Matched,7.201575000000001,Quartet,7.1973,Singlet,0.004275000000000695,0.0024116993881762028,0.002811054466292262,0.0003993550781160593,16.55907365876405
457,Missed,2.9589999999999996,Triplet,,,,,,,
457,Missed,3.9192933333333335,Triplet,,,,,,,
457,Missed,4.311543333333334,Triplet,,,,,,,
457,Missed,7.036865714285715,Multiplet,,,,,,,
457,Missed,7.135045,Doublet,,,,,,,
457,Spurious,,,2.55372,Singlet,,,,,
457,Spurious,,,2.95656,Singlet,,,,,
457,Spurious,,,3.92092,Singlet,,,,,
457,Spurious,,,4.31399,Singlet,,,,,
457,Spurious,,,7.05082,Singlet,,,,,
458,Matched,3.37648,Singlet,3.37648,Singlet,0.0,0.0035563590936362743,0.0035805818624794483,2.422276884317398e-05,0.6811114458750255
458,Matched,4.4128625,Quartet,4.3799,Singlet,0.032962500000000006,0.0012040360597893596,0.0017554357182234526,0.000551399658434093,45.79594223536443
458,Matched,7.28275,Doublet,7.28763,Singlet,0.0048799999999999955,0.0023785943631082773,0.0035605342127382755,0.0011819398496299982,49.690685724381936
458,Matched,7.3975,Singlet,7.3975,Singlet,0.0,0.001187983201816678,0.0012300756061449647,4.209240432828665e-05,3.543181777647903
458,Matched,7.5806,Singlet,7.5806,Singlet,0.0,0.0011883184779435396,0.001318903872743249,0.00013058539479970932,10.989090654021943
458,Matched,8.183635,Doublet,8.18608,Singlet,0.0024449999999998084,0.0011885944986715913,0.0018562600016593933,0.000667665502987802,56.172689990909845
458,Matched,8.64262,Singlet,8.64262,Singlet,0.0,0.0011854374315589666,0.0013946800027042627,0.0002092425711452961,17.65108520912163
458,Matched,9.95855,Singlet,9.95855,Singlet,0.0,0.0011871459428220987,0.0015580682083964348,0.00037092226557433605,31.244874972370695
458,Missed,3.6102475000000003,Quartet,,,,,,,
458,Missed,3.8311975,Quartet,,,,,,,
458,Missed,4.1467475,Quartet,,,,,,,
458,Missed,4.4905800000000005,Triplet,,,,,,,
458,Missed,7.74784,Doublet,,,,,,,
459,Matched,1.01563,Singlet,1.01563,Singlet,0.0,0.003396115032956004,0.003330740612000227,6.537442095577717e-05,1.9249766371686998
459,Matched,1.330575,Doublet,1.3379,Singlet,0.007325000000000026,0.0034204942639917135,0.004909256473183632,0.0014887622091919184,43.52476847759816
459,Matched,1.49659,Doublet,1.50147,Singlet,0.0048799999999999955,0.00414880458265543,0.0059246402233839035,0.0017758356407284737,42.80354992261061
459,Matched,2.09962,Singlet,2.09962,Singlet,0.0,0.0034020831808447838,0.0050465818494558334,0.0016444986686110497,48.33799120110574
459,Matched,2.436536,Multiplet,2.41212,Singlet,0.024415999999999993,0.00344085949473083,0.0024193485733121634,0.0010215109214186668,29.687667368660662
459,Matched,3.3724133333333337,Triplet,3.3716,Singlet,0.0008133333333337767,0.0011427373392507434,0.0019150282023474574,0.000772290863096714,67.58253507346497
459,Matched,4.4391075,Quartet,4.42629,Singlet,0.012817500000000592,0.0017276434227824211,0.0016295677050948143,9.807571768760681e-05,5.676849539336824
459,Matched,6.10599,Singlet,6.10599,Singlet,0.0,0.0011325159575790167,0.0011312535498291254,1.2624077498912811e-06,0.11146931232562361
459,Matched,6.268345,Doublet,6.26956,Singlet,0.0012150000000001882,0.0011420802911743522,0.0027346378192305565,0.0015925575280562043,139.44356980529327
459,Missed,1.8951524999999998,Quartet,,,,,,,
459,Missed,2.1892557142857143,Multiplet,,,,,,,
459,Missed,2.2961549999999997,Doublet,,,,,,,
459,Missed,2.66115,Singlet,,,,,,,
459,Missed,4.2859125,Quartet,,,,,,,
459,Missed,7.2394175,Quartet,,,,,,,
460,Matched,7.5684,Singlet,7.5684,Singlet,0.0,0.0035566610749810934,0.003155587473884225,0.0004010736010968685,11.276688800014506
461,Matched,0.8870486666666667,Triplet,0.888676,Singlet,0.001627333333333314,0.0020242377649992704,0.0025647366419434547,0.0005404988769441843,26.701353284177024
461,Matched,1.267705,Quartet,1.264655,Doublet,0.003049999999999997,0.009000326506793499,0.013827139511704445,0.004826813004910946,53.62931001744925
461,Matched,4.318056666666667,Triplet,4.31887,Singlet,0.0008133333333333326,0.0013693751534447074,0.0021650621201843023,0.0007956869667395949,58.10584226959418
461,Missed,1.4062599999999998,Triplet,,,,,,,
461,Missed,1.78712,Triplet,,,,,,,
461,Missed,7.4683,Singlet,,,,,,,
461,Missed,7.64896,Singlet,,,,,,,
462,Matched,4.582545,Doublet,4.6094,Singlet,0.026855000000000295,0.0017860991647467017,0.002367617329582572,0.0005815181648358703,32.55799993156254
462,Matched,5.795925,Doublet,5.80325,Singlet,0.007324999999999804,0.0017840079963207245,0.0018759273225441575,9.191932622343302e-05,5.152405505636982
462,Matched,7.2293449999999995,Multiplet,7.23636,Singlet,0.007015000000000882,0.012644736096262932,0.01814284548163414,0.005498109385371208,43.481408734154115
462,Matched,7.6172249999999995,Doublet,7.61967,Singlet,0.0024450000000006966,0.001776774413883686,0.001915172440931201,0.00013839802704751492,7.789285233177324
462,Matched,8.37407,Singlet,8.37407,Singlet,0.0,0.0017760054906830192,0.00147371890489012,0.00030228658579289913,17.020588471077602
462,Missed,2.5958375,Quartet,,,,,,,
462,Missed,2.8442525,Quartet,,,,,,,
462,Missed,4.7235325,Quartet,,,,,,,
462,Spurious,,,2.6465,Singlet,,,,,
462,Spurious,,,7.20218,Singlet,,,,,
463,Matched,2.3861825,Multiplet,2.3877050000000004,Doublet,0.0015225000000005373,0.014568432234227657,0.012562853284180164,0.002005578950047493,13.766607949313212
463,Matched,2.67254,Triplet,2.67091,Singlet,0.0016300000000000203,0.002897225320339203,0.0019572849851101637,0.0009399403352290392,32.44277649482203
463,Matched,3.9192933333333335,Triplet,3.92092,Singlet,0.0016266666666666652,0.002900282619521022,0.0024820249527692795,0.00041825766675174236,14.421272738613904
463,Matched,7.03098,Multiplet,7.05082,Singlet,0.019840000000000302,0.005848034285008907,0.002905454020947218,0.0029425802640616894,50.31742497824989
463,Missed,1.77003,Triplet,,,,,,,
463,Missed,3.622455,Quartet,,,,,,,
463,Missed,3.7939633333333336,Triplet,,,,,,,
463,Missed,7.186838571428571,Multiplet,,,,,,,
464,Matched,1.2679099999999999,Triplet,1.26954,Singlet,0.0016300000000000203,0.012456361204385757,0.008128396235406399,0.004327964968979359,34.74501821170316
464,Matched,1.92579,Multiplet,1.94093,Singlet,0.015140000000000153,0.00831783190369606,0.0038156509399414062,0.004502180963754654,54.1268568045249
464,Matched,2.4902466666666663,Triplet,2.49269,Singlet,0.002443333333333797,0.008286302909255028,0.005720972549170256,0.002565330360084772,30.958684327355897
464,Matched,3.2715,Doublet,3.27882,Singlet,0.007319999999999993,0.00829251017421484,0.004964118357747793,0.0033283918164670467,40.1373256895906
464,Matched,3.5864433333333334,Triplet,3.58889,Singlet,0.002446666666666708,0.00827708002179861,0.006223391741514206,0.0020536882802844048,24.811748525757736
464,Matched,4.100604000000001,Multiplet,4.10402,Singlet,0.0034159999999996415,0.00835317000746727,0.0065712109208106995,0.0017819590866565704,21.332728593618924
464,Matched,7.367386666666667,Triplet,7.40726,Singlet,0.03987333333333254,0.004173740278929472,0.002121833385899663,0.002051906893029809,49.162304214005985
464,Matched,7.46237,Multiplet,7.44877,Singlet,0.013600000000000279,0.012539280578494072,0.010289238765835762,0.00225004181265831,17.943946612992473
464,Matched,7.89677,Quartet,7.89066,Singlet,0.006110000000000504,0.012509036809206009,0.010636445134878159,0.0018725916743278503,14.96991097627692
464,Matched,7.9675650000000005,Doublet,7.93217,Singlet,0.03539500000000029,0.004192096181213856,0.0033166937064379454,0.0008754024747759104,20.88221350213464
464,Spurious,,,7.48051,Singlet,,,,,
464,Spurious,,,7.53422,Singlet,,,,,
465,Matched,0.742191,Singlet,0.755619,Doublet,0.013427999999999995,0.00653338897973299,0.0045587243512272835,0.001974664628505707,30.224201170805053
465,Matched,0.872807,Multiplet,0.893559,Doublet,0.020751999999999993,0.015466911718249321,0.014249993488192558,0.0012169182300567627,7.867881140233883
465,Matched,2.3891739999999997,Multiplet,2.3462,Singlet,0.042973999999999624,0.0022147446870803833,0.0019437795272096992,0.00027096515987068415,12.234600288301744
465,Matched,3.176285,Doublet,3.1897149999999996,Doublet,0.013429999999999609,0.002186007332056761,0.0023023353423923254,0.00011632801033556461,5.321483081491517
465,Matched,3.601095,Doublet,3.62551,Singlet,0.024414999999999853,0.002244718372821808,0.0015490471851080656,0.0006956711877137423,30.991468512783747
465,Matched,3.912375,Doublet,3.9001650000000003,Doublet,0.01220999999999961,0.0021870385389775038,0.0022578714415431023,7.083290256559849e-05,3.2387587737120844
465,Missed,1.1466566666666667,Triplet,,,,,,,
465,Missed,1.3347229999999999,Multiplet,,,,,,,
465,Missed,1.6912814545454549,Multiplet,,,,,,,
465,Missed,2.248546,Multiplet,,,,,,,
465,Missed,3.536395,Quartet,,,,,,,
465,Missed,3.780535,Doublet,,,,,,,
465,Spurious,,,1.5088,Singlet,,,,,
465,Spurious,,,1.57227,Singlet,,,,,
465,Spurious,,,1.84815,Singlet,,,,,
466,Matched,1.32325,Singlet,1.32325,Singlet,0.0,0.0035560685209929943,0.003227179404348135,0.0003288891166448593,9.248672085571076
466,Matched,2.86867,Singlet,2.86867,Singlet,0.0,0.000592913362197578,0.0008041418041102588,0.00021122844191268086,35.62551552722347
466,Matched,3.573423333333333,Triplet,3.56935,Singlet,0.004073333333332929,0.0023922454565763474,0.00351433246396482,0.0011220870073884726,46.905178743419704
466,Matched,3.87209,Singlet,3.855,Triplet,0.01709000000000005,0.0018034321255981922,0.0029706344939768314,0.0011672023683786392,64.72116980790071
466,Matched,3.9764599999999994,Quartet,3.99172,Singlet,0.015260000000000495,0.004210257902741432,0.005096767097711563,0.0008865091949701309,21.055935656409474
466,Matched,4.03566,Singlet,4.03566,Singlet,0.0,0.0012107694055885077,0.0011257687583565712,8.500064723193645e-05,7.020382811095311
466,Matched,7.03617,Singlet,7.03617,Singlet,0.0,0.0011855466291308403,0.001187009271234274,1.462642103433609e-06,0.12337280267971541
466,Matched,7.21927,Singlet,7.21927,Singlet,0.0,0.0005939661641605198,0.0008042468689382076,0.0002102807047776878,35.40280868942886
466,Missed,3.83547,Singlet,,,,,,,
467,Matched,0.9692435,Doublet,0.969243,Singlet,5.00000000069889e-07,0.003357517533004284,0.005549164023250341,0.0021916464902460575,65.27580180005754
467,Matched,1.4087,Singlet,1.40626,Singlet,0.0024399999999999977,0.0033485079184174538,0.007063085213303566,0.003714577294886112,110.93231329856515
467,Matched,2.096365,Multiplet,2.11915,Singlet,0.022784999999999833,0.005644066724926233,0.008750000037252903,0.0031059333123266697,55.030060126854075
467,Matched,2.193372,Multiplet,2.1631,Singlet,0.030272000000000077,0.0022877315059304237,0.002720880787819624,0.0004331492818892002,18.933571564948036
467,Matched,3.98928,Singlet,3.98928,Singlet,0.0,0.0011154431849718094,0.0013893850846216083,0.00027394189964979887,24.55901863407971
467,Matched,6.08401,Singlet,6.08157,Singlet,0.0024399999999999977,0.0011156885884702206,0.0019261627458035946,0.000810474157333374,72.64340298081366
467,Matched,6.342805,Doublet,6.34769,Singlet,0.004884999999999806,0.001123296795412898,0.0031079966574907303,0.0019846998620778322,176.685259869214
467,Matched,7.204625,Doublet,7.20951,Singlet,0.004884999999999806,0.0011225554626435041,0.0023447698913514614,0.0012222144287079573,108.87786567175633
467,Missed,1.1877550000000001,Doublet,,,,,,,
467,Missed,1.700445,Doublet,,,,,,,
467,Missed,1.8131599999999999,Triplet,,,,,,,
467,Missed,1.923348,Multiplet,,,,,,,
467,Missed,4.27818,Triplet,,,,,,,
467,Missed,4.860865,Doublet,,,,,,,
467,Missed,5.036645,Doublet,,,,,,,
467,Spurious,,,4.91458,Singlet,,,,,
467,Spurious,,,4.98294,Singlet,,,,,
468,Matched,2.382215,Quartet,2.35597,Singlet,0.026244999999999852,0.0020657475106418133,0.002844345523044467,0.0007785980124026537,37.690860494405186
468,Matched,4.637475,Doublet,4.63381,Singlet,0.0036649999999998073,0.00357610615901649,0.004984261468052864,0.001408155309036374,39.3767759238906
468,Matched,6.76761,Triplet,6.77005,Singlet,0.0024399999999999977,0.0018007034668698907,0.0022141735535115004,0.00041347008664160967,22.961586638156056
468,Matched,6.890905,Doublet,6.89701,Singlet,0.006104999999999805,0.0035831124987453222,0.0037580125499516726,0.00017490005120635033,4.8812324834231156
468,Matched,7.14847,Singlet,7.14847,Singlet,0.0,0.003557463176548481,0.003280799835920334,0.0002766633406281471,7.776983960142385
468,Matched,7.755165,Doublet,7.75883,Singlet,0.0036649999999998073,0.003588871331885457,0.0036005734000355005,1.1702068150043488e-05,0.3260654135487121
468,Matched,8.22758,Singlet,8.22758,Singlet,0.0,0.0017780206399038434,0.0020642513409256935,0.0002862307010218501,16.09827774762669
468,Matched,9.25542,Singlet,9.25542,Singlet,0.0,0.0017783006187528372,0.0018137372098863125,3.5436591133475304e-05,1.99272219554913
468,Missed,1.9759233333333335,Triplet,,,,,,,
468,Missed,2.1158966666666665,Triplet,,,,,,,
468,Missed,2.314465,Doublet,,,,,,,
468,Missed,4.386008333333333,Multiplet,,,,,,,
468,Missed,7.686805,Doublet,,,,,,,
469,Matched,1.34522,Singlet,1.34522,Singlet,0.0,0.0035650869831442833,0.003956455737352371,0.0003913687542080879,10.977817822074968
469,Matched,1.41114,Singlet,1.41114,Singlet,0.0,0.0035649968776851892,0.0030892547219991684,0.00047574215568602085,13.344812688726057
469,Matched,4.04543,Doublet,4.03811,Singlet,0.007319999999999993,0.0007084091193974018,0.0018192115239799023,0.0011108024045825005,156.80238638477562
469,Matched,5.43216,Singlet,5.43216,Singlet,0.0,0.00039548048516735435,0.0008577135158702731,0.00046223303070291877,116.8788468809825
469,Matched,6.78958,Singlet,6.78958,Singlet,0.0,0.00039573467802256346,0.00077442656038329,0.0003786918823607266,95.69337826368981
469,Missed,4.61916,Singlet,,,,,,,
469,Missed,6.05716,Singlet,,,,,,,
469,Missed,7.346230000000001,Triplet,,,,,,,
470,Matched,3.2647874999999997,Quartet,3.23732,Singlet,0.027467499999999756,0.0022930046543478966,0.001954497303813696,0.00033850735053420067,14.762610703486258
470,Matched,3.4448400000000006,Triplet,3.45461,Singlet,0.009769999999999612,0.0022749134805053473,0.003211340634152293,0.000936427153646946,41.16319858630091
470,Matched,6.49906,Singlet,6.49906,Singlet,0.0,0.002265332732349634,0.0024093380197882652,0.00014400528743863106,6.356915493348599
470,Matched,7.55863,Singlet,7.55863,Singlet,0.0,0.004524457734078169,0.006283314898610115,0.0017588571645319462,38.874430217001525
470,Matched,7.7393,Singlet,7.7393,Singlet,0.0,0.002265162533149123,0.002261520829051733,3.641704097390175e-06,0.16077010122215496
470,Matched,7.9285049999999995,Doublet,7.9297249999999995,Doublet,0.0012199999999999989,0.004550504498183727,0.006855574902147055,0.0023050704039633274,50.65527140745307
470,Missed,3.0371249999999996,Quartet,,,,,,,
470,Spurious,,,3.09572,Singlet,,,,,
471,Matched,0.9448289999999999,Quartet,0.920415,Singlet,0.024413999999999936,0.010811042971909046,0.02033657766878605,0.009525534696877003,88.10930380748412
471,Matched,2.556165,Doublet,2.53908,Singlet,0.01708500000000024,0.0008000119705684483,0.001091394224204123,0.0002913822536356747,36.42223671086236
471,Matched,3.3891760000000004,Multiplet,3.413105,Doublet,0.023928999999999423,0.0024013835936784744,0.003493809374049306,0.0010924257803708315,45.491515110146885
471,Matched,3.92824,Singlet,3.91848,Singlet,0.009759999999999991,0.0011882768012583256,0.0013485881499946117,0.00016031134873628616,13.491077884085971
471,Missed,1.04004,Singlet,,,,,,,
471,Missed,1.21338,Singlet,,,,,,,
471,Missed,1.33985,Multiplet,,,,,,,
471,Missed,1.5226316666666666,Multiplet,,,,,,,
471,Missed,1.8186350000000002,Multiplet,,,,,,,
471,Missed,2.0568950000000004,Quartet,,,,,,,
471,Missed,2.3193475,Quartet,,,,,,,
471,Missed,3.624285,Quartet,,,,,,,
471,Missed,3.68166,Doublet,,,,,,,
471,Missed,3.88918,Doublet,,,,,,,
471,Missed,5.35159,Doublet,,,,,,,
471,Spurious,,,0.961919,Doublet,,,,,
471,Spurious,,,1.04004,Singlet,,,,,
471,Spurious,,,1.74317,Singlet,,,,,
471,Spurious,,,1.88478,Singlet,,,,,
472,Matched,0.793461,Singlet,0.798344,Singlet,0.004883000000000082,0.006248852703720331,0.0052183158695697784,0.0010305368341505527,16.49161666968098
472,Matched,0.8483925,Doublet,0.837407,Singlet,0.010985499999999981,0.006302936468273401,0.004682143684476614,0.0016207927837967873,25.71488372055224
472,Matched,0.972092,Multiplet,0.971685,Singlet,0.0004069999999999352,0.014728630892932415,0.01463666558265686,9.196531027555466e-05,0.6243982278059839
472,Matched,3.386246,Multiplet,3.42775,Singlet,0.04150400000000021,0.004206362646073103,0.0038491683080792427,0.00035719433799386024,8.491762790051473
472,Missed,1.5177074999999998,Multiplet,,,,,,,
472,Missed,1.7590414285714289,Multiplet,,,,,,,
472,Missed,1.9267227272727276,Multiplet,,,,,,,
472,Missed,2.0414316666666665,Multiplet,,,,,,,
472,Missed,2.2448833333333336,Multiplet,,,,,,,
472,Missed,2.5225950000000004,Quartet,,,,,,,
472,Missed,3.4900075,Quartet,,,,,,,
472,Missed,3.5528750000000002,Quartet,,,,,,,
472,Missed,4.398215,Quartet,,,,,,,
472,Missed,5.344265,Doublet,,,,,,,
472,Spurious,,,1.00586,Singlet,,,,,
472,Spurious,,,1.49171,Singlet,,,,,
472,Spurious,,,1.6504,Singlet,,,,,
472,Spurious,,,1.72608,Singlet,,,,,
472,Spurious,,,1.84815,Singlet,,,,,
472,Spurious,,,2.23878,Singlet,,,,,
473,Matched,0.8870486666666667,Triplet,0.888676,Singlet,0.001627333333333314,0.004462956916540861,0.003853350644931197,0.000609606271609664,13.659246168169517
473,Matched,1.27686,Quartet,1.26221,Singlet,0.014650000000000052,0.011553374119102955,0.01098710298538208,0.0005662711337208748,4.901348540116713
473,Matched,2.31202,Triplet,2.31691,Singlet,0.004890000000000061,0.0029962367843836546,0.0022229114547371864,0.0007733253296464682,25.809887044876735
473,Matched,5.99124,Singlet,5.99124,Singlet,0.0,0.00296194851398468,0.002116072690114379,0.0008458758238703012,28.558086674246503
473,Matched,7.17777,Singlet,7.17777,Singlet,0.0,0.0014852010644972324,0.0011970589403063059,0.00028814212419092655,19.400883225764986
473,Matched,7.400426,Multiplet,7.397495,Doublet,0.002931000000000239,0.012052701786160469,0.015404420904815197,0.003351719118654728,27.808861267133846
473,Missed,1.577155,Quartet,,,,,,,
473,Missed,7.316929999999999,Triplet,,,,,,,
474,Matched,0.9692435,Doublet,0.969243,Singlet,5.00000000069889e-07,0.0034963209182024,0.005927081685513258,0.0024307607673108578,69.52338827525621
474,Matched,1.36719,Singlet,1.36719,Singlet,0.0,0.00349127734079957,0.007110506761819124,0.003619229421019554,103.6649073599716
474,Matched,1.8277075,Multiplet,1.87745,Singlet,0.04974250000000002,0.003920247778296471,0.002714312868192792,0.0012059349101036787,30.761701257253524
474,Matched,2.08314,Multiplet,2.11915,Singlet,0.03600999999999965,0.00814095325767994,0.011928126215934753,0.003787172958254814,46.52001845953488
474,Matched,2.2339,Singlet,2.24122,Singlet,0.007319999999999993,0.0008857742068357766,0.0010583836119621992,0.00017260940512642264,19.48684030245471
474,Matched,3.98928,Singlet,3.98928,Singlet,0.0,0.0011615860275924206,0.0013247951865196228,0.00016320915892720222,14.0505442602026
474,Matched,5.70071,Singlet,5.70071,Singlet,0.0,0.001160949352197349,0.0015610044356435537,0.00040005508344620466,34.45930545454144
474,Missed,1.07667,Singlet,,,,,,,
474,Missed,1.699225,Doublet,,,,,,,
474,Missed,1.97633,Doublet,,,,,,,
474,Missed,2.174085,Doublet,,,,,,,
474,Missed,2.37794,Singlet,,,,,,,
474,Missed,2.5122166666666668,Triplet,,,,,,,
474,Missed,4.3603724999999995,Quartet,,,,,,,
474,Missed,4.860865,Doublet,,,,,,,
474,Missed,5.036645,Doublet,,,,,,,
474,Spurious,,,4.91458,Singlet,,,,,
474,Spurious,,,4.98294,Singlet,,,,,
475,Matched,6.785925,Quartet,6.78714,Singlet,0.0012150000000001882,0.0066898721270263195,0.008078871294856071,0.001388999167829752,20.76271625907996
475,Matched,6.99711,Singlet,6.99466,Singlet,0.0024500000000005073,0.0066308691166341305,0.011283031664788723,0.0046521625481545925,70.15916716685336
475,Matched,7.2986249999999995,Doublet,7.29252,Singlet,0.006104999999999805,0.006675730925053358,0.006234814878553152,0.000440916046500206,6.604760608991769
476,Matched,1.3956766666666667,Triplet,1.39649,Singlet,0.0008133333333333326,0.003591868793591857,0.006168271880596876,0.002576403087005019,71.72876391257668
476,Matched,3.95754,Singlet,3.95754,Singlet,0.0,0.003556064097210765,0.00374024361371994,0.0001841795165091753,5.179308119154499
476,Matched,6.15726,Singlet,6.15726,Singlet,0.0,0.0011855224147439003,0.0014247449580579996,0.0002392225433140993,20.178660507720288
476,Matched,8.03227,Triplet,8.03959,Singlet,0.007319999999999993,0.0023981421254575253,0.0028796284459531307,0.00048148632049560547,20.077472280911874
476,Matched,8.81352,Singlet,8.81352,Singlet,0.0,0.0011853859759867191,0.001425217604264617,0.00023983162827789783,20.232365924378445
476,Matched,9.28471,Singlet,9.28471,Singlet,0.0,0.0011871855240315199,0.0014270814135670662,0.0002398958895355463,20.2071104035107
476,Missed,4.3084925,Quartet,,,,,,,
476,Missed,7.52933,Singlet,,,,,,,
476,Missed,7.75883,Singlet,,,,,,,
477,Matched,0.815434,Singlet,0.8288614999999999,Doublet,0.013427499999999926,0.006136634387075901,0.005740857683122158,0.000395776703953743,6.449409871757573
477,Matched,1.15723,Singlet,1.15723,Singlet,0.0,0.006156622897833586,0.00788116455078125,0.0017245416529476643,28.01116263844099
477,Matched,1.4069542857142854,Multiplet,1.41846,Singlet,0.011505714285714674,0.00408167066052556,0.002507379511371255,0.0015742911491543055,38.569773999149604
477,Matched,2.641615,Multiplet,2.64161,Singlet,4.999999999810711e-06,0.004140601027756929,0.004211473278701305,7.087225094437599e-05,1.7116416305091178
477,Matched,2.9280733333333333,Triplet,2.9297,Singlet,0.0016266666666666652,0.004129969514906406,0.0038389728870242834,0.000290996627882123,7.045975202282276
477,Matched,5.72024,Singlet,5.72024,Singlet,0.0,0.0020444048568606377,0.0018147523514926434,0.0002296525053679943,11.233220494332311
477,Matched,7.23789,Multiplet,7.23148,Singlet,0.006409999999999805,0.010395010933279991,0.01440746895968914,0.004012458026409149,38.59984421529683
477,Missed,0.9877986,Multiplet,,,,,,,
477,Missed,1.23261,Multiplet,,,,,,,
477,Missed,1.6461267857142856,Multiplet,,,,,,,
477,Missed,2.01478,Multiplet,,,,,,,
477,Missed,2.368989333333333,Multiplet,,,,,,,
477,Missed,4.66067,Singlet,,,,,,,
477,Spurious,,,1.54542,Singlet,,,,,
477,Spurious,,,1.69679,Singlet,,,,,
478,Matched,3.37648,Singlet,3.37648,Singlet,0.0,0.003556359326466918,0.0036583177279680967,0.00010195840150117874,2.8669319419550834
478,Matched,4.4128625,Quartet,4.3799,Singlet,0.032962500000000006,0.0012040419969707727,0.001799069344997406,0.0005950273480266333,49.41915228236654
478,Matched,7.3975,Singlet,7.3975,Singlet,0.0,0.0011882719118148088,0.0014838401693850756,0.0002955682575702667,24.87378979772862
478,Matched,7.586705,Doublet,7.5806,Singlet,0.006105000000000693,0.002384901512414217,0.0041954852640628815,0.0018105837516486645,75.91859631200556
478,Matched,7.978556666666667,Triplet,7.981,Singlet,0.002443333333332909,0.001192911877296865,0.002035361248999834,0.0008424493717029691,70.62125775895174
478,Matched,8.64262,Singlet,8.64262,Singlet,0.0,0.001185406930744648,0.0014331154525279999,0.0002477085217833519,20.896496836554395
478,Matched,9.75103,Singlet,9.75103,Singlet,0.0,0.0011871535098180175,0.0014347833348438144,0.0002476298250257969,20.85912419732111
478,Missed,3.6102475000000003,Quartet,,,,,,,
478,Missed,3.8311975,Quartet,,,,,,,
478,Missed,4.1467475,Quartet,,,,,,,
478,Missed,4.4905800000000005,Triplet,,,,,,,
478,Missed,7.1484749999999995,Doublet,,,,,,,
478,Missed,7.31327,Doublet,,,,,,,
479,Matched,7.56596,Singlet,7.56596,Singlet,0.0,0.003561473684385419,0.003159979823976755,0.00040149386040866375,11.273250794156773
480,Matched,1.219246,Multiplet,1.1963,Singlet,0.022946000000000133,0.0054176910780370235,0.010005278512835503,0.004587587434798479,84.67790740960237
480,Matched,1.42335,Singlet,1.42335,Singlet,0.0,0.0035578603856265545,0.00299867894500494,0.0005591814406216145,15.71678986844618
480,Matched,2.61964,Triplet,2.6172,Singlet,0.0024399999999999977,0.0011975121451541781,0.001783462124876678,0.0005859499797224998,48.93060851980416
480,Matched,2.97853,Singlet,2.97853,Singlet,0.0,0.0011863525724038482,0.0012459184508770704,5.9565878473222256e-05,5.020925470117777
480,Matched,3.172866,Multiplet,3.13722,Singlet,0.035645999999999844,0.003606923157349229,0.006164059042930603,0.002557135885581374,70.89521384371947
480,Matched,6.97269,Singlet,7.01175,Singlet,0.039060000000000095,0.0004742807359434664,0.001086699077859521,0.0006124183419160545,129.1257045677381
480,Missed,4.11379,Doublet,,,,,,,
480,Missed,7.06058,Singlet,,,,,,,
480,Spurious,,,3.20802,Singlet,,,,,
481,Matched,0.993657,Singlet,0.993657,Singlet,0.0,0.003557276213541627,0.0035560959950089455,1.1802185326814651e-06,0.03317759043249663
481,Matched,1.26954,Singlet,1.2963933333333333,Triplet,0.026853333333333396,0.0035729054361581802,0.004080954939126968,0.0005080495029687881,14.21950600279743
481,Matched,1.50147,Singlet,1.50147,Singlet,0.0,0.00355945760384202,0.005555783398449421,0.001996325794607401,56.08511230622889
481,Matched,2.29298,Multiplet,2.26319,Singlet,0.029790000000000205,0.002403245074674487,0.002077061915770173,0.00032618315890431404,13.57261322790788
481,Matched,3.308123333333333,Triplet,3.30812,Singlet,3.3333333329110815e-06,0.001195551361888647,0.0019554556347429752,0.0007599042728543282,63.56098927058101
481,Matched,4.2956775,Quartet,4.31887,Singlet,0.023192500000000393,0.00222613662481308,0.0014997351681813598,0.0007264014566317201,32.63058738331989
481,Matched,4.865745,Doublet,4.86819,Singlet,0.0024449999999998084,0.0011915937066078186,0.002368142595514655,0.0011765488889068365,98.73742051359007
481,Matched,6.10599,Singlet,6.10599,Singlet,0.0,0.0011854839976876974,0.0012059432920068502,2.0459294319152832e-05,1.72581783972276
481,Matched,6.268345,Doublet,6.26956,Singlet,0.0012150000000001882,0.0011955292429775,0.002870821161195636,0.0016752919182181358,140.12973150249115
481,Missed,1.32325,Singlet,,,,,,,
481,Missed,1.6504,Singlet,,,,,,,
481,Missed,1.9274983333333333,Multiplet,,,,,,,
481,Missed,2.043465,Quartet,,,,,,,
481,Missed,2.385266666666667,Triplet,,,,,,,
481,Missed,2.43898,Singlet,,,,,,,
481,Missed,2.66115,Singlet,,,,,,,
481,Missed,4.4891575,Quartet,,,,,,,
481,Missed,7.2412475,Quartet,,,,,,,
482,Matched,6.72855,Doublet,6.69681,Singlet,0.0317400000000001,0.00452030124142766,0.0035051980521529913,0.0010151031892746687,22.45653851498768
482,Matched,6.826206666666667,Triplet,6.83841,Singlet,0.0122033333333329,0.004560322035104036,0.00660379882901907,0.0020434767939150333,44.809923031420624
482,Matched,7.091506666666667,Triplet,7.097205,Doublet,0.005698333333333139,0.006813784129917622,0.01138359121978283,0.004569807089865208,67.06709521072627
482,Matched,8.320355,Doublet,8.31791,Singlet,0.0024449999999998084,0.00451888982206583,0.004512311890721321,6.577931344509125e-06,0.14556520746288065
482,Missed,6.981235,Quartet,,,,,,,
482,Spurious,,,6.77982,Doublet,,,,,
482,Spurious,,,7.0557,Singlet,,,,,
483,Matched,3.84035,Doublet,3.84035,Singlet,0.0,0.005244455765932798,0.004932387266308069,0.00031206849962472916,5.950445833710326
483,Matched,5.90823,Singlet,5.90823,Singlet,0.0,0.0011623299214988947,0.0011492380872368813,1.3091834262013435e-05,1.1263440800982498
483,Matched,6.28909,Singlet,6.29154,Singlet,0.0024500000000005073,0.0011645699851214886,0.0009943125769495964,0.00017025740817189217,14.619766123727706
483,Matched,6.9141,Singlet,6.9141,Singlet,0.0,0.0005812642048113048,0.0009277627104893327,0.00034649850567802787,59.611189336957594
483,Missed,3.330095,Doublet,,,,,,,
483,Missed,6.20609,Singlet,,,,,,,
484,Matched,0.8374066666666667,Triplet,0.803227,Singlet,0.03417966666666672,0.0035967433359473944,0.004213789943605661,0.000617046607658267,17.15570309093893
484,Matched,2.5164950000000004,Quartet,2.53663,Singlet,0.020134999999999792,0.0012303510447964072,0.0017937367083504796,0.0005633856635540724,45.7906437302452
484,Matched,2.760635,Quartet,2.72951,Singlet,0.03112500000000029,0.001193328178487718,0.0015560274478048086,0.0003626992693170905,30.39392481092103
484,Matched,3.0298,Doublet,3.0298,Singlet,0.0,0.001183556392788887,0.0020684353075921535,0.0008848789148032665,74.76440668096699
484,Missed,0.9094285,Doublet,,,,,,,
484,Missed,1.076665,Doublet,,,,,,,
484,Missed,1.148685,Doublet,,,,,,,
484,Missed,1.33301,Singlet,,,,,,,
484,Missed,1.4495925,Quartet,,,,,,,
484,Missed,1.5838675,Quartet,,,,,,,
484,Missed,1.7545666666666666,Triplet,,,,,,,
484,Missed,1.8774499999999998,Triplet,,,,,,,
484,Missed,2.063,Singlet,,,,,,,
484,Missed,2.3755,Singlet,,,,,,,
484,Missed,5.33938,Singlet,,,,,,,
484,Missed,5.52371,Doublet,,,,,,,
484,Missed,5.79349,Singlet,,,,,,,
484,Missed,6.00589,Doublet,,,,,,,
484,Spurious,,,0.834965,Singlet,,,,,
484,Spurious,,,0.896001,Singlet,,,,,
484,Spurious,,,1.08155,Singlet,,,,,
484,Spurious,,,1.14991,Singlet,,,,,
485,Matched,1.1108449999999999,Doublet,1.11085,Singlet,5.000000000032756e-06,0.00630864966660738,0.00975564680993557,0.00344699714332819,54.63922274165354
485,Matched,1.14991,Singlet,1.14991,Singlet,0.0,0.006265319883823395,0.00856692623347044,0.002301606349647045,36.73565583761537
485,Matched,6.40628,Singlet,6.40628,Singlet,0.0,0.0020707808434963226,0.0017950041219592094,0.0002757767215371132,13.317523310264432
485,Matched,6.9916125,Quartet,7.0142,Singlet,0.022587500000000205,0.0063011860474944115,0.006050108000636101,0.0002510780468583107,3.9846156733961027
485,Matched,7.10941,Triplet,7.122835,Doublet,0.013425000000000686,0.004185729660093784,0.003037418471649289,0.0011483111884444952,27.433954930065084
485,Matched,7.335486,Multiplet,7.33158,Singlet,0.003906000000000631,0.00840996578335762,0.008930073119699955,0.0005201073363423347,6.184416794793254
485,Missed,2.1936150000000003,Doublet,,,,,,,
485,Missed,2.32301,Doublet,,,,,,,
485,Missed,5.91881,Triplet,,,,,,,
486,Matched,2.530531666666667,Multiplet,2.5049,Singlet,0.02563166666666694,0.010135404765605927,0.0034235746134072542,0.006711830152198672,66.22162910528239
486,Matched,3.158585,Quartet,3.1714,Singlet,0.012815000000000243,0.010118827223777771,0.005014842841774225,0.005103984382003546,50.44047367475477
486,Matched,3.4131033333333334,Triplet,3.40822,Singlet,0.004883333333333351,0.010067456401884556,0.0066553764045238495,0.0034120799973607063,33.892175552128435
486,Matched,4.440126666666667,Triplet,4.44582,Singlet,0.005693333333333328,0.02022518962621689,0.015553144738078117,0.004672044888138771,23.100128970274948
486,Missed,2.2717374999999995,Quartet,,,,,,,
486,Spurious,,,2.32667,Singlet,,,,,
486,Spurious,,,2.46583,Singlet,,,,,
487,Matched,3.9392300000000002,Doublet,3.95022,Singlet,0.010989999999999611,0.0071576666086912155,0.005847351625561714,0.0013103149831295013,18.3064545300063
487,Matched,7.37308,Singlet,7.37308,Singlet,0.0,0.0011846156558021903,0.0012449870118871331,6.037135608494282e-05,5.096282139210876
487,Matched,7.8223,Singlet,7.8223,Singlet,0.0,0.0011844858527183533,0.001318329363130033,0.00013384351041167974,11.299713720051075
488,Matched,3.919695,Doublet,3.92824,Singlet,0.008545000000000247,0.007157105021178722,0.005089682061225176,0.0020674229599535465,28.886301847406134
488,Matched,7.467891666666667,Multiplet,7.45365,Singlet,0.01424166666666693,0.00959220714867115,0.014640146866440773,0.005047939717769623,52.62542436303553
488,Matched,7.61723,Singlet,7.61723,Singlet,0.0,0.0023762839846313,0.0022138231433928013,0.0001624608412384987,6.836760348898527
488,Matched,7.7698149999999995,Doublet,7.76615,Singlet,0.0036649999999998073,0.004745310638099909,0.005848289933055639,0.0011029792949557304,23.243563574109437
489,Matched,6.7944700000000005,Doublet,6.7944700000000005,Doublet,0.0,0.007170836441218853,0.009798177517950535,0.002627341076731682,36.639255382111365
489,Matched,7.83451,Singlet,7.83451,Singlet,0.0,0.0035519981756806374,0.002786295721307397,0.0007657024543732405,21.5569495394382
490,Matched,0.889897,Doublet,0.883793,Singlet,0.006103999999999998,0.0032754249405115843,0.005190867930650711,0.0019154429901391268,58.47922101490612
490,Matched,1.00831,Singlet,1.00831,Singlet,0.0,0.0032605351880192757,0.0030927094630897045,0.00016782572492957115,5.147183368737776
490,Matched,1.35743,Singlet,1.35743,Singlet,0.0,0.0032537966035306454,0.00396952498704195,0.0007157283835113049,21.996715551755106
490,Matched,2.0977875,Quartet,2.126475,Doublet,0.0286875000000002,0.0043886578641831875,0.006644961889833212,0.0022563040256500244,51.41216507361449
490,Matched,4.21877,Singlet,4.21877,Singlet,0.0,0.0010846609948202968,0.0014079571701586246,0.0003232961753383279,29.806195381063795
490,Matched,4.91702,Singlet,4.94876,Singlet,0.0317400000000001,0.000664025079458952,0.0006820966955274343,1.80716160684824e-05,2.7215261332007463
490,Matched,5.04397,Doublet,4.99514,Singlet,0.04882999999999971,0.0010948041453957558,0.0009312625043094158,0.00016354164108633995,14.937981535247296
490,Matched,6.08401,Singlet,6.08401,Singlet,0.0,0.0010859514586627483,0.0012613635044544935,0.00017541204579174519,16.15284406982144
490,Matched,6.322055,Doublet,6.32327,Singlet,0.0012150000000001882,0.0010928440606221557,0.002895039739087224,0.0018021956784650683,164.90876817677713
490,Missed,1.522225,Doublet,,,,,,,
490,Missed,1.87501,Quartet,,,,,,,
490,Missed,2.2892333333333332,Triplet,,,,,,,
490,Missed,2.353038,Multiplet,,,,,,,
490,Missed,2.5341933333333335,Triplet,,,,,,,
490,Missed,2.688,Singlet,,,,,,,
490,Missed,4.88528,Singlet,,,,,,,
490,Missed,7.210730000000001,Quartet,,,,,,,
491,Matched,7.12894,Singlet,7.12894,Singlet,0.0,0.004529737867414951,0.004225529730319977,0.0003042081370949745,6.71580003079916
491,Matched,7.565143333333332,Triplet,7.55863,Singlet,0.006513333333332483,0.00458961445838213,0.005676814820617437,0.0010872003622353077,23.688272121631613
491,Matched,7.750285,Doublet,7.736855,Doublet,0.013429999999999609,0.004602797795087099,0.0034931949339807034,0.0011096028611063957,24.107138972968908
491,Matched,7.7991150000000005,Doublet,7.79545,Singlet,0.0036650000000006955,0.004617417696863413,0.0068659004755318165,0.0022484827786684036,48.69567637763822
491,Spurious,,,7.59769,Singlet,,,,,
492,Matched,7.568398333333332,Multiplet,7.5684,Singlet,1.6666666677878084e-06,0.014136271551251411,0.01296993251889944,0.0011663390323519707,8.25068355629261
492,Matched,7.869915,Doublet,7.86381,Singlet,0.006104999999999805,0.006966509856283665,0.0057613430544734,0.0012051668018102646,17.299434389276378
492,Matched,8.05424,Triplet,8.0518,Singlet,0.0024399999999999977,0.014057646505534649,0.01326312031596899,0.0007945261895656586,5.651914701745025
492,Matched,8.341513333333333,Triplet,8.33744,Singlet,0.004073333333332485,0.006987714674323797,0.006217386573553085,0.0007703281007707119,11.024034847920529
492,Matched,8.84282,Singlet,8.84526,Singlet,0.0024399999999999977,0.006932164076715708,0.007029056549072266,9.689247235655785e-05,1.3977232980103258
492,Spurious,,,8.09086,Singlet,,,,,
493,Matched,0.8870486666666667,Triplet,0.888676,Singlet,0.001627333333333314,0.003559569828212261,0.004056570120155811,0.0004970002919435501,13.962369497697445
493,Matched,1.2611657142857144,Multiplet,1.26221,Singlet,0.0010442857142856088,0.013407894410192966,0.017739785835146904,0.0043318914249539375,32.30851386822335
493,Matched,2.27296,Triplet,2.27784,Singlet,0.0048799999999999955,0.0023890240117907524,0.0023848935961723328,4.130415618419647e-06,0.17289133964474435
493,Missed,1.5975033333333333,Triplet,,,,,,,
493,Missed,4.1357625,Quartet,,,,,,,
493,Spurious,,,2.24122,Singlet,,,,,
494,Matched,7.638386666666666,Triplet,7.63676,Singlet,0.0016266666666666652,0.006571915466338396,0.006987663917243481,0.0004157484509050846,6.326138140920469
494,Matched,8.094525,Quartet,8.08598,Singlet,0.008545000000001579,0.013111873529851437,0.016667813062667847,0.00355593953281641,27.119995664393052
494,Matched,8.681685,Doublet,8.68168,Singlet,4.999999999810711e-06,0.0065180230885744095,0.008389445021748543,0.0018714219331741333,28.71149592051294
494,Spurious,,,8.0518,Singlet,,,,,
494,Spurious,,,8.14213,Singlet,,,,,
495,Matched,2.19239,Singlet,2.19239,Singlet,0.0,0.005337385460734367,0.004706424195319414,0.0006309612654149532,11.821542027585538
495,Matched,4.66799,Singlet,4.66799,Singlet,0.0,0.0035560685209929943,0.002935463562607765,0.0006206049583852291,17.451996628342016
495,Matched,6.8469549999999995,Doublet,6.84818,Singlet,0.0012250000000006978,0.0017899289960041642,0.002351616509258747,0.0005616875132545829,31.38043545350087
495,Matched,7.162310000000001,Triplet,7.18265,Singlet,0.020339999999999137,0.0018081562593579292,0.0025782829616218805,0.0007701267022639513,42.59182237587259
495,Missed,7.21927,Singlet,,,,,,,
496,Matched,0.903325,Triplet,0.900883,Singlet,0.0024420000000000552,0.007143041584640741,0.008011342026293278,0.0008683004416525364,12.15589229551164
496,Matched,1.2942233333333333,Multiplet,1.26954,Singlet,0.02468333333333339,0.004781518597155809,0.0050368234515190125,0.00025530485436320305,5.339409419322682
496,Matched,1.4609076923076922,Multiplet,1.50147,Singlet,0.04056230769230784,0.007596299517899752,0.006913846358656883,0.0006824531592428684,8.98402120183322
496,Matched,2.2576613333333335,Multiplet,2.2754,Singlet,0.017738666666666347,0.014328482560813427,0.017569905146956444,0.003241422586143017,22.622232133693586
496,Matched,2.46095,Quartet,2.43898,Singlet,0.021970000000000045,0.002063153078779578,0.0020622427109628916,9.103678166866302e-07,0.04412507370636513
496,Matched,2.58302,Singlet,2.58302,Singlet,0.0,0.0023613199591636658,0.002675555180758238,0.00031423522159457207,13.307608753955908
496,Matched,3.18117,Singlet,3.18117,Singlet,0.0,0.002357256133109331,0.002162451855838299,0.00019480427727103233,8.264026744267131
496,Matched,5.69095,Singlet,5.69339,Singlet,0.0024399999999999977,0.0023539504036307335,0.004160639829933643,0.0018066894263029099,76.75138029740438
496,Missed,1.14084,Multiplet,,,,,,,
496,Missed,1.6675796296296295,Multiplet,,,,,,,
496,Missed,1.8595483333333334,Multiplet,,,,,,,
496,Missed,1.9991714285714288,Multiplet,,,,,,,
496,Spurious,,,1.5503,Singlet,,,,,
496,Spurious,,,1.78224,Singlet,,,,,
496,Spurious,,,2.31935,Singlet,,,,,
497,Matched,1.0880566666666667,Triplet,1.08887,Singlet,0.0008133333333333326,0.007148300763219595,0.007634948939085007,0.00048664817586541176,6.807886125460471
497,Matched,1.4270100000000001,Doublet,1.42091,Singlet,0.006100000000000216,0.003560600569471717,0.005095583852380514,0.0015349832829087973,43.11023528080099
497,Matched,3.309098,Multiplet,3.31789,Singlet,0.008791999999999689,0.004690415225923061,0.003977173939347267,0.0007132412865757942,15.206357054143968
497,Matched,7.536655,Doublet,7.4976,Singlet,0.039054999999999396,0.0011807283153757453,0.0008783649536781013,0.000302363361697644,25.608207896786347
497,Matched,7.990763333333334,Triplet,7.9932,Singlet,0.0024366666666661985,0.0023743731435388327,0.002727816579863429,0.0003534434363245964,14.885757838290504
497,Missed,5.588405,Doublet,,,,,,,
497,Missed,7.444696666666666,Triplet,,,,,,,
498,Matched,1.781625,Quartet,1.81153,Singlet,0.02990500000000007,0.003602121025323868,0.004667734261602163,0.0010656132362782955,29.58293818521786
498,Matched,3.2745499999999996,Quartet,3.26906,Singlet,0.005489999999999551,0.007190197706222534,0.00805722177028656,0.0008670240640640259,12.058417577498414
498,Matched,3.75002,Singlet,3.75002,Singlet,0.0,0.0035563786514103413,0.0032257926650345325,0.0003305859863758087,9.295578980171566
498,Matched,6.57474,Singlet,6.57474,Singlet,0.0,0.0017779705813154578,0.001808858010917902,3.088742960244417e-05,1.7372295091402272
498,Missed,1.870125,Quartet,,,,,,,
499,Matched,3.83913,Doublet,3.85012,Singlet,0.010990000000000055,0.007157683838158846,0.005799928214401007,0.0013577556237578392,18.969203648244562
499,Matched,6.646765,Doublet,6.65287,Singlet,0.006104999999999805,0.0011910767061635852,0.003067031968384981,0.001875955262221396,157.5007934009372
500,Matched,2.0819175000000003,Quartet,2.05567,Singlet,0.0262475000000002,0.008990813978016376,0.013739923015236855,0.004749109037220478,52.82179176248805
500,Missed,3.43752,Singlet,,,,,,,
500,Missed,5.27346,Singlet,,,,,,,
500,Missed,5.37844,Singlet,,,,,,,
500,Spurious,,,2.0923,Singlet,,,,,
500,Spurious,,,3.43752,Singlet,,,,,
501,Matched,2.17042,Singlet,2.17042,Singlet,0.0,0.003556243609637022,0.0030184483621269464,0.0005377952475100756,15.122564889894232
501,Matched,2.5879,Singlet,2.5879,Singlet,0.0,0.003556825453415513,0.003018658608198166,0.0005381668452173471,15.130538517164558
501,Matched,6.53812,Singlet,6.53812,Singlet,0.0,0.0023707528598606586,0.0022051436826586723,0.0001656091772019863,6.985509962085209
501,Matched,7.353555,Doublet,7.38773,Singlet,0.03417500000000029,0.0033852679189294577,0.0035859933122992516,0.0002007253933697939,5.929379835710918
501,Matched,8.41557,Singlet,8.41557,Singlet,0.0,0.0011853612959384918,0.0010747909545898438,0.00011057034134864807,9.327986473618212
501,Missed,7.496783333333333,Triplet,,,,,,,
502,Matched,0.9643605,Doublet,0.96436,Singlet,4.999999999588667e-07,0.003569855820387602,0.004289519973099232,0.0007196641527116299,20.159473909326998
502,Matched,1.29395,Doublet,1.29151,Singlet,0.0024399999999999977,0.0035677673295140266,0.00769805908203125,0.004130291752517223,115.76684719179318
502,Matched,1.4559,Triplet,1.45997,Singlet,0.004070000000000018,0.0035784943029284477,0.004164139274507761,0.0005856449715793133,16.36568126153094
502,Matched,2.07032,Singlet,2.07032,Singlet,0.0,0.003557723481208086,0.0035540731623768806,3.650318831205368e-06,0.10260265730280532
502,Matched,5.340605,Doublet,5.34671,Singlet,0.006104999999999805,0.0011928541352972388,0.0017463226104155183,0.0005534684751182795,46.39867178566343
502,Missed,1.6748100000000001,Triplet,,,,,,,
502,Missed,1.8890475,Quartet,,,,,,,
502,Missed,2.41945,Singlet,,,,,,,
502,Missed,2.73927,Singlet,,,,,,,
502,Missed,2.7913533333333334,Triplet,,,,,,,
502,Missed,4.704615,Doublet,,,,,,,
502,Missed,6.14505,Quartet,,,,,,,
502,Missed,6.318395,Doublet,,,,,,,
