Name,SMILES,MW,MW_range
dimethyl fumarate,O=C(OC)\C=C\C(=O)OC,144.126,
"3-nitro-1,2,4-triazol-5-one",[O-][N+](=O)C1=N\C(=O)\N=N1,128.047,
nonanal,O=CCCCCCCCC,142.242,
adenine,[nH]2c1ncnc(c1nc2)N,135.13,
4-aminobenzoic acid,O=C(O)c1ccc(N)cc1,137.138,
"1,4-dichlorobenzene",Clc1ccc(Cl)cc1,147.004,
adipic acid,C(CCC(=O)O)CC(=O)O,146.142,
naphthalene,c1ccc2ccccc2c1,128.174,
diisopropylsulfide,S(C(C)C)C(C)C,118.245,
4-fluorobenzoic acid,O=C(O)c1ccc(F)cc1,140.113,
cinnamic acid,O=C(O)C=Cc1ccccc1,148.161,
4-nitrotoluene,O=[N+]([O-])c1ccc(C)cc1,137.138,
"2,4-dimethyl-3-pentanol",CC(C(C(C)C)O)C,116.204,
benzoic acid,O=C(O)c1ccccc1,122.123,
3-chloroanisole,COc1cc(Cl)ccc1,142.585,
4-hydroxybenzoic acid,O=C(O)c1ccc(O)cc1,138.122,
4-hydroxybenzaldehyde,O=Cc1ccc(O)cc1,122.123,
"2,3-dimethylbutanol",C(C(C(C)C)C)O,102.177,
2-methylheptane,C(CCCCC)(C)C,114.232,
hexanaldehyde,CCCCCC=O,100.161,
acetanilide,O=C(Nc1ccccc1)C,135.166,
heptylamine,NCCCCCCC,115.22,
"2,4,6-trimethylphenol",Oc1c(cc(cc1C)C)C,136.194,
4-hydroxy-3-methylbenzaldehyde,O=Cc1ccc(O)c(c1)C,136.15,
benzimidazole,c1ccc2c(c1)[nH]cn2,118.139,
n-hexyl carbamate,NC(=O)OCCCCCC,145.202,
3-methylbenzoic acid,O=C(O)c1cc(ccc1)C,136.15,
nicotinic acid,O=C(O)c1cccnc1,123.111,
1-heptanol,OCCCCCCC,116.204,
octylamine,NCCCCCCCC,129.247,
salicylic acid,O=C(O)c1ccccc1O,138.122,
ethylenethiourea,S=C1NCCN1,102.162,
"1,4-diethylbenzene",C(C)c1ccc(cc1)CC,134.222,
"4,4-dimethyl-1-pentanol",OCCCC(C)(C)C,116.204,
ethyl capronate,O(CC)C(=O)CCCCC,144.214,
"1,1,1-trifluoropropan-2-ol",FC(F)(F)C(O)C,114.066,
2-methylbenzoic acid,O=C(O)c1ccccc1C,136.15,
salicylamide,O=C(c1ccccc1O)N,137.138,
Ethylcyclohexane,C1(CCCCC1)CC,112.216,
"1,1,2-trichloroethene",C(=CCl)(Cl)Cl,131.389,
"2,6-xylenol",Oc1c(cccc1C)C,122.167,
3-methyl-2-pentanol,CC(C(CC)C)O,102.177,
2-Chloro-2-methylbutane,ClC(CC)(C)C,106.596,
1-H-tetrazole-1-acetic acid,O=C(O)Cn1nnnc1,128.091,
4-methylbenzoic acid,Cc1ccc(cc1)C(=O)O,136.15,
erythritol,OC(C(O)CO)CO,122.12,
3-hexanol,OC(CCC)CC,102.177,
caprolactam,O=C1NCCCCC1,113.16,
maleic acid,C(=CC(=O)O)C(=O)O,116.072,
pentazocin,C\1=C\N=N/N=N\N=C1,109.092,
3-heptanol,OC(CCCC)CC,116.204,
4-methylcyclohexanol,OC1CCC(CC1)C,114.188,
2-naphthol,c1ccc2cc(ccc2c1)O,144.173,
"4,4-Dimethylbicyclo[3.2.1]octane-2,3-dione",CC1(C2CCC(C2)C(=O)C1=O)C,166.22,
caffeine,Cn1cnc2c1c(=O)n(c(=O)n2C)C,194.194,
biphenyl,c1ccc(cc1)c2ccccc2,154.212,
veratraldehyde,COc1cc(ccc1OC)C=O,166.176,
2-chloro-5-nitrobenzaldehyde,O=Cc1cc(ccc1Cl)[N+]([O-])=O,185.566,
"2-(1,3-benzodioxol-5-yl)acetic acid",O=C(O)Cc1ccc2OCOc2c1,180.159,
"2,6-dinitrotoluene",[N+](=O)([O-])c1c(c(ccc1)[N+](=O)[O-])C,182.135,
theophylline,N2(c1nc[nH]c1C(=O)N(C2=O)C)C,180.167,
phenothiazine,c1ccc2c(c1)Nc3ccccc3S2,199.278,
butamben,O=C(OCCCC)c1ccc(N)cc1,193.246,
acetaminophen,CC(=O)Nc1ccc(cc1)O,151.165,
indole-2-carboxylic acid,c1ccc2c(c1)cc([nH]2)C(=O)O,161.16,
phenacetin,O=C(Nc1ccc(OCC)cc1)C,179.219,
"DL-1,2-diphenylethanol",OC(Cc1ccccc1)c2ccccc2,198.265,
piperonal,O=Cc1ccc2OCOc2c1,150.133,
2-acetamidohexanoic acid,C(C(=O)O)(NC(=O)C)CCCC,173.212,
benzocaine,O=C(OCC)c1ccc(N)cc1,165.192,
DL-camphor,O=C1CC2CCC1(C)C2(C)C,152.237,
boc-alanine,O=C(OC(C)(C)C)N[C@H](C(=O)O)C,189.211,
4-nitrobenzaldehyde,c1cc(C=O)ccc1[N+](=O)[O-],151.121,
o-vanillin,Oc1c(cccc1OC)C=O,152.149,
anthracene,c1ccc2cc3ccccc3cc2c1,178.234,
monuron,Clc1ccc(NC(=O)N(C)C)cc1,198.653,
"3,4-dichlorobenzoic acid",Clc1ccc(C(=O)O)cc1Cl,191.013,
4-methoxybenzoic acid,COc1ccc(cc1)C(O)=O,152.149,
"2-(2,4-dioxo-1H-pyrimidin-5-yl)acetic acid",C1(=CNC(=O)NC1=O)CC(=O)O,170.124,
trans-stilbene,c1ccc(cc1)/C=C/c2ccccc2,180.25,
L-phenylalanine,c1ccc(cc1)C[C@@H](C(=O)O)N,165.192,
acridine,n1c3c(cc2c1cccc2)cccc3,179.222,
butylparaben,O=C(OCCCC)c1ccc(O)cc1,194.23,
4-Methoxycarbonylbenzoic acid,c1(ccc(cc1)C(=O)O)C(=O)OC,180.159,
Quinoline-2-carboxylic acid,c21c(ccc(n1)C(=O)O)cccc2,173.171,
3-nitrobenzoic acid,O=[N+]([O-])c1cc(C(=O)O)ccc1,167.12,
5-nitrothiophene-2-carbohydrazide,c1(sc(cc1)[N+](=O)[O-])C(=O)NN,187.18,
uric acid,O=C1\C2=C(/NC(=O)N1)NC(=O)N2,168.112,
5-nitrobarbituric acid,[N+](=O)([O-])C1C(=O)NC(=O)NC1=O,173.084,
2-chloronaphthalene,Clc1cc2c(cc1)cccc2,162.619,
phenanthrene,c1ccc2c(c1)ccc3c2cccc3,178.234,
4-phenylphenol,c1ccc(cc1)c2ccc(cc2)O,170.211,
daminozide,N(NC(=O)CCC(=O)O)(C)C,160.173,
vanillin,Oc1ccc(cc1OC)C=O,152.149,
9-fluorenone,O=C3c1ccccc1c2c3cccc2,180.206,
D-fructose,O[C@H]1[C@H](O)[C@H](O[C@]1(O)CO)CO,180.156,
4-methylsulfonylbenzenecarboximidamide,S(=O)(=O)(c1ccc(cc1)C(=N)N)C,198.247,
methylparaben,COC(=O)c1ccc(cc1)O,152.149,
3-Ethoxy-4-hydroxybenzaldehyde,C(=O)c1cc(c(cc1)O)OCC,166.176,
diethyl malonate,O=C(OCC)CC(=O)OCC,160.169,
suberic acid,O=C(O)CCCCCCC(=O)O,174.196,
xanthene,O2c1ccccc1Cc3c2cccc3,182.222,
1-Bromo-4-chlorobenzene,Brc1ccc(cc1)Cl,191.455,
methyl p-aminobenzoate,O=C(OC)c1ccc(N)cc1,151.165,
pimelic acid,O=C(O)CCCCCC(=O)O,160.169,
2-methoxybenzoic acid,O=C(O)c1ccccc1OC,152.149,
"3,4-dimethoxybenzoic acid",COc1c(cc(cc1)C(=O)O)OC,182.175,
decanoic acid,O=C(O)CCCCCCCCC,172.268,
"1,2-dibromoethylene",BrC=CBr,185.846,
ethylparaben,O=C(OCC)c1ccc(O)cc1,166.176,
benzalaniline,c1ccc(cc1)/C=N/c2ccccc2,181.238,
mandelic acid,O=C(O)C(O)c1ccccc1,152.149,
1-nitronaphthalene,[O-][N+](=O)c2cccc1ccccc12,173.171,
4-amino-N-methylbenzamide,O=C(c1ccc(N)cc1)NC,150.181,
"2,3-dimethyl-2,3-dinitrobutane",CC(C)(C(C)(C)[N+](=O)[O-])[N+](=O)[O-],176.172,
Benzo[f]quinoline,n3c1c(c2c(cc1)cccc2)ccc3,179.222,
chloroanthraquinone,O=C2c1ccccc1C(=O)c3c2cccc3Cl,242.661,
diethyl phthalate,CCOC(=O)c1ccccc1C(=O)OCC,222.24,
1-but-3-yn-2-yl-3-(4-chlorophenyl)-1-methylurea,Clc1ccc(cc1)NC(=O)N(C(C)C#C)C,236.702,
hexobarbital,O=C1N(C(=O)NC(=O)C1(/C2=C/CCCC2)C)C,236.271,
2-methoxy-5-methylbenzenesulfonamide,c1(c(ccc(c1)C)OC)S(=O)(=O)N,201.247,
thiaxanthone,O=C1c3c(Sc2c1cccc2)cccc3,212.273,
3-(hydroxy-phenylphosphoryl)propanoic acid,P(=O)(c1ccccc1)(CCC(=O)O)O,214.157,
diphenyl sulfone,O=S(=O)(c1ccccc1)c2ccccc2,218.277,
ibuprofen,O=C(O)C(c1ccc(cc1)CC(C)C)C,206.285,
dibenzyl disulfide,c1ccc(cc1)CSSCc1ccccc1,246.4,
naproxen,O=C(O)[C@H](c1ccc2c(c1)ccc(OC)c2)C,230.263,
"1-methoxy-2,3,4,5-tetrachlorobenzene",Clc1c(OC)cc(Cl)c(Cl)c1Cl,245.92,
fenfuram,N(c1ccccc1)C(=O)c2c(occ2)C,201.225,
boc-serine,O=C(OC(C)(C)C)N[C@H](C(=O)O)CO,205.21,
"1,3,5-trinitrobenzene",[N+](=O)([O-])c1cc(cc(c1)[N+](=O)[O-])[N+](=O)[O-],213.105,
procaine,O=C(OCCN(CC)CC)c1ccc(N)cc1,236.315,
hexachloroethane,ClC(Cl)(Cl)C(Cl)(Cl)Cl,236.74,
4-iodophenol,c1cc(ccc1O)I,220.009,
"5-ethylbenzo[b][1,4]benzoxazepin-6-one",N3(c1c(cccc1)Oc2c(cccc2)C3=O)CC,239.274,
pyrene,c1cc2ccc3cccc4c3c2c(c1)cc4,202.256,
dexibuprofen,C[C@@H](c1ccc(cc1)CC(C)C)C(=O)O,206.285,
"2,5-dimethylpyrano[5,6-f][1]benzoxol-7-one",c31c(cc2c(c1)cc(o2)C)OC(=O)C=C3C,214.22,
4-bromo-3-nitrobenzoic acid,c1(c(ccc(c1)C(=O)O)Br)[N+](=O)[O-],246.016,
ametryn,S(C)c1nc(nc(n1)NCC)NC(C)C,227.337,
phenanthrene-9-carboxaldehyde,O=Cc2cc3c(c1c2cccc1)cccc3,206.244,
phenobarbital,CCC1(C(=O)NC(=O)NC1=O)C2=CC=CC=C2,232.239,
"2,2,4-Triethyl-N-hydroxyoctanamide",CCCCC(CC)CC(CC)(CC)C(=O)NO,243.391,
thianthrene,S1c3c(Sc2c1cccc2)cccc3,216.33,
"5-ethenyl-5-pentan-2-yl-1,3-diazinane-2,4,6-trione",C1(C(=O)NC(=O)NC1=O)(C(CCC)C)C=C,224.26,
sulfapyridine,C1=CC=NC(=C1)NS(=O)(=O)C2=CC=C(C=C2)N,249.295,
fluoranthene,c1ccc-2c(c1)-c3cccc4c3c2ccc4,202.256,
"2,2'-dichlorobiphenyl",Clc2ccccc2c1c(Cl)cccc1,223.102,
"3,5-dinitrobenzoic acid",O=[N+]([O-])c1cc(cc([N+]([O-])=O)c1)C(=O)O,212.117,
3-nitrophthalic acid,O=[N+]([O-])c1cccc(c1C(=O)O)C(=O)O,211.129,
"2,8-Dichlorodibenzofuran",o1c3c(c2c1ccc(c2)Cl)cc(cc3)Cl,237.085,
"2,3,4-trichloroanisole",COc1c(c(c(cc1)Cl)Cl)Cl,211.475,
dibenzalacetone,O=C(\C=C\c1ccccc1)\C=C\c2ccccc2,234.298,
ethiofencarb,S(CC)Cc1c(cccc1)OC(=O)NC,225.313,
"5-fluoro-1-[(4-methylphenyl)methyl]pyrimidine-2,4-dione",N1(C(=O)NC(=O)C(=C1)F)Cc2ccc(cc2)C,234.23,
4-[2-(4-oxopentan-2-ylideneamino)ethylimino]pentan-2-one,C(C(=NCCN=C(CC(=O)C)C)C)C(=O)C,224.304,
benzoin,c1ccc(cc1)C(C(=O)c2ccccc2)O,212.248,
N-(4-Dimethylaminobenzylidene)aniline,CN(C)c1ccc(cc1)C=Nc2ccccc2,224.307,
2-iodophenol,Ic1ccccc1O,220.009,
octanebis(thioic S-acid),C(=S)(CCCCCCC(=S)O)O,206.332,
2-amino-5-nitrobenzophenone,O=C(c1cc(ccc1N)[N+]([O-])=O)c2ccccc2,242.234,
"6,7-Dimethoxy-4-nitro-2-benzofuran-1(3H)-one",COc1cc(c2c(c1OC)C(=O)OC2)[N+](=O)[O-],239.183,
3-hydroxy-2-methyl-1-(4-methylphenyl)pyridin-4-one,N1(C(=C(C(=O)C=C1)O)C)c2ccc(cc2)C,215.252,
"2-methyl-3,5-dinitrobenzoic acid",O=[N+]([O-])c1cc(cc(C(=O)O)c1C)[N+]([O-])=O,226.144,
"4,4'-dichlorobiphenyl",Clc2ccc(c1ccc(Cl)cc1)cc2,223.102,
benzil,c1ccc(cc1)C(=O)C(=O)c2ccccc2,210.232,
4-chloro-3-nitrobenzoic acid,O=[N+]([O-])c1cc(ccc1Cl)C(=O)O,201.565,
thiram,S(SC(=S)N(C)C)C(=S)N(C)C,240.444,
"3,4-Dideoxy-2,5-di-S-methyl-2,5-dithiohexaric acid",CSC(CCC(C(=O)O)SC)C(=O)O,238.33,
minoxidil,N\C1=C\C(=N/C(=N)N1O)N2CCCCC2,209.253,
atrazine,CC/N=c/1\[nH]/c(=N/C(C)C)/[nH]c(n1)Cl,215.688,
L-tyrosylglycine,[O-]C(=O)CNC(=O)[C@H](Cc1ccc(O)cc1)[NH3+],238.243,
"methyl 3-amino-2,5-dichlorobenzoate",Clc1c(cc(cc1C(=O)OC)Cl)N,220.055,
alizarin,Oc1c3c(ccc1O)C(=O)c2c(cccc2)C3=O,240.214,
N-phenylbenzohydroxamic acid,O=C(N(O)c1ccccc1)c2ccccc2,213.236,
"1,2,3,6,7,8-Hexahydropyrene",C2Cc4c1c3c(ccc1C2)CCCc3cc4,208.304,
"5-methyl-5-phenyl-1,3-diazinane-2,4,6-trione",C2(c1ccccc1)(C(=O)NC(=O)NC2=O)C,218.212,
mefenamic acid,O=C(O)c2c(Nc1cccc(c1C)C)cccc2,241.29,
L-leucyl-L-valine,[O-]C(=O)[C@@H](NC(=O)[C@@H]([NH3+])CC(C)C)C(C)C,230.308,
aminopyrene,c4cc2ccc1ccc(N)c3c1c2c(cc3)c4,217.271,
"4,7-Dimethyl-1,10-phenanthroline",n3c2c1nccc(c1ccc2c(cc3)C)C,208.264,
equilin,O=C3CC[C@H]4C/2=C/Cc1c(ccc(O)c1)[C@H]\2CC[C@]34C,268.356,
4-(methyl-octylamino)diazenylbenzoic acid,c1(ccc(cc1)C(=O)O)N=NN(CCCCCCCC)C,291.395,
"1-[(4-chlorophenyl)methyl]-5-fluoropyrimidine-2,4-dione",N1(C(=O)NC(=O)C(=C1)F)Cc2ccc(cc2)Cl,254.648,
reposamal,O=C1NC(=O)NC(=O)C1(CC)C=3C[C@H]2C[C@H](CC2)C=3,262.309,
fenbufen,O=C(O)CCC(=O)c2ccc(c1ccccc1)cc2,254.285,
"4,6-dimethyl-8,9,10,11-tetrahydro-[1]benzoxolo[2,3-h]chromen-2-one",c21c4c(cc(c1oc3c2CCCC3)C)C(=CC(=O)O4)C,268.312,
hexachlorobenzene,c1(c(c(c(c(c1Cl)Cl)Cl)Cl)Cl)Cl,284.784,
trimethoprim,COc1cc(cc(c1OC)OC)Cc2cnc(nc2N)N,290.323,
"2,8-dichlorodibenzo-p-dioxin",c31c(cc(cc1)Cl)Oc2c(ccc(c2)Cl)O3,253.084,
"2,2',5,5'-tetrachlorobiphenyl",Clc2ccc(Cl)cc2c1c(Cl)ccc(Cl)c1,291.992,
estriol,Oc1cc3c(cc1)[C@H]2CC[C@@]4([C@@H](O)[C@H](O)C[C@H]4[C@@H]2CC3)C,288.387,
atropine,CN3[C@H]1CC[C@@H]3C[C@@H](C1)OC(=O)C(CO)c2ccccc2,289.375,
redupresin,O=S(=O)(c1nc2ccc(OCC)cc2s1)N,258.324,
"dibenz[a,h]anthracene",c1ccc2c(c1)ccc3c2cc4ccc5ccccc5c4c3,278.354,
sulfafurazole,O=S(=O)(Nc1onc(c1C)C)c2ccc(N)cc2,267.31,
diphenylhydantoin,O=C2N(C(=O)N(c1ccccc1)C2)c3ccccc3,252.273,
eriodictyol,O1C(CC(=O)c2c1cc(cc2O)O)c3cc(c(cc3)O)O,288.255,
estradiol-17-alpha,Oc1cc3c(cc1)[C@H]2CC[C@@]4([C@H](O)CC[C@H]4[C@@H]2CC3)C,272.388,
Benzo[a]pyrene,c51c(cc2ccc3cccc4ccc1c2c43)cccc5,252.316,
benomyl,n1(c(nc2c1cccc2)NC(=O)OC)C(=O)NCCCC,290.323,
lamotrigine,Clc2c(Cl)c(c1nnc(nc1N)N)ccc2,256.096,
chlorpropamide,O=S(=O)(c1ccc(Cl)cc1)NC(=O)NCCC,276.745,
sulfathiozole,O=S(=O)(Nc1nccs1)c2ccc(N)cc2,255.324,
benznidazole,[N+](=O)([O-])c1n(ccn1)CC(=O)NCc2ccccc2,260.253,
4-pyrenebutanoic acid,O=C(O)CCCc4cc2cccc1ccc3c(c12)c4ccc3,288.346,
stearic acid,O=C(O)CCCCCCCCCCCCCCCCC,284.484,
"7-hydroxy-6,7-dihydro-5H-thieno[4,5-b]thiopyran-2-sulfonamide",c21c(cc(s1)S(=O)(=O)N)SCCC2O,251.354,
doxepin,N(CCC=C2c1c(cccc1)OCc3c2cccc3)(C)C,279.383,
2-(4-ethylbenzoyl)benzoic acid,O=C(O)c2ccccc2C(=O)c1ccc(cc1)CC,254.285,
bromoform,BrC(Br)Br,252.731,
norethindrone,O=C4\C=C3/[C@@H]([C@H]2CC[C@]1([C@@H](CC[C@]1(C#C)O)[C@@H]2CC3)C)CC4,298.426,
octafluoronaphthalene,Fc2c1c(F)c(F)c(F)c(F)c1c(F)c(F)c2F,272.094,
"1,4-cyclohexanedione-2,5-dicarboxylate",O=C(OCC)C1C(=O)CC(C(=O)C1)C(=O)OCC,256.254,
sulfamethazine,O=S(=O)(Nc1nc(cc(n1)C)C)c2ccc(N)cc2,278.337,
ketoprofen,CC(c1cccc(c1)C(=O)c2ccccc2)C(=O)O,254.285,
methoproptryne,S(C)c1nc(nc(n1)NCCCOC)NC(C)C,271.39,
1-[di(phenyl)methyl]-4-methylpiperazine,C(N1CCN(CC1)C)(c2ccccc2)c3ccccc3,266.388,
sulfamethoxypyridazine,O=S(=O)(Nc1nnc(OC)cc1)c2ccc(N)cc2,280.309,
niflumic acid,FC(F)(F)c1cc(ccc1)Nc2ncccc2C(=O)O,282.221,
"4-amino-N-(5-propyl-1,3,4-thiadiazol-2-yl)benzenesulfonamide",c1(ccc(cc1)N)S(=O)(=O)Nc2sc(nn2)CCC,298.393,
amitraz,N(=C/N(\C=N\c1ccc(cc1C)C)C)\c2ccc(cc2C)C,293.414,
lindane,ClC1C(Cl)C(Cl)C(Cl)C(Cl)C1Cl,290.832,
"3,4,5,6-tetrachloroveratrole",Clc1c(OC)c(OC)c(Cl)c(Cl)c1Cl,275.946,
"2,4,4'-trichlorodiphenyl ether",O(c1c(cc(cc1)Cl)Cl)c2ccc(cc2)Cl,273.546,
fluasterone,O=C3[C@]2(CC[C@@H]1[C@@]4(C(=C/C[C@H]1[C@@H]2C[C@H]3F)\CCCC4)C)C,290.422,
"5-(Bicyclo[3.2.1]oct-2-en-2-yl)-5-ethyl-2,4,6(1H,3H,5H)-pyrimidinetrione",CCC1(C(=O)NC(=O)NC1=O)C2=CCC3CCC2C3,262.309,
fenitrothion,S=P(Oc1cc(c(cc1)[N+]([O-])=O)C)(OC)OC,277.238,
10-methyl-9-phenylacridin-9-ol,C2(c1c(cccc1)N(c3c2cccc3)C)(c4ccccc4)O,287.362,
disulfiram,CCN(CC)C(=S)SSC(=S)N(CC)CC,296.552,
methapyrilene,s1c(ccc1)CN(CCN(C)C)c2ncccc2,261.394,
1-diethylaminopropan-2-yl 4-aminobenzoate,c1(ccc(cc1)N)C(=O)OC(CN(CC)CC)C,250.342,
dibutyl phthalate,CCCCOC(=O)C1=CC=CC=C1C(=O)OCCCC,278.348,
hyoscyamine,O=C(OC2CC1N(C)C(CC1)C2)[C@@H](c3ccccc3)CO,289.375,
atenolol,CC(C)NCC(COC1=CC=C(C=C1)CC(=O)N)O,266.341,
"6-chloro-N'-hydroxy-1,3-dihydrobenzo[de]isoquinoline-2-carboxamidine",c21c3ccc(c1cccc2CN(C3)C(=NO)N)Cl,261.712,
Octyl 3-chloro-4-hydroxybenzoate,CCCCCCCCOC(=O)c1ccc(c(c1)Cl)O,284.783,
adenosine,c1nc(c2c(n1)n(cn2)[C@H]3[C@@H]([C@@H]([C@H](O3)CO)O)O)N,267.245,
triamterene,C1=CC=C(C=C1)C2=NC3=C(N=C(N=C3N=C2N)N)N,253.269,
"1,2,4-trichlorooxanthrene",c31c(c(c(cc1Cl)Cl)Cl)Oc2c(cccc2)O3,287.529,
[2-(cyclohexyl-methylamino)-2-oxoethyl] benzoate,N(C1CCCCC1)(C(=O)COC(=O)c2ccccc2)C,275.348,
"2-(3,4-Dichlorophenyl)-4-methyl-1,2,4-oxadiazolidine-3,5-dione",Clc1c(ccc(c1)N2OC(=O)N(C2=O)C)Cl,261.064,
perylene,c1cc2cccc3c2c(c1)c4cccc5c4c3ccc5,252.316,
"1,1-dioxo-2-(2-oxopiperidin-3-yl)-1,2-benzothiazol-3-one",N2(S(=O)(=O)c1c(cccc1)C2=O)C3C(=O)NCCC3,280.305,
N-phenyl-4-nitrobenzohydroxamic acid,[O-][N+](=O)c2ccc(C(=O)N(O)c1ccccc1)cc2,258.233,
palmitic acid,CCCCCCCCCCCCCCCC(=O)O,256.43,
5-Chloro-2-[(E)-(4-hydroxyphenyl)diazenyl]benzoic acid,c1cc(ccc1/N=N/c2ccc(cc2C(=O)O)Cl)O,276.679,
"3-(3,5-dichlorophenyl)-1,5-dimethyl-3-azabicyclo[3.1.0]hexane-2,4-dione",Clc1cc(cc(c1)N3C(=O)C2(C(C2)(C3=O)C)C)Cl,284.142,
4-(4-dimethylaminophenyl)diazenylbenzenesulfonic acid,c1(ccc(cc1)N=Nc2ccc(cc2)N(C)C)S(=O)(=O)O,305.359,
nadolol,OC(CNC(C)(C)C)COc1cccc2c1C[C@H](O)[C@H](O)C2,309.406,
corticosterone,O=C4\C=C2/[C@]([C@H]1[C@@H](O)C[C@@]3([C@@H](C(=O)CO)CC[C@H]3[C@@H]1CC2)C)(C)CC4,346.467,
fenpropathrin,N#CC(OC(=O)C1C(C1(C)C)(C)C)c2cc(ccc2)Oc3ccccc3,349.43,
dehydrodivanillin,O=Cc2cc(c1cc(cc(OC)c1O)C=O)c(O)c(OC)c2,302.282,
7-(3-aminoazetidin-1-yl)-1-cyclopropyl-6-fluoro-4-oxoquinoline-3-carboxylic acid,c31c(cc(c(c1)N2CC(C2)N)F)C(=O)C(=CN3C4CC4)C(=O)O,317.32,
phenolphthalein,O=C1OC(c2ccccc12)(c3ccc(O)cc3)c4ccc(O)cc4,318.328,
"2-(2,4,6-trichlorophenoxy)ethyl bromide",c1c(cc(c(c1Cl)OCCBr)Cl)Cl,304.398,
17-alpha-methyltestosterone,C[C@]12CC[C@H]3[C@H]([C@@H]1CC[C@]2(C)O)CCC4=CC(=O)C=C[C@]34C,300.442,
clonazepam,[O-][N+](=O)c3cc\1c(NC(=O)C/N=C/1c2ccccc2Cl)cc3,315.716,
ethyl 2-(benzoylamino)-3-(4-hydroxyphenyl)propanoate,C(NC(=O)c1ccccc1)(Cc2ccc(cc2)O)C(=O)OCC,313.353,
benzyl butyl phthalate,CCCCOC(=O)c1ccccc1C(=O)OCc2ccccc2,312.365,
"Ajmalan-17,21-diol, (17R,21.alpha.)-",N53C6C2N(c1c(cccc1)C42C(C(C3C4)C(C(C5O)CC)C6)O)C,326.44,
"1,3-bis(4-ethoxyphenyl)urea",c1(ccc(cc1)OCC)NC(=O)Nc2ccc(cc2)OCC,300.358,
"1,2,3,4-tetrachlorodibenzo-p-dioxin",c31c(c(c(c(c1Cl)Cl)Cl)Cl)Oc2c(cccc2)O3,321.974,
sulfadimethoxine,COC1=NC(=NC(=C1)NS(=O)(=O)C2=CC=C(C=C2)N)OC,310.335,
decafluorobiphenyl,Fc1c(c(F)c(F)c(F)c1F)c2c(F)c(F)c(F)c(F)c2F,334.112,
"3',4,6-trimethoxy-5'-methylspiro[1-benzofuran-2,4'-cyclohex-2-ene]-1',3-dione",C32(C(=O)c1c(cc(cc1OC)OC)O2)C(=CC(=O)CC3C)OC,318.325,
2-Iodo-N-phenylbenzamide,Ic1c(cccc1)C(=O)Nc2ccccc2,323.133,
papaverine,COc1ccc(cc1OC)Cc2c3cc(c(cc3ccn2)OC)OC,339.391,
fenoxycarb,O=C(OCC)NCCOc2ccc(Oc1ccccc1)cc2,301.342,
dihexyl phthalate,O=C(OCCCCCC)c1ccccc1C(=O)OCCCCCC,334.456,
tetrabromomethane,C(Br)(Br)(Br)Br,331.627,
sulpiride,O=S(=O)(N)c1cc(c(OC)cc1)C(=O)NCC2N(CC)CCC2,341.433,
chlorthalidone,O=S(=O)(N)c1c(Cl)ccc(c1)C2(O)c3ccccc3C(=O)N2,338.772,
tenoxicam,O=C\2c1sccc1S(=O)(=O)N(C/2=C(/O)Nc3ncccc3)C,337.382,
PCB-105,C1=CC(=C(C=C1C2=C(C(=C(C=C2)Cl)Cl)Cl)Cl)Cl,326.437,
16-dehydropregnenolone,O=C(/C1=C/C[C@@H]2[C@@]1(CC[C@@H]3[C@@]4(C(=C/C[C@@H]23)\C[C@@H](O)CC4)C)C)C,314.469,
warfarin,O=C2C(=C(O)c1c(cccc1)O2)C(CC(=O)C)c3ccccc3,308.333,
profluralin,CCCN(CC1CC1)C2=C(C=C(C=C2[N+](=O)[O-])C(F)(F)F)[N+](=O)[O-],347.293,
perthane,ClC(Cl)C(c1ccc(cc1)CC)c2ccc(cc2)CC,307.264,
"2,3-dihydroxypropyl 2-(6-methoxynaphthalen-2-yl)propanoate",c21c(cc(cc1)OC)ccc(c2)C(C(=O)OCC(CO)O)C,304.342,
"2,3,3',4,4'-pentachlorodiphenyl ether",O(c1c(c(c(cc1)Cl)Cl)Cl)c2cc(c(cc2)Cl)Cl,342.436,
2-[(1-Phenylethyl)amino]ethyl 4-ethoxybenzoate,CCOc1ccc(cc1)C(=O)OCCNC(C)c2ccccc2,313.397,
"11-Ethyl-2-[(2-hydroxyethyl)(methyl)amino]-5,11-dihydro-6H-dipyrido[3,2-b:2',3'-e][1,4]diazepin-6-one",CCN1c2c(cccn2)C(=O)Nc3c1nc(cc3)N(C)CCO,313.361,
"(2,5-dioxo-4,4-diphenyl-1-imidazolidinyl)methyl acetate",O=C3N(C(=O)C(c1ccccc1)(c2ccccc2)N3)COC(=O)C,324.336,
tranilast,O=C(O)c1ccccc1NC(=O)\C=C\c2cc(OC)c(OC)cc2,327.336,
quinine,COc1ccc2c(c1)c(ccn2)[C@H]([C@@H]3C[C@H]4CCN3C[C@@H]4C=C)O,324.424,
deoxycorticosterone,OCC(=O)C4C3(C(C2C(C1(CCC(=O)C=C1CC2)C)CC3)CC4)C,330.468,
"1-[6-hydroxy-2-(trichloromethyl)-3a,5,6,6a-tetrahydrofuro[4,5-d][1,3]dioxol-5-yl]ethane-1,2-diol",ClC(Cl)(Cl)C2OC1OC(C(C1O2)O)C(O)CO,309.529,
progesterone,O=C4\C=C2/[C@]([C@H]1CC[C@@]3([C@@H](C(=O)C)CC[C@H]3[C@@H]1CC2)C)(C)CC4,314.469,
hesperetin,O=C2c3c(O[C@H](c1ccc(OC)c(O)c1)C2)cc(O)cc3O,302.282,
N-[4-nitro-2-(phenoxy)phenyl]methanesulfonamide,c1(c(ccc(c1)[N+](=O)[O-])NS(=O)(=O)C)Oc2ccccc2,308.315,
"2,2',3,4,5-pentachlorobiphenyl",Clc1c(cc(Cl)c(Cl)c1Cl)c2ccccc2Cl,326.437,
"1,2,3,7-tetrachlorodibenzo-p-dioxin",c31c(c(c(c(c1)Cl)Cl)Cl)Oc2c(cc(cc2)Cl)O3,321.974,
sucrose,C([C@@H]1[C@H]([C@@H]([C@H]([C@H](O1)O[C@]2([C@H]([C@@H]([C@H](O2)CO)O)O)CO)O)O)O)O,342.297,
disopyramide,O=C(N)C(c1ncccc1)(c2ccccc2)CCN(C(C)C)C(C)C,339.483,
quinidine,O(c4cc1c(nccc1[C@H](O)[C@@H]2N3CC[C@@H](C2)[C@@H](/C=C)C3)cc4)C,324.424,
tetraphenylmethane,c1c(cccc1)C(c2ccccc2)(c3ccccc3)c4ccccc4,320.435,
ethisterone,OC4(C3(C(C2C(C1(CCC(=O)C=C1CC2)C)CC3)CC4)C)C#C,312.453,
5-decyloxy-2-((hydroxyimino)ethyl)phenol,c1(c(cc(cc1)OCCCCCCCCCC)O)C(=NO)C,307.434,
4-(4-methylsulfonylphenyl)-3-phenyl-5H-furan-2-one,C2(=C(c1ccc(cc1)S(=O)(=O)C)COC2=O)c3ccccc3,314.362,
"2,2',3,4,5'-pentachlorobiphenyl",Clc2ccc(c1cc(Cl)ccc1Cl)c(Cl)c2Cl,326.437,
"(1,4-diethoxy-1,4-dioxobutan-2-yl)sulfanyl-hydroxy-dimethoxyphosphanium",P(=O)(SC(C(=O)OCC)CC(=O)OCC)(OC)OC,314.296,
4-(diethylamino)-2-(4-methoxy-1-naphthyl)-2-butanol,c21c(ccc(c1cccc2)OC)C(CCN(CC)CC)(O)C,301.43,
"1,2,4-tribromobenzene",C1=CC(=C(C=C1Br)Br)Br,314.802,
"2,2',5,5'-tetrachlorobenzyl 4-toluene",c1(c(cc(c(c1)Cl)C)Cl)Cc2c(ccc(c2)Cl)Cl,320.046,
"1-[[2-(2,4-dichlorophenyl)-4-propyl-1,3-dioxolan-2-yl]methyl]-1,2,4-triazole",Clc1c(ccc(c1)Cl)C2(OC(CO2)CCC)Cn3ncnc3,342.226,
"1,3,6,8-tetrachlorodibenzo-p-dioxin",c31c(c(cc(c1)Cl)Cl)Oc2c(c(cc(c2)Cl)Cl)O3,321.974,
N-methyl-3-phenyl-3-[4-(trifluoromethyl)phenoxy]propan-1-amine,C(c1ccc(cc1)OC(c2ccccc2)CCNC)(F)(F)F,309.331,
1-methyl-3-phenyl-5-[3-(trifluoromethyl)phenyl]pyridin-4-one,FC(F)(F)c1cc(ccc1)C2=CN(C=C(C2=O)c3ccccc3)C,329.321,
"1,4-diiodobenzene",c1(ccc(cc1)I)I,329.906,
"dimethoxy-sulfanylidene-(3,5,6-trichloropyridin-2-yl)oxyphosphorane",Clc1nc(c(cc1Cl)Cl)OP(=S)(OC)OC,322.537,
5-decyloxy-2-((hydroxyimino)propyl)phenol,c1(c(cc(cc1)OCCCCCCCCCC)O)C(=NO)CC,321.461,
norfloxacin,O=C(O)\C2=C\N(c1cc(c(F)cc1C2=O)N3CCNCC3)CC,319.336,
tolazamide,S(=O)(=O)(NC(=O)NN1CCCCCC1)c2ccc(cc2)C,311.407,
N-(4-Chlorophenyl)-2-isonicotinoylhydrazinecarbothioamide,O=C(NNC(=S)Nc1ccc(Cl)cc1)c2ccncc2,306.778,
4-hydroxybutyl N-[6-(4-hydroxybutoxycarbonylamino)hexyl]carbamate,C(=O)(NCCCCCCNC(=O)OCCCCO)OCCCCO,348.44,
phenylbutazone,O=C2N(c1ccccc1)N(C(=O)C2CCCC)c3ccccc3,308.381,
"1,3,5-tribromobenzene",Brc1cc(Br)cc(Br)c1,314.802,
triamcinolone,O=C(CO)[C@]3(O)[C@]2(C[C@H](O)[C@]4(F)[C@@]/1(\C(=C/C(=O)\C=C\1)CC[C@H]4[C@@H]2C[C@H]3O)C)C,394.439,
"2,2',3,4,5,5'-hexachlorobiphenyl",Clc1c(cc(Cl)c(Cl)c1Cl)c2cc(Cl)ccc2Cl,360.882,
sucralose,Cl[C@H]2[C@H](O[C@H](O[C@@]1(O[C@@H]([C@@H](O)[C@@H]1O)CCl)CCl)[C@H](O)[C@H]2O)CO,397.635,
haloperidol,c1cc(ccc1C(=O)CCCN2CCC(CC2)(c3ccc(cc3)Cl)O)F,375.871,
4-[4-[(2-methylpropylamino)methyl]phenyl]sulfonylthiophene-2-sulfonamide,S(=O)(=O)(c1cc(sc1)S(=O)(=O)N)c2ccc(cc2)CNCC(C)C,388.536,
meloxicam,O=C\2c1c(cccc1)S(=O)(=O)N(C/2=C(\O)Nc3ncc(s3)C)C,351.409,
hydrocortisone,O=C4\C=C2/[C@]([C@H]1[C@@H](O)C[C@@]3([C@@](O)(C(=O)CO)CC[C@H]3[C@@H]1CC2)C)(C)CC4,362.466,
"2,2',3,4',5,5',6-heptachlorobiphenyl",c1(c(c(cc(c1Cl)Cl)Cl)Cl)-c2c(cc(c(c2)Cl)Cl)Cl,395.327,
cholesterol,C[C@H](CCCC(C)C)[C@H]1CC[C@@H]2[C@@]1(CC[C@H]3[C@H]2CC=C4[C@@]3(CC[C@@H](C4)O)C)C,386.664,
"(6-hydroxy-2,3,3a,5,6,6a-hexahydrofuro[2,3-d]furan-3-yl) 2-(6-methoxynaphthalen-2-yl)propanoate",C21C(C(CO1)O)OCC2OC(=O)C(c3cc4c(cc3)cc(cc4)OC)C,358.39,
"2,2',3,5,5',6-hexachlorobiphenyl",Clc2c(c1cc(Cl)ccc1Cl)c(Cl)c(Cl)cc2Cl,360.882,
griseofulvin,O=C1c3c(O[C@]12[C@@H](CC(=O)CC2OC)C)c(Cl)c(OC)cc3OC,354.786,
dibenzo-18-crown-6,O1c3c(OCCOCCOc2ccccc2OCCOCC1)cccc3,360.406,
"(2,5-Dioxo-4,4-diphenyl-1-imidazolidinyl)methyl hexanoate",CCCCCC(=O)OCN1C(=O)C(NC1=O)(c2ccccc2)c3ccccc3,380.444,
thiamphenicol,ClC(Cl)C(=O)N[C@@H]([C@H](O)c1ccc(cc1)S(=O)(=O)C)CO,356.227,
indapamide,O=S(=O)(N)c1c(Cl)ccc(c1)C(=O)NN3c2ccccc2CC3C,365.842,
NSC123398,N73C6C1(C4N(c2c1cc(c(c2)OC)OC)C(=O)CC5OCC=C(C3)C(C54)C6)CC7,394.471,
cortisone,O=C(CO)[C@@]3(O)CC[C@H]2[C@@H]4CC\C1=C\C(=O)CC[C@]1(C)[C@H]4C(=O)C[C@@]23C,360.45,
"2,2',3,3',5,6-hexachlorobiphenyl",Clc2c(c1cccc(Cl)c1Cl)c(Cl)c(Cl)cc2Cl,360.882,
"2,2',3,3',4,5-hexachlorobiphenyl",Clc1c(cc(Cl)c(Cl)c1Cl)c2cccc(Cl)c2Cl,360.882,
bumetanide,O=S(=O)(c2cc(cc(NCCCC)c2Oc1ccccc1)C(=O)O)N,364.423,
di(methyl vanillate),O=C(OC)c2cc(c1cc(cc(OC)c1O)C(=O)OC)c(O)c(OC)c2,362.334,
prostaglandin f2alpha,O=C(O)CCC/C=C/CC1C(/C=C/C(O)CCCCC)C(O)CC1O,354.487,
"1,2,3-trichloro-4-(2,4,5-trichlorophenoxy)benzene",Clc2ccc(Oc1cc(Cl)c(Cl)cc1Cl)c(Cl)c2Cl,376.881,
"2,2',3,4,4',5',6-heptachlorobiphenyl",Clc1c(c(Cl)c(Cl)c(Cl)c1)c2cc(Cl)c(Cl)cc2Cl,395.327,
7-(3-amino-3-methylazetidin-1-yl)-8-chloro-1-cyclopropyl-6-fluoro-4-oxoquinoline-3-carboxylic acid,c31c(cc(c(c1Cl)N2CC(C2)(N)C)F)C(=O)C(=CN3C4CC4)C(=O)O,365.792,
4-[4-[(2-methylpropylamino)methyl]benzoyl]thiophene-2-sulfonamide,c1(cc(cs1)C(=O)c2ccc(cc2)CNCC(C)C)S(=O)(=O)N,352.481,
"(2,5-Dioxo-4,4-diphenyl-1-imidazolidinyl)methyl butyrate",O=C3N(C(=O)C(c1ccccc1)(c2ccccc2)N3)COC(=O)CCC,352.39,
ranitidine,Fc1c(c(F)c2c(c1N)C(=O)C(\C(=O)O)=C/N2C3CC3)N4CC(NC(C4)C)C,392.406,
"4-Amino-N-(1,11,11-trimethyl-3,5-diazatricyclo[6.2.1.02,7]undeca-2,4,6-trien-4-yl)benzenesulfonamide",C41(C(C(c2c1nc(nc2)NS(=O)(=O)c3ccc(cc3)N)CC4)(C)C)C,358.467,
dexamethasone,O=C(CO)[C@]3(O)[C@]2(C[C@H](O)[C@]4(F)[C@@]/1(\C(=C/C(=O)\C=C\1)CC[C@H]4[C@@H]2C[C@H]3C)C)C,392.467,
"N-(3-bromophenyl)-8-methylpyrrolo[3,2-g]quinazolin-4-amine",c31c(cc2c(c1)ccn2C)ncnc3Nc4cc(ccc4)Br,353.223,
prednisone,O=C(CO)[C@@]3(O)CC[C@H]2[C@@H]4CC\C1=C\C(=O)\C=C/[C@]1(C)[C@H]4C(=O)C[C@@]23C,358.434,
fludrocortisone,O=C(CO)C3(O)C2(CC(O)C4(F)C1(/C(=C\C(=O)CC1)CCC4C2CC3)C)C,380.456,
hyodeoxycholic acid,O=C(O)CC[C@@H](C)[C@@H]4[C@]3(CC[C@H]1[C@@H](C[C@H](O)[C@@H]2C[C@H](O)CC[C@]12C)[C@@H]3CC4)C,392.58,
dieldrin,C1C2C3C(C1C4C2O4)C5(C(=C(C3(C5(Cl)Cl)Cl)Cl)Cl)Cl,380.913,
prednisolone,O=C\1\C=C/[C@]4(/C(=C/1)CC[C@@H]2[C@@H]4[C@@H](O)C[C@@]3([C@@](O)(C(=O)CO)CC[C@@H]23)C)C,360.45,
Octyl 4-hydroxy-3-iodobenzoate,CCCCCCCCOC(=O)c1ccc(c(c1)I)O,376.234,
Benzylmorphine,C532c1c4c(ccc1CC(C2C=CC(C3O4)O)N(CC5)C)OCc6ccccc6,375.468,
2-[2-(2-carboxybenzoyl)oxyethoxycarbonyl]benzoic acid,c1(c(cccc1)C(=O)O)C(=O)OCCOC(=O)c2c(cccc2)C(=O)O,358.302,
enrofloxacin,O=C(O)\C3=C\N(c2cc(N1CCN(CC)CC1)c(F)cc2C3=O)C4CC4,359.401,
danofloxacin,O=C(O)\C4=C\N(c3cc(N1C[C@H]2N(C)C[C@@H]1C2)c(F)cc3C4=O)C5CC5,357.385,
heptachlor epoxide,Cl\C1=C(/Cl)C2(Cl)C(Cl)(Cl)C1(Cl)C4C2C3OC3C4Cl,389.32,
4-(4-Morpholinyl)butyl 2-(6-methoxy-2-naphthyl)propanoate,CC(c1ccc2cc(ccc2c1)OC)C(=O)OCCCCN3CCOCC3,371.477,
testosterone benzoate,O=C5\C=C4/C(C3CCC2(C(CCC2OC(=O)c1ccccc1)C3CC4)C)(C)CC5,392.539,
"(5alpha)-3-(Benzyloxy)-17-methyl-4,5-epoxymorphinan",C532c1c4c(ccc1CC(C2CCCC3O4)N(CC5)C)OCc6ccccc6,361.485,
colchicine,O=C(N[C@@H]3C\1=C\C(=O)C(\OC)=C/C=C/1c2c(cc(OC)c(OC)c2OC)CC3)C,399.443,
8-hydroxy-7-iodoquinoline-5-sulfonic acid,c21c(cc(c(c1nccc2)O)I)S(=O)(=O)O,351.121,
sulfathiazole,O=S(c1ccc(cc1)\C=C/3\c2ccc(F)cc2\C(=C\3C)CC(=O)O)C,356.418,
"2,2',3,4,4',5'-hexachlorobiphenyl",Clc1c(cc(Cl)c(Cl)c1Cl)c2ccc(Cl)cc2Cl,360.882,
"2,3,4,4',5,6-Hexachlorodiphenyl ether",O(c1c(c(c(c(c1Cl)Cl)Cl)Cl)Cl)c2ccc(cc2)Cl,376.881,
"2,2',4,4',5,5'-hexachlorobiphenyl",Clc2cc(c1cc(Cl)c(Cl)cc1Cl)c(Cl)cc2Cl,360.882,
prostaglandin E2,O=C1C[C@@H](O)[C@H](/C=C/[C@@H](O)CCCCC)[C@H]1C\C=C/CCCC(=O)O,352.471,
"7-chloro-3'-ethoxy-4,6-dimethoxy-5'-methylspiro[1-benzofuran-2,4'-cyclohex-2-ene]-1',3-dione",C32(C(=O)c1c(c(c(cc1OC)OC)Cl)O2)C(=CC(=O)CC3C)OCC,366.797,
di-(2-ethylhexyl)-phthalate,O(CC(CCCC)CC)C(=O)c1c(cccc1)C(=O)OCC(CCCC)CC,390.564,
"2,2',4,4',6,6'-hexachlorobiphenyl",Clc2cc(Cl)cc(Cl)c2c1c(Cl)cc(Cl)cc1Cl,360.882,
"2,2',3,3',6,6'-hexachlorobiphenyl",Clc2c(c1c(Cl)ccc(Cl)c1Cl)c(Cl)ccc2Cl,360.882,
triethylamine,CCN(CC)CC,101.193,100-150
2-ethyl-1-butanol,OCC(CC)CC,102.177,100-150
3-pyridinemethanol,n1cc(ccc1)CO,109.128,100-150
"1,1-dichlorobutane",ClC(Cl)CCC,127.014,100-150
propiophenone,O=C(CC)c1ccccc1,134.178,100-150
cytosine,c1cnc(=O)[nH]c1N,111.104,100-150
succinic acid,OC(CCC(O)=O)=O,118.088,100-150
3-bromoprop-1-ene,BrCC=C,120.977,100-150
4-chloroanisole,COc1ccc(cc1)Cl,142.585,100-150
"2,5-Piperazinedione",N1CC(=O)NCC1=O,114.104,100-150
292-64-8,C1CCCCCCC1,112.216,100-150
2-chloroanisole,COc1ccccc1Cl,142.585,100-150
4-dimethylaminobenzaldehyde,O=Cc1ccc(N(C)C)cc1,149.193,100-150
methionine,S(CCC(N)C(=O)O)C,149.215,100-150
"1,2-diethoxyethane",O(CCOCC)CC,118.176,100-150
3-methylindole,[nH]1c2c(c(c1)C)cccc2,131.178,100-150
phenylacetic acid,O=C(O)Cc1ccccc1,136.15,100-150
2-chlorophenol,Clc1c(cccc1)O,128.558,100-150
1-chlorohexane,ClCCCCCC,120.623,100-150
"1,8-dihydropteridine-2,4,7-trione",C21=C(C(=O)NC(=O)N1)N=CC(=O)N2,180.123,150-200
"1,7-Phenanthroline",n3c2c1c(nccc1)ccc2ccc3,180.21,150-200
"4,6-dihydroxy-2-methylpyrimidine-5-carboxamide",C1(=O)C(C(=O)N=C(N1)C)C(=O)N,169.14,150-200
N-(2-Chlorophenyl)acetamide,Clc1c(cccc1)NC(=O)C,169.611,150-200
"2,4,6-trichlorophenol",c1c(cc(c(c1Cl)O)Cl)Cl,197.448,150-200
nalidixic acid,O=C\2c1c(nc(cc1)C)N(/C=C/2C(=O)O)CC,232.239,200-250
"4-(aminomethyl)-9-methoxyfuro[3,2-g]chromen-7-one",c31c(c(c2c(c1CN)cco2)OC)OC(=O)C=C3,245.234,200-250
"4-methoxyfuro[3,2-g]chromen-7-one",c21c(c3c(cc1OC(=O)C=C2)occ3)OC,216.192,200-250
2-Ethylanthracene,C(C)c3cc1c(cc2c(c1)cccc2)cc3,206.288,200-250
3-Iodobenzoic acid,Ic1cc(ccc1)C(=O)O,248.019,200-250
2-bromo-N-carbamoyl-2-ethylbutanamide,BrC(CC)(CC)C(=O)NC(=O)N,237.097,200-250
(4-Acetamidophenoxy)methyl ethyl carbonate,CCOC(=O)OCOc1ccc(cc1)NC(=O)C,253.254,250-300
[2-[(2-amino-2-oxoethyl)-methylamino]-2-oxoethyl] benzoate,c1(ccccc1)C(=O)OCC(=O)N(CC(=O)N)C,250.254,250-300
1-(Trifluoromethyl)-9-acridinamine,c1ccc2c(c1)c(c3c(cccc3n2)C(F)(F)F)N,262.234,250-300
sulfamethoxazole,O=S(=O)(Nc1noc(c1)C)c2ccc(N)cc2,253.283,250-300
chloroxuron,Clc1ccc(cc1)Oc2ccc(cc2)NC(=O)N(C)C,290.75,250-300
"(5-Benzyl-2,4-dioxo-3-phenyl-1-imidazolidinyl)acetic acid",c1ccc(cc1)CC2C(=O)N(C(=O)N2CC(=O)O)c3ccccc3,324.336,300-350
norethisterone,OC43C2C(C1C(C(CC1)(O)C#C)(CC2)C)CCC3=CC(=O)CC4,314.425,300-350
4-[4-(butylaminomethyl)benzoyl]thiophene-2-sulfonamide,c1(cc(cs1)C(=O)c2ccc(cc2)CNCCCC)S(=O)(=O)N,352.481,350-400
1-[bis(butylsulfonyl)methylsulfonyl]butane,S(=O)(=O)(C(S(=O)(=O)CCCC)S(=O)(=O)CCCC)CCCC,376.562,350-400
"7-chloro-4,6-dimethoxy-5'-methyl-3'-propoxyspiro[1-benzofuran-2,6'-cyclohex-2-ene]-1',3-dione",C32(C(=O)c1c(c(c(cc1OC)OC)Cl)O2)C(CC(=CC3=O)OCCC)C,380.824,350-400
"O3-ethyl O5-methyl 4-(2,3-dichlorophenyl)-2,6-dimethyl-1,4-dihydropyridine-3,5-dicarboxylate",C1(C(=C(NC(=C1C(=O)OC)C)C)C(=O)OCC)c2c(c(ccc2)Cl)Cl,384.259,350-400
4-[3-(morpholin-4-ylmethyl)benzoyl]thiophene-2-sulfonamide,c1(cc(sc1)S(=O)(=O)N)C(=O)c2cc(ccc2)CN3CCOCC3,366.464,350-400
megestrol acetate,O=C4\C=C3\C(=C/[C@@H]1[C@H](CC[C@@]2([C@@](OC(=O)C)(C(=O)C)CC[C@@H]12)C)[C@@]3(C)CC4)C,384.516,350-400
"3'-butoxy-7-chloro-4,6-dimethoxy-5'-methylspiro[1-benzofuran-2,4'-cyclohex-2-ene]-1',3-dione",C32(C(=O)c1c(c(c(cc1OC)OC)Cl)O2)C(=CC(=O)CC3C)OCCCC,394.851,350-400
"3,3-dimethyl-7-oxo-6-[[2-(phenoxy)acetyl]amino]-4-thia-1-azabicyclo[3.2.0]heptane-2-carboxylic acid",N21C(C(SC1C(C2=O)NC(=O)COc3ccccc3)(C)C)C(=O)O,350.396,350-400
bensulide,S(=O)(=O)(NCCSP(=S)(OC(C)C)OC(C)C)c1ccccc1,397.524,350-400
"N-tert-Butyl-N'-(4-ethylbenzoyl)-3,5-dimethylbenzohydrazide",N(C(=O)c1cc(cc(c1)C)C)(C(C)(C)C)NC(=O)c2ccc(cc2)CC,352.478,350-400
o;p-DDT,Clc1ccccc1C(c2ccc(Cl)cc2)C(Cl)(Cl)Cl,354.491,350-400
etofenprox,O(CC(C)(C)c1ccc(cc1)OCC)Cc2cc(ccc2)Oc3ccccc3,376.496,350-400
3-Oxoandrost-4-en-17-yl 3-hydroxy-2-(hydroxymethyl)propanoate,CC12CCC3C(C1CCC2OC(=O)C(CO)CO)CCC4=CC(=O)CCC34C,390.52,350-400
"1,2,5-trichloro-3-(2,4,6-trichlorophenyl)benzene",Clc1c(cc(cc1-c2c(cc(cc2Cl)Cl)Cl)Cl)Cl,360.882,350-400
"bis(2,4,6-trimethylbenzoyl)phenylphosphine oxide",O=C(c1c(cc(cc1C)C)C)P(=O)(C(=O)c2c(cc(cc2C)C)C)c3ccccc3,418.473,
"(17-acetyl-6-chloro-10,13-dimethyl-3-oxo-9,11,12,14,15,16-hexahydro-8H-cyclopenta[a]phenanthren-17-yl) acetate",ClC3=CC2C1C(C(CC1)(OC(=O)C)C(=O)C)(CCC2C4(C3=CC(=O)C=C4)C)C,402.918,
budesonide,O=C\1\C=C/[C@]2(/C(=C/1)CC[C@H]3[C@H]4[C@](C[C@H](O)[C@H]23)([C@@]5(OC(O[C@@H]5C4)CCC)C(=O)CO)C)C,430.541,
10-[3-(4-methylpiperazin-1-yl)propyl]-2-(trifluoromethyl)phenothiazine,FC(F)(F)c1cc3c(cc1)Sc2c(cccc2)N3CCCN4CCN(CC4)C,407.505,
"1,2,3,4,6,7,8-Heptachlorodibenzofuran",o1c3c(c2c1c(c(c(c2)Cl)Cl)Cl)c(c(c(c3Cl)Cl)Cl)Cl,409.31,
ursocholic acid,OC(=O)CC[C@@H](C)[C@H]1CC[C@H]2[C@H]3[C@H](C[C@H](O)[C@]12C)[C@@]4(C)CC[C@@H](O)C[C@H]4CC3O,408.579,
a-endosulfan,ClC3(Cl)[C@]1(Cl)C(/Cl)=C(/Cl)[C@@]3(Cl)[C@@H]2COS(=O)OC[C@H]12,406.929,
"[cyano-[3-(phenoxy)phenyl]methyl] 3-(2,2-dichloroethenyl)-2,2-dimethylcyclopropane-1-carboxylate",ClC(=CC1C(C1C(=O)OC(c2cc(ccc2)Oc3ccccc3)C#N)(C)C)Cl,416.304,
hydrocortisone acetate,O=C(OCC(=O)[C@@]1(O)CC[C@H]2[C@H]4[C@H]([C@@H](O)C[C@]12C)[C@@]3(/C(=C\C(=O)CC3)CC4)C)C,404.503,
"propan-2-yl 2,2-bis(4-bromophenyl)-2-hydroxyacetate",Brc1ccc(cc1)C(O)(c2ccc(cc2)Br)C(=O)OC(C)C,428.12,
octachlorodibenzofuran,o1c3c(c2c1c(c(c(c2Cl)Cl)Cl)Cl)c(c(c(c3Cl)Cl)Cl)Cl,443.755,
"2,2',3,4,4',5,5',6-octachlorodiphenyl ether",O(c1c(c(c(c(c1Cl)Cl)Cl)Cl)Cl)c2c(cc(c(c2)Cl)Cl)Cl,445.771,
trans-gamma-chlordane,C1C2C(C(C1Cl)Cl)C3(C(=C(C2(C3(Cl)Cl)Cl)Cl)Cl)Cl,409.782,
miconazole,c1cc(c(cc1Cl)Cl)COC(Cn2ccnc2)c3ccc(cc3Cl)Cl,416.135,
"2,2',3,3',4,4',5,5'-octachlorodiphenyl ether",O(c1c(c(c(c(c1)Cl)Cl)Cl)Cl)c2c(c(c(c(c2)Cl)Cl)Cl)Cl,445.771,
ethyl biscoumacetate,O2c1c(cccc1)C(=C(C2=O)C(C4=C(c3c(cccc3)OC4=O)O)C(=O)OCC)O,408.362,
b-endosulfan,ClC3(Cl)[C@@]1(Cl)C(/Cl)=C(/Cl)[C@]3(Cl)[C@H]2COS(=O)OC[C@@H]12,406.929,
"N-[2,2,2-trichloro-1-[4-(2,2,2-trichloro-1-formamidoethyl)piperazin-1-yl]ethyl]formamide",ClC(Cl)(Cl)C(N1CCN(CC1)C(NC=O)C(Cl)(Cl)Cl)NC=O,434.966,
"1,2,3,4,6,7,8-Heptachlorodibenzo-p-dioxin",c31c(c(c(c(c1Cl)Cl)Cl)Cl)Oc2c(c(c(c(c2)Cl)Cl)Cl)O3,425.309,
"[cyano-[4-fluoro-3-(phenoxy)phenyl]methyl] 3-(2,2-dichloroethenyl)-2,2-dimethylcyclopropane-1-carboxylate",Fc1c(cc(cc1)C(OC(=O)C2C(C2C=C(Cl)Cl)(C)C)C#N)Oc3ccccc3,434.294,
cefaloridine,N1(C=CC=C=C1)CC2=C(N3C(SC2)C(C3=O)NC(=O)Cc4sccc4)C(=O)O,415.496,
diltiazem,O=C2N(c3c(S[C@@H](c1ccc(OC)cc1)[C@H]2OC(=O)C)cccc3)CCN(C)C,414.527,
puerarin,O=C2c3c(O/C=C2/c1ccc(O)cc1)c(c(O)cc3)[C@@H]4O[C@@H]([C@@H](O)[C@H](O)[C@H]4O)CO,416.382,
lovastatin,CC[C@H](C)C(=O)O[C@H]1C[C@H](C=C2[C@H]1[C@H]([C@H](C=C2)C)CC[C@@H]3C[C@H](CC(=O)O3)O)C,404.547,
dinonyl phthalate,CCCCCCCCCOC(=O)C1=CC=CC=C1C(=O)OCCCCCCCCC,418.618,
"2,2',3,3',4,4',5-Heptachlorodiphenyl ether",O(c1c(c(c(c(c1)Cl)Cl)Cl)Cl)c2c(c(c(cc2)Cl)Cl)Cl,411.326,
doxycycline,N(C4C3C(C2C(c1c(c(ccc1)O)C(=O)C2=C(C3(C(=O)C(=C4O)C(=O)N)O)O)C)O)(C)C,444.44,
glipizide,O=C(c1ncc(nc1)C)NCCc2ccc(cc2)S(=O)(=O)NC(=O)NC3CCCCC3,445.545,
hydroxyprogesterone caproate,O=C4\C=C2/[C@]([C@H]1CC[C@@]3([C@@](OC(=O)CCCCC)(C(=O)C)CC[C@H]3[C@@H]1CC2)C)(C)CC4,428.613,
"1-{2-[(2,5-Dichlorobenzyl)oxy]-2-(2,4-dichlorophenyl)ethyl}-1H-imidazole",c1cc(c(cc1Cl)Cl)C(Cn2ccnc2)OCc3cc(ccc3Cl)Cl,416.135,
"6,9-difluoro-11,17-dihydroxy-17-(2-hydroxyacetyl)-10,13,16-trimethyl-6,7,8,11,12,14,15,16-octahydrocyclopenta[a]phenanthren-3-one",FC32C(C1C(C(C(C1)C)(O)C(=O)CO)(CC2O)C)CC(C4=CC(=O)C=CC43C)F,410.457,
tricresyl phosphate,P(=O)(Oc1c(cccc1C)O)(Oc2c(ccc(c2)O)C)Oc3c(cc(cc3)O)C,416.366,
flumetralin,[N+](=O)([O-])c1c(c(cc(c1)C(F)(F)F)[N+](=O)[O-])N(CC)Cc2c(cccc2Cl)F,421.734,
testosterone phenylacetate,O=C5\C=C4/C(C3CCC2(C(CCC2OC(=O)Cc1ccccc1)C3CC4)C)(C)CC5,406.566,
"2,2',3,3',4,5,5',6'-octachlorodiphenyl ether",O(c1c(c(c(c(c1)Cl)Cl)Cl)Cl)c2c(c(cc(c2Cl)Cl)Cl)Cl,445.771,
prednisolone-21-trimethylacetate,OC4(C1(C(C3C(C(C1)O)C2(C(=CC(=O)C=C2)CC3)C)CC4)C)C(=O)COC(=O)C(C)(C)C,444.568,
"2,3,5,6-tetrafluoro-4-methylbenzyl 3-[(1Z)-2-chloro-3,3,3-trifluoro-1-propen-1-yl]-2,2-dimethylcyclopropanecarboxylate",FC(F)(F)C(=CC1C(C1C(=O)OCc2c(c(c(c(c2F)F)C)F)F)(C)C)Cl,418.736,
monotropitoside,O1C(C(C(C(C1COC2OCC(C(C2O)O)O)O)O)O)Oc3c(cccc3)C(=O)OC,446.405,
2-[4-[3-(2-chlorophenothiazin-10-yl)propyl]piperazin-1-yl]ethyl acetate,Clc1cc3c(cc1)Sc2c(cccc2)N3CCCN4CCN(CC4)CCOC(=O)C,446.016,
"N-(3-bromophenyl)-7-(methoxymethyl)-7,8-dihydro-[1,4]dioxino[3,2-g]quinazolin-4-amine",c31c(cc2c(c1)OC(CO2)COC)ncnc3Nc4cc(ccc4)Br,402.248,
"[9-fluoro-11-hydroxy-17-(2-hydroxyacetyl)-10,13,16-trimethyl-3-oxo-6,7,8,11,12,14,15,16-octahydrocyclopenta[a]phenanthren-17-yl] acetate",FC32C(C1C(C(C(C1)C)(OC(=O)C)C(=O)CO)(CC2O)C)CCC4=CC(=O)C=CC43C,434.504,
"2,2',3,3',4,4',5,5'-octachlorobiphenyl",Clc1c(cc(Cl)c(Cl)c1Cl)c2cc(Cl)c(Cl)c(Cl)c2Cl,429.772,
didecyl phthalate,CCCCCCCCCCOC(=O)C1=CC=CC=C1C(=O)OCCCCCCCCCC,446.672,
"1,1-dioxo-3-(phenylmethyl)-6-(trifluoromethyl)-3,4-dihydro-2H-benzo[e][1,2,4]thiadiazine-7-sulfonamide",FC(F)(F)c1c(cc2c(c1)NC(NS2(=O)=O)Cc3ccccc3)S(=O)(=O)N,421.422,
perphenazine,Clc2cc1N(c3c(Sc1cc2)cccc3)CCCN4CCN(CCO)CC4,403.979,
"1-[[4-(1,3-benzothiazol-2-yl)phenyl]methyl-ethoxyphosphoryl]pyrrolidin-2-one",N4(P(=O)(Cc1ccc(cc1)-c2sc3c(n2)cccc3)OCC)C(=O)CCC4,400.44,
cholic acid,OC3C4(C(C1C(C2(C(CC1O)CC(CC2)O)C)C3)CCC4C(CCC(=O)O)C)C,408.579,
trimazosin,N1(CCN(CC1)C(=O)OCC(O)(C)C)c2nc3c(c(n2)N)cc(c(c3OC)OC)OC,435.481,
prednisolone acetate,OC4(C1(C(C3C(C(C1)O)C2(C(=CC(=O)C=C2)CC3)C)CC4)C)C(=O)COC(=O)C,402.487,
folic acid,c1cc(ccc1C(=O)N[C@@H](CCC(=O)O)C(=O)O)NCc2cnc3c(n2)c(=O)nc([nH]3)N,441.404,
Ugi product 206B(UC),O=C(CNC(=O)OC(C)(C)C)N(Cc1ccco1)C(c2ccccc2)C(=O)NC(C)(C)C,443.544,
"2-amino-3-(4-hydroxy-3,5-diiodophenyl)propanoic acid",Ic1c(c(cc(c1)CC(N)C(=O)O)I)O,432.983,
"4a,7a,7b,11-Tetramethyl-2,3,4,4a,5,5a,6,7,7a,7b,8,8a,10,11,12,12a,13a,14,14a,14b-icosahydro-1H-naphtho[2',3':4,5]indeno[2,1-b]pyrano[2,3-e]pyran-2-ol",CC1CC2C(CC3(C(O2)CC4C3(CCC5C4C=C6CC(CCC6(C5)C)O)C)C)OC1,414.63,
diosgenin,OC2C/C1=C/CC5C(C1(C)CC2)CCC6(C4C(OC3(OCC(CC3)C)C4C)CC56)C,414.63,
3-octanoyloxymethylphenytoin,N1C(C(=O)N(C1=O)COC(=O)CCCCCCC)(c2ccccc2)c3ccccc3,408.498,
hydrocortisone 21-acetate,OC4(C3(C(C2C(C1(CCC(=O)C=C1CC2)C)C(C3)O)CC4)C)C(=O)COC(=O)C,404.503,
"2,3,3',4,4',5,6-Heptachlorodiphenyl ether",O(c1c(c(c(c(c1Cl)Cl)Cl)Cl)Cl)c2cc(c(cc2)Cl)Cl,411.326,
ethyl 2-[[(4-chloro-6-methoxypyrimidin-2-yl)-formylamino]sulfamoyl]benzoate,Clc1nc(nc(c1)OC)N(NS(=O)(=O)c2c(cccc2)C(=O)OCC)C=O,414.827,
testosterone phenylbutanoate,C[C@]12CC[C@H]3[C@H]([C@@H]1CC[C@@H]2OC(=O)CCC4=CC=CC=C4)CCC5=CC(=O)CC[C@]35C,420.593,
"N-(3-iodophenyl)-7-(methoxymethyl)-7,8-dihydro-[1,4]dioxino[3,2-g]quinazolin-4-amine",c31c(cc2c(c1)OC(CO2)COC)ncnc3Nc4cc(ccc4)I,449.248,
"1,2,4,5-tetrachloro-3-(2,3,5,6-tetrachlorophenyl)benzene",Clc2c(c1c(Cl)c(Cl)cc(Cl)c1Cl)c(Cl)c(Cl)cc2Cl,429.772,
benfuracarb,S(N(C(C)C)CCC(=O)OCC)N(C)C(=O)Oc1c2c(ccc1)CC(O2)(C)C,410.536,
triamcinolone acetonide,O=C\1\C=C5/[C@@](/C=C/1)(C)[C@]2(F)[C@H]([C@H]3[C@](C[C@@H]2O)([C@@]4(OC(O[C@@H]4C3)(C)C)C(=O)CO)C)CC5,434.504,
"N,N'-[1,4-Pyrazinediylbis(2,2,2-trichloro-1,1-ethanediyl)]diformamide",C1=CN(C=CN1C(C(Cl)(Cl)Cl)NC=O)C(C(Cl)(Cl)Cl)NC=O,430.934,
podophyllotoxin,COc1cc(cc(c1OC)OC)[C@@H]2c3cc4c(cc3[C@@H]([C@@H]5[C@@H]2C(=O)OC5)O)OCO4,414.41,
simvastatin,CCC(C)(C)C(=O)O[C@H]1C[C@H](C=C2[C@H]1[C@H]([C@H](C=C2)C)CC[C@@H]3C[C@H](CC(=O)O3)O)C,418.574,
cyhalothrin,FC(F)(F)C(=CC1C(C1C(=O)OC(c2cc(ccc2)Oc3ccccc3)C#N)(C)C)Cl,449.856,
"a-chlordane, cis-chlordane",ClC1(Cl)[C@]2(Cl)C(/Cl)=C(/Cl)[C@@]1(Cl)[C@@H]3[C@@H](Cl)[C@@H](Cl)C[C@H]23,409.782,
"(2,5-dichloro-4-iodophenoxy)-dimethoxy-sulfanylidenephosphorane",Ic1c(cc(c(c1)Cl)OP(=S)(OC)OC)Cl,413.0,
leptophos,Brc1c(cc(c(c1)Cl)OP(=S)(OC)c2ccccc2)Cl,412.072,
"2,2',3,4,4',5,5'-Heptachlorodiphenyl ether",O(c1c(c(c(c(c1)Cl)Cl)Cl)Cl)c2c(cc(c(c2)Cl)Cl)Cl,411.326,
"[2-(9-fluoro-11,17-dihydroxy-10,13,16-trimethyl-3-oxo-6,7,8,11,12,14,15,16-octahydrocyclopenta[a]phenanthren-17-yl)-2-oxoethyl] acetate",FC32C(C1C(C(C(C1)C)(O)C(=O)COC(=O)C)(CC2O)C)CCC4=CC(=O)C=CC43C,434.504,
acenaphthylene,c1cc2cccc3c2c(c1)C=C3,152.196,
2-NITRONAPHTHALENE,c21c(ccc(c1)[N+](=O)[O-])cccc2,173.171,
ethyl caprylate,C(=O)(CCCCCCC)OCC,172.268,
isophthalic acid,O=C(O)c1cccc(C(=O)O)c1,166.132,
2-(4-chloro-2-methylphenoxy)acetic acid,Clc1cc(c(cc1)OCC(=O)O)C,200.621,
prostaglandin E2,OC1C(C(C(=O)C1)CC=CCCCC(=O)O)C=CC(O)CCCCC,352.471,
