ID,Name,SMILES,MW
001,dimethyl fumarate,O=C(OC)\C=C\C(=O)OC,144.126
002,nonanal,O=CCCCCCCCC,142.242
003,adenine,[nH]2c1ncnc(c1nc2)N,135.13
004,4-aminobenzoic acid,O=C(O)c1ccc(N)cc1,137.138
005,"1,4-dichlorobenzene",Clc1ccc(Cl)cc1,147.004
006,adipic acid,C(CCC(=O)O)CC(=O)O,146.142
007,naphthalene,c1ccc2ccccc2c1,128.174
008,diisopropylsulfide,S(C(C)C)C(C)C,118.245
009,4-fluorobenzoic acid,O=C(O)c1ccc(F)cc1,140.113
010,cinnamic acid,O=C(O)C=Cc1ccccc1,148.161
011,4-nitrotoluene,O=[N+]([O-])c1ccc(C)cc1,137.138
012,"2,4-dimethyl-3-pentanol",CC(C(C(C)C)O)C,116.204
013,benzoic acid,O=C(O)c1ccccc1,122.123
014,3-chloroanisole,COc1cc(Cl)ccc1,142.585
015,4-hydroxybenzoic acid,O=C(O)c1ccc(O)cc1,138.122
016,4-hydroxybenzaldehyde,O=Cc1ccc(O)cc1,122.123
017,"2,3-dimethylbutanol",C(C(C(C)C)C)O,102.177
018,2-methylheptane,C(CCCCC)(C)C,114.232
019,hexanaldehyde,CCCCCC=O,100.161
020,acetanilide,O=C(Nc1ccccc1)C,135.166
021,heptylamine,NCCCCCCC,115.22
022,"2,4,6-trimethylphenol",Oc1c(cc(cc1C)C)C,136.194
023,4-hydroxy-3-methylbenzaldehyde,O=Cc1ccc(O)c(c1)C,136.15
024,benzimidazole,c1ccc2c(c1)[nH]cn2,118.139
025,n-hexyl carbamate,NC(=O)OCCCCCC,145.202
026,3-methylbenzoic acid,O=C(O)c1cc(ccc1)C,136.15
027,nicotinic acid,O=C(O)c1cccnc1,123.111
028,1-heptanol,OCCCCCCC,116.204
029,octylamine,NCCCCCCCC,129.247
030,salicylic acid,O=C(O)c1ccccc1O,138.122
031,ethylenethiourea,S=C1NCCN1,102.162
032,"1,4-diethylbenzene",C(C)c1ccc(cc1)CC,134.222
033,"4,4-dimethyl-1-pentanol",OCCCC(C)(C)C,116.204
034,ethyl capronate,O(CC)C(=O)CCCCC,144.214
035,"1,1,1-trifluoropropan-2-ol",FC(F)(F)C(O)C,114.066
036,2-methylbenzoic acid,O=C(O)c1ccccc1C,136.15
037,salicylamide,O=C(c1ccccc1O)N,137.138
038,Ethylcyclohexane,C1(CCCCC1)CC,112.216
039,"1,1,2-trichloroethene",C(=CCl)(Cl)Cl,131.389
040,"2,6-xylenol",Oc1c(cccc1C)C,122.167
041,3-methyl-2-pentanol,CC(C(CC)C)O,102.177
042,2-Chloro-2-methylbutane,ClC(CC)(C)C,106.596
043,1-H-tetrazole-1-acetic acid,O=C(O)Cn1nnnc1,128.091
044,4-methylbenzoic acid,Cc1ccc(cc1)C(=O)O,136.15
045,erythritol,OC(C(O)CO)CO,122.12
046,3-hexanol,OC(CCC)CC,102.177
047,caprolactam,O=C1NCCCCC1,113.16
048,maleic acid,C(=CC(=O)O)C(=O)O,116.072
049,pentazocin,C\1=C\N=N/N=N\N=C1,109.092
050,3-heptanol,OC(CCCC)CC,116.204
051,4-methylcyclohexanol,OC1CCC(CC1)C,114.188
052,2-naphthol,c1ccc2cc(ccc2c1)O,144.173
053,"4,4-Dimethylbicyclo[3.2.1]octane-2,3-dione",CC1(C2CCC(C2)C(=O)C1=O)C,166.22
054,caffeine,Cn1cnc2c1c(=O)n(c(=O)n2C)C,194.194
055,biphenyl,c1ccc(cc1)c2ccccc2,154.212
056,veratraldehyde,COc1cc(ccc1OC)C=O,166.176
057,2-chloro-5-nitrobenzaldehyde,O=Cc1cc(ccc1Cl)[N+]([O-])=O,185.566
058,"2-(1,3-benzodioxol-5-yl)acetic acid",O=C(O)Cc1ccc2OCOc2c1,180.159
059,"2,6-dinitrotoluene",[N+](=O)([O-])c1c(c(ccc1)[N+](=O)[O-])C,182.135
060,theophylline,N2(c1nc[nH]c1C(=O)N(C2=O)C)C,180.167
061,phenothiazine,c1ccc2c(c1)Nc3ccccc3S2,199.278
062,butamben,O=C(OCCCC)c1ccc(N)cc1,193.246
063,acetaminophen,CC(=O)Nc1ccc(cc1)O,151.165
064,indole-2-carboxylic acid,c1ccc2c(c1)cc([nH]2)C(=O)O,161.16
065,phenacetin,O=C(Nc1ccc(OCC)cc1)C,179.219
066,"DL-1,2-diphenylethanol",OC(Cc1ccccc1)c2ccccc2,198.265
067,piperonal,O=Cc1ccc2OCOc2c1,150.133
068,2-acetamidohexanoic acid,C(C(=O)O)(NC(=O)C)CCCC,173.212
069,benzocaine,O=C(OCC)c1ccc(N)cc1,165.192
070,DL-camphor,O=C1CC2CCC1(C)C2(C)C,152.237
071,boc-alanine,O=C(OC(C)(C)C)N[C@H](C(=O)O)C,189.211
072,4-nitrobenzaldehyde,c1cc(C=O)ccc1[N+](=O)[O-],151.121
073,o-vanillin,Oc1c(cccc1OC)C=O,152.149
074,anthracene,c1ccc2cc3ccccc3cc2c1,178.234
075,monuron,Clc1ccc(NC(=O)N(C)C)cc1,198.653
076,"3,4-dichlorobenzoic acid",Clc1ccc(C(=O)O)cc1Cl,191.013
077,4-methoxybenzoic acid,COc1ccc(cc1)C(O)=O,152.149
078,"2-(2,4-dioxo-1H-pyrimidin-5-yl)acetic acid",C1(=CNC(=O)NC1=O)CC(=O)O,170.124
079,trans-stilbene,c1ccc(cc1)/C=C/c2ccccc2,180.25
080,L-phenylalanine,c1ccc(cc1)C[C@@H](C(=O)O)N,165.192
081,acridine,n1c3c(cc2c1cccc2)cccc3,179.222
082,butylparaben,O=C(OCCCC)c1ccc(O)cc1,194.23
083,4-Methoxycarbonylbenzoic acid,c1(ccc(cc1)C(=O)O)C(=O)OC,180.159
084,Quinoline-2-carboxylic acid,c21c(ccc(n1)C(=O)O)cccc2,173.171
085,3-nitrobenzoic acid,O=[N+]([O-])c1cc(C(=O)O)ccc1,167.12
086,5-nitrothiophene-2-carbohydrazide,c1(sc(cc1)[N+](=O)[O-])C(=O)NN,187.18
087,uric acid,O=C1\C2=C(/NC(=O)N1)NC(=O)N2,168.112
088,5-nitrobarbituric acid,[N+](=O)([O-])C1C(=O)NC(=O)NC1=O,173.084
089,2-chloronaphthalene,Clc1cc2c(cc1)cccc2,162.619
090,phenanthrene,c1ccc2c(c1)ccc3c2cccc3,178.234
091,4-phenylphenol,c1ccc(cc1)c2ccc(cc2)O,170.211
092,daminozide,N(NC(=O)CCC(=O)O)(C)C,160.173
093,vanillin,Oc1ccc(cc1OC)C=O,152.149
094,9-fluorenone,O=C3c1ccccc1c2c3cccc2,180.206
095,D-fructose,O[C@H]1[C@H](O)[C@H](O[C@]1(O)CO)CO,180.156
096,4-methylsulfonylbenzenecarboximidamide,S(=O)(=O)(c1ccc(cc1)C(=N)N)C,198.247
097,methylparaben,COC(=O)c1ccc(cc1)O,152.149
098,3-Ethoxy-4-hydroxybenzaldehyde,C(=O)c1cc(c(cc1)O)OCC,166.176
099,diethyl malonate,O=C(OCC)CC(=O)OCC,160.169
100,suberic acid,O=C(O)CCCCCCC(=O)O,174.196
101,xanthene,O2c1ccccc1Cc3c2cccc3,182.222
102,1-Bromo-4-chlorobenzene,Brc1ccc(cc1)Cl,191.455
103,methyl p-aminobenzoate,O=C(OC)c1ccc(N)cc1,151.165
104,pimelic acid,O=C(O)CCCCCC(=O)O,160.169
105,2-methoxybenzoic acid,O=C(O)c1ccccc1OC,152.149
106,"3,4-dimethoxybenzoic acid",COc1c(cc(cc1)C(=O)O)OC,182.175
107,decanoic acid,O=C(O)CCCCCCCCC,172.268
108,"1,2-dibromoethylene",BrC=CBr,185.846
109,ethylparaben,O=C(OCC)c1ccc(O)cc1,166.176
110,benzalaniline,c1ccc(cc1)/C=N/c2ccccc2,181.238
111,mandelic acid,O=C(O)C(O)c1ccccc1,152.149
112,1-nitronaphthalene,[O-][N+](=O)c2cccc1ccccc12,173.171
113,4-amino-N-methylbenzamide,O=C(c1ccc(N)cc1)NC,150.181
114,"2,3-dimethyl-2,3-dinitrobutane",CC(C)(C(C)(C)[N+](=O)[O-])[N+](=O)[O-],176.172
115,Benzo[f]quinoline,n3c1c(c2c(cc1)cccc2)ccc3,179.222
116,chloroanthraquinone,O=C2c1ccccc1C(=O)c3c2cccc3Cl,242.661
117,diethyl phthalate,CCOC(=O)c1ccccc1C(=O)OCC,222.24
118,1-but-3-yn-2-yl-3-(4-chlorophenyl)-1-methylurea,Clc1ccc(cc1)NC(=O)N(C(C)C#C)C,236.702
119,hexobarbital,O=C1N(C(=O)NC(=O)C1(/C2=C/CCCC2)C)C,236.271
120,2-methoxy-5-methylbenzenesulfonamide,c1(c(ccc(c1)C)OC)S(=O)(=O)N,201.247
121,thiaxanthone,O=C1c3c(Sc2c1cccc2)cccc3,212.273
122,3-(hydroxy-phenylphosphoryl)propanoic acid,P(=O)(c1ccccc1)(CCC(=O)O)O,214.157
123,diphenyl sulfone,O=S(=O)(c1ccccc1)c2ccccc2,218.277
124,ibuprofen,O=C(O)C(c1ccc(cc1)CC(C)C)C,206.285
125,dibenzyl disulfide,c1ccc(cc1)CSSCc1ccccc1,246.4
126,naproxen,O=C(O)[C@H](c1ccc2c(c1)ccc(OC)c2)C,230.263
127,"1-methoxy-2,3,4,5-tetrachlorobenzene",Clc1c(OC)cc(Cl)c(Cl)c1Cl,245.92
128,fenfuram,N(c1ccccc1)C(=O)c2c(occ2)C,201.225
129,boc-serine,O=C(OC(C)(C)C)N[C@H](C(=O)O)CO,205.21
130,"1,3,5-trinitrobenzene",[N+](=O)([O-])c1cc(cc(c1)[N+](=O)[O-])[N+](=O)[O-],213.105
131,procaine,O=C(OCCN(CC)CC)c1ccc(N)cc1,236.315
132,4-iodophenol,c1cc(ccc1O)I,220.009
133,"5-ethylbenzo[b][1,4]benzoxazepin-6-one",N3(c1c(cccc1)Oc2c(cccc2)C3=O)CC,239.274
134,pyrene,c1cc2ccc3cccc4c3c2c(c1)cc4,202.256
135,dexibuprofen,C[C@@H](c1ccc(cc1)CC(C)C)C(=O)O,206.285
136,"2,5-dimethylpyrano[5,6-f][1]benzoxol-7-one",c31c(cc2c(c1)cc(o2)C)OC(=O)C=C3C,214.22
137,4-bromo-3-nitrobenzoic acid,c1(c(ccc(c1)C(=O)O)Br)[N+](=O)[O-],246.016
138,ametryn,S(C)c1nc(nc(n1)NCC)NC(C)C,227.337
139,phenanthrene-9-carboxaldehyde,O=Cc2cc3c(c1c2cccc1)cccc3,206.244
140,phenobarbital,CCC1(C(=O)NC(=O)NC1=O)C2=CC=CC=C2,232.239
141,"2,2,4-Triethyl-N-hydroxyoctanamide",CCCCC(CC)CC(CC)(CC)C(=O)NO,243.391
142,thianthrene,S1c3c(Sc2c1cccc2)cccc3,216.33
143,"5-ethenyl-5-pentan-2-yl-1,3-diazinane-2,4,6-trione",C1(C(=O)NC(=O)NC1=O)(C(CCC)C)C=C,224.26
144,sulfapyridine,C1=CC=NC(=C1)NS(=O)(=O)C2=CC=C(C=C2)N,249.295
145,fluoranthene,c1ccc-2c(c1)-c3cccc4c3c2ccc4,202.256
146,"2,2'-dichlorobiphenyl",Clc2ccccc2c1c(Cl)cccc1,223.102
147,"3,5-dinitrobenzoic acid",O=[N+]([O-])c1cc(cc([N+]([O-])=O)c1)C(=O)O,212.117
148,3-nitrophthalic acid,O=[N+]([O-])c1cccc(c1C(=O)O)C(=O)O,211.129
149,"2,8-Dichlorodibenzofuran",o1c3c(c2c1ccc(c2)Cl)cc(cc3)Cl,237.085
150,"2,3,4-trichloroanisole",COc1c(c(c(cc1)Cl)Cl)Cl,211.475
151,dibenzalacetone,O=C(\C=C\c1ccccc1)\C=C\c2ccccc2,234.298
152,ethiofencarb,S(CC)Cc1c(cccc1)OC(=O)NC,225.313
153,"5-fluoro-1-[(4-methylphenyl)methyl]pyrimidine-2,4-dione",N1(C(=O)NC(=O)C(=C1)F)Cc2ccc(cc2)C,234.23
154,4-[2-(4-oxopentan-2-ylideneamino)ethylimino]pentan-2-one,C(C(=NCCN=C(CC(=O)C)C)C)C(=O)C,224.304
155,benzoin,c1ccc(cc1)C(C(=O)c2ccccc2)O,212.248
156,N-(4-Dimethylaminobenzylidene)aniline,CN(C)c1ccc(cc1)C=Nc2ccccc2,224.307
157,2-iodophenol,Ic1ccccc1O,220.009
158,octanebis(thioic S-acid),C(=S)(CCCCCCC(=S)O)O,206.332
159,2-amino-5-nitrobenzophenone,O=C(c1cc(ccc1N)[N+]([O-])=O)c2ccccc2,242.234
160,"6,7-Dimethoxy-4-nitro-2-benzofuran-1(3H)-one",COc1cc(c2c(c1OC)C(=O)OC2)[N+](=O)[O-],239.183
161,3-hydroxy-2-methyl-1-(4-methylphenyl)pyridin-4-one,N1(C(=C(C(=O)C=C1)O)C)c2ccc(cc2)C,215.252
162,"2-methyl-3,5-dinitrobenzoic acid",O=[N+]([O-])c1cc(cc(C(=O)O)c1C)[N+]([O-])=O,226.144
163,"4,4'-dichlorobiphenyl",Clc2ccc(c1ccc(Cl)cc1)cc2,223.102
164,benzil,c1ccc(cc1)C(=O)C(=O)c2ccccc2,210.232
165,4-chloro-3-nitrobenzoic acid,O=[N+]([O-])c1cc(ccc1Cl)C(=O)O,201.565
166,thiram,S(SC(=S)N(C)C)C(=S)N(C)C,240.444
167,"3,4-Dideoxy-2,5-di-S-methyl-2,5-dithiohexaric acid",CSC(CCC(C(=O)O)SC)C(=O)O,238.33
168,minoxidil,N\C1=C\C(=N/C(=N)N1O)N2CCCCC2,209.253
169,atrazine,CC/N=c/1\[nH]/c(=N/C(C)C)/[nH]c(n1)Cl,215.688
170,L-tyrosylglycine,[O-]C(=O)CNC(=O)[C@H](Cc1ccc(O)cc1)[NH3+],238.243
171,"methyl 3-amino-2,5-dichlorobenzoate",Clc1c(cc(cc1C(=O)OC)Cl)N,220.055
172,alizarin,Oc1c3c(ccc1O)C(=O)c2c(cccc2)C3=O,240.214
173,N-phenylbenzohydroxamic acid,O=C(N(O)c1ccccc1)c2ccccc2,213.236
174,"1,2,3,6,7,8-Hexahydropyrene",C2Cc4c1c3c(ccc1C2)CCCc3cc4,208.304
175,"5-methyl-5-phenyl-1,3-diazinane-2,4,6-trione",C2(c1ccccc1)(C(=O)NC(=O)NC2=O)C,218.212
176,mefenamic acid,O=C(O)c2c(Nc1cccc(c1C)C)cccc2,241.29
177,L-leucyl-L-valine,[O-]C(=O)[C@@H](NC(=O)[C@@H]([NH3+])CC(C)C)C(C)C,230.308
178,aminopyrene,c4cc2ccc1ccc(N)c3c1c2c(cc3)c4,217.271
179,"4,7-Dimethyl-1,10-phenanthroline",n3c2c1nccc(c1ccc2c(cc3)C)C,208.264
180,equilin,O=C3CC[C@H]4C/2=C/Cc1c(ccc(O)c1)[C@H]\2CC[C@]34C,268.356
181,4-(methyl-octylamino)diazenylbenzoic acid,c1(ccc(cc1)C(=O)O)N=NN(CCCCCCCC)C,291.395
182,"1-[(4-chlorophenyl)methyl]-5-fluoropyrimidine-2,4-dione",N1(C(=O)NC(=O)C(=C1)F)Cc2ccc(cc2)Cl,254.648
183,reposamal,O=C1NC(=O)NC(=O)C1(CC)C=3C[C@H]2C[C@H](CC2)C=3,262.309
184,fenbufen,O=C(O)CCC(=O)c2ccc(c1ccccc1)cc2,254.285
185,"4,6-dimethyl-8,9,10,11-tetrahydro-[1]benzoxolo[2,3-h]chromen-2-one",c21c4c(cc(c1oc3c2CCCC3)C)C(=CC(=O)O4)C,268.312
186,trimethoprim,COc1cc(cc(c1OC)OC)Cc2cnc(nc2N)N,290.323
187,"2,8-dichlorodibenzo-p-dioxin",c31c(cc(cc1)Cl)Oc2c(ccc(c2)Cl)O3,253.084
188,"2,2',5,5'-tetrachlorobiphenyl",Clc2ccc(Cl)cc2c1c(Cl)ccc(Cl)c1,291.992
189,estriol,Oc1cc3c(cc1)[C@H]2CC[C@@]4([C@@H](O)[C@H](O)C[C@H]4[C@@H]2CC3)C,288.387
190,atropine,CN3[C@H]1CC[C@@H]3C[C@@H](C1)OC(=O)C(CO)c2ccccc2,289.375
191,redupresin,O=S(=O)(c1nc2ccc(OCC)cc2s1)N,258.324
192,"dibenz[a,h]anthracene",c1ccc2c(c1)ccc3c2cc4ccc5ccccc5c4c3,278.354
193,sulfafurazole,O=S(=O)(Nc1onc(c1C)C)c2ccc(N)cc2,267.31
194,diphenylhydantoin,O=C2N(C(=O)N(c1ccccc1)C2)c3ccccc3,252.273
195,eriodictyol,O1C(CC(=O)c2c1cc(cc2O)O)c3cc(c(cc3)O)O,288.255
196,estradiol-17-alpha,Oc1cc3c(cc1)[C@H]2CC[C@@]4([C@H](O)CC[C@H]4[C@@H]2CC3)C,272.388
197,Benzo[a]pyrene,c51c(cc2ccc3cccc4ccc1c2c43)cccc5,252.316
198,benomyl,n1(c(nc2c1cccc2)NC(=O)OC)C(=O)NCCCC,290.323
199,lamotrigine,Clc2c(Cl)c(c1nnc(nc1N)N)ccc2,256.096
200,chlorpropamide,O=S(=O)(c1ccc(Cl)cc1)NC(=O)NCCC,276.745
201,sulfathiozole,O=S(=O)(Nc1nccs1)c2ccc(N)cc2,255.324
202,benznidazole,[N+](=O)([O-])c1n(ccn1)CC(=O)NCc2ccccc2,260.253
203,4-pyrenebutanoic acid,O=C(O)CCCc4cc2cccc1ccc3c(c12)c4ccc3,288.346
204,stearic acid,O=C(O)CCCCCCCCCCCCCCCCC,284.484
205,"7-hydroxy-6,7-dihydro-5H-thieno[4,5-b]thiopyran-2-sulfonamide",c21c(cc(s1)S(=O)(=O)N)SCCC2O,251.354
206,doxepin,N(CCC=C2c1c(cccc1)OCc3c2cccc3)(C)C,279.383
207,2-(4-ethylbenzoyl)benzoic acid,O=C(O)c2ccccc2C(=O)c1ccc(cc1)CC,254.285
208,bromoform,BrC(Br)Br,252.731
209,norethindrone,O=C4\C=C3/[C@@H]([C@H]2CC[C@]1([C@@H](CC[C@]1(C#C)O)[C@@H]2CC3)C)CC4,298.426
210,"1,4-cyclohexanedione-2,5-dicarboxylate",O=C(OCC)C1C(=O)CC(C(=O)C1)C(=O)OCC,256.254
211,sulfamethazine,O=S(=O)(Nc1nc(cc(n1)C)C)c2ccc(N)cc2,278.337
212,ketoprofen,CC(c1cccc(c1)C(=O)c2ccccc2)C(=O)O,254.285
213,methoproptryne,S(C)c1nc(nc(n1)NCCCOC)NC(C)C,271.39
214,1-[di(phenyl)methyl]-4-methylpiperazine,C(N1CCN(CC1)C)(c2ccccc2)c3ccccc3,266.388
215,sulfamethoxypyridazine,O=S(=O)(Nc1nnc(OC)cc1)c2ccc(N)cc2,280.309
216,niflumic acid,FC(F)(F)c1cc(ccc1)Nc2ncccc2C(=O)O,282.221
217,"4-amino-N-(5-propyl-1,3,4-thiadiazol-2-yl)benzenesulfonamide",c1(ccc(cc1)N)S(=O)(=O)Nc2sc(nn2)CCC,298.393
218,amitraz,N(=C/N(\C=N\c1ccc(cc1C)C)C)\c2ccc(cc2C)C,293.414
219,lindane,ClC1C(Cl)C(Cl)C(Cl)C(Cl)C1Cl,290.832
220,"3,4,5,6-tetrachloroveratrole",Clc1c(OC)c(OC)c(Cl)c(Cl)c1Cl,275.946
221,"2,4,4'-trichlorodiphenyl ether",O(c1c(cc(cc1)Cl)Cl)c2ccc(cc2)Cl,273.546
222,fluasterone,O=C3[C@]2(CC[C@@H]1[C@@]4(C(=C/C[C@H]1[C@@H]2C[C@H]3F)\CCCC4)C)C,290.422
223,"5-(Bicyclo[3.2.1]oct-2-en-2-yl)-5-ethyl-2,4,6(1H,3H,5H)-pyrimidinetrione",CCC1(C(=O)NC(=O)NC1=O)C2=CCC3CCC2C3,262.309
224,fenitrothion,S=P(Oc1cc(c(cc1)[N+]([O-])=O)C)(OC)OC,277.238
225,10-methyl-9-phenylacridin-9-ol,C2(c1c(cccc1)N(c3c2cccc3)C)(c4ccccc4)O,287.362
226,disulfiram,CCN(CC)C(=S)SSC(=S)N(CC)CC,296.552
227,methapyrilene,s1c(ccc1)CN(CCN(C)C)c2ncccc2,261.394
228,1-diethylaminopropan-2-yl 4-aminobenzoate,c1(ccc(cc1)N)C(=O)OC(CN(CC)CC)C,250.342
229,dibutyl phthalate,CCCCOC(=O)C1=CC=CC=C1C(=O)OCCCC,278.348
230,hyoscyamine,O=C(OC2CC1N(C)C(CC1)C2)[C@@H](c3ccccc3)CO,289.375
231,atenolol,CC(C)NCC(COC1=CC=C(C=C1)CC(=O)N)O,266.341
232,"6-chloro-N'-hydroxy-1,3-dihydrobenzo[de]isoquinoline-2-carboxamidine",c21c3ccc(c1cccc2CN(C3)C(=NO)N)Cl,261.712
233,Octyl 3-chloro-4-hydroxybenzoate,CCCCCCCCOC(=O)c1ccc(c(c1)Cl)O,284.783
234,adenosine,c1nc(c2c(n1)n(cn2)[C@H]3[C@@H]([C@@H]([C@H](O3)CO)O)O)N,267.245
235,triamterene,C1=CC=C(C=C1)C2=NC3=C(N=C(N=C3N=C2N)N)N,253.269
236,"1,2,4-trichlorooxanthrene",c31c(c(c(cc1Cl)Cl)Cl)Oc2c(cccc2)O3,287.529
237,[2-(cyclohexyl-methylamino)-2-oxoethyl] benzoate,N(C1CCCCC1)(C(=O)COC(=O)c2ccccc2)C,275.348
238,"2-(3,4-Dichlorophenyl)-4-methyl-1,2,4-oxadiazolidine-3,5-dione",Clc1c(ccc(c1)N2OC(=O)N(C2=O)C)Cl,261.064
239,perylene,c1cc2cccc3c2c(c1)c4cccc5c4c3ccc5,252.316
240,"1,1-dioxo-2-(2-oxopiperidin-3-yl)-1,2-benzothiazol-3-one",N2(S(=O)(=O)c1c(cccc1)C2=O)C3C(=O)NCCC3,280.305
241,N-phenyl-4-nitrobenzohydroxamic acid,[O-][N+](=O)c2ccc(C(=O)N(O)c1ccccc1)cc2,258.233
242,palmitic acid,CCCCCCCCCCCCCCCC(=O)O,256.43
243,5-Chloro-2-[(E)-(4-hydroxyphenyl)diazenyl]benzoic acid,c1cc(ccc1/N=N/c2ccc(cc2C(=O)O)Cl)O,276.679
244,"3-(3,5-dichlorophenyl)-1,5-dimethyl-3-azabicyclo[3.1.0]hexane-2,4-dione",Clc1cc(cc(c1)N3C(=O)C2(C(C2)(C3=O)C)C)Cl,284.142
245,4-(4-dimethylaminophenyl)diazenylbenzenesulfonic acid,c1(ccc(cc1)N=Nc2ccc(cc2)N(C)C)S(=O)(=O)O,305.359
246,nadolol,OC(CNC(C)(C)C)COc1cccc2c1C[C@H](O)[C@H](O)C2,309.406
247,corticosterone,O=C4\C=C2/[C@]([C@H]1[C@@H](O)C[C@@]3([C@@H](C(=O)CO)CC[C@H]3[C@@H]1CC2)C)(C)CC4,346.467
248,fenpropathrin,N#CC(OC(=O)C1C(C1(C)C)(C)C)c2cc(ccc2)Oc3ccccc3,349.43
249,dehydrodivanillin,O=Cc2cc(c1cc(cc(OC)c1O)C=O)c(O)c(OC)c2,302.282
250,7-(3-aminoazetidin-1-yl)-1-cyclopropyl-6-fluoro-4-oxoquinoline-3-carboxylic acid,c31c(cc(c(c1)N2CC(C2)N)F)C(=O)C(=CN3C4CC4)C(=O)O,317.32
251,phenolphthalein,O=C1OC(c2ccccc12)(c3ccc(O)cc3)c4ccc(O)cc4,318.328
252,"2-(2,4,6-trichlorophenoxy)ethyl bromide",c1c(cc(c(c1Cl)OCCBr)Cl)Cl,304.398
253,17-alpha-methyltestosterone,C[C@]12CC[C@H]3[C@H]([C@@H]1CC[C@]2(C)O)CCC4=CC(=O)C=C[C@]34C,300.442
254,clonazepam,[O-][N+](=O)c3cc\1c(NC(=O)C/N=C/1c2ccccc2Cl)cc3,315.716
255,ethyl 2-(benzoylamino)-3-(4-hydroxyphenyl)propanoate,C(NC(=O)c1ccccc1)(Cc2ccc(cc2)O)C(=O)OCC,313.353
256,benzyl butyl phthalate,CCCCOC(=O)c1ccccc1C(=O)OCc2ccccc2,312.365
257,"Ajmalan-17,21-diol, (17R,21.alpha.)-",N53C6C2N(c1c(cccc1)C42C(C(C3C4)C(C(C5O)CC)C6)O)C,326.44
258,"1,3-bis(4-ethoxyphenyl)urea",c1(ccc(cc1)OCC)NC(=O)Nc2ccc(cc2)OCC,300.358
259,"1,2,3,4-tetrachlorodibenzo-p-dioxin",c31c(c(c(c(c1Cl)Cl)Cl)Cl)Oc2c(cccc2)O3,321.974
260,sulfadimethoxine,COC1=NC(=NC(=C1)NS(=O)(=O)C2=CC=C(C=C2)N)OC,310.335
261,"3',4,6-trimethoxy-5'-methylspiro[1-benzofuran-2,4'-cyclohex-2-ene]-1',3-dione",C32(C(=O)c1c(cc(cc1OC)OC)O2)C(=CC(=O)CC3C)OC,318.325
262,2-Iodo-N-phenylbenzamide,Ic1c(cccc1)C(=O)Nc2ccccc2,323.133
263,papaverine,COc1ccc(cc1OC)Cc2c3cc(c(cc3ccn2)OC)OC,339.391
264,fenoxycarb,O=C(OCC)NCCOc2ccc(Oc1ccccc1)cc2,301.342
265,dihexyl phthalate,O=C(OCCCCCC)c1ccccc1C(=O)OCCCCCC,334.456
266,sulpiride,O=S(=O)(N)c1cc(c(OC)cc1)C(=O)NCC2N(CC)CCC2,341.433
267,chlorthalidone,O=S(=O)(N)c1c(Cl)ccc(c1)C2(O)c3ccccc3C(=O)N2,338.772
268,tenoxicam,O=C\2c1sccc1S(=O)(=O)N(C/2=C(/O)Nc3ncccc3)C,337.382
269,PCB-105,C1=CC(=C(C=C1C2=C(C(=C(C=C2)Cl)Cl)Cl)Cl)Cl,326.437
270,16-dehydropregnenolone,O=C(/C1=C/C[C@@H]2[C@@]1(CC[C@@H]3[C@@]4(C(=C/C[C@@H]23)\C[C@@H](O)CC4)C)C)C,314.469
271,warfarin,O=C2C(=C(O)c1c(cccc1)O2)C(CC(=O)C)c3ccccc3,308.333
272,profluralin,CCCN(CC1CC1)C2=C(C=C(C=C2[N+](=O)[O-])C(F)(F)F)[N+](=O)[O-],347.293
273,perthane,ClC(Cl)C(c1ccc(cc1)CC)c2ccc(cc2)CC,307.264
274,"2,3-dihydroxypropyl 2-(6-methoxynaphthalen-2-yl)propanoate",c21c(cc(cc1)OC)ccc(c2)C(C(=O)OCC(CO)O)C,304.342
275,"2,3,3',4,4'-pentachlorodiphenyl ether",O(c1c(c(c(cc1)Cl)Cl)Cl)c2cc(c(cc2)Cl)Cl,342.436
276,2-[(1-Phenylethyl)amino]ethyl 4-ethoxybenzoate,CCOc1ccc(cc1)C(=O)OCCNC(C)c2ccccc2,313.397
277,"11-Ethyl-2-[(2-hydroxyethyl)(methyl)amino]-5,11-dihydro-6H-dipyrido[3,2-b:2',3'-e][1,4]diazepin-6-one",CCN1c2c(cccn2)C(=O)Nc3c1nc(cc3)N(C)CCO,313.361
278,"(2,5-dioxo-4,4-diphenyl-1-imidazolidinyl)methyl acetate",O=C3N(C(=O)C(c1ccccc1)(c2ccccc2)N3)COC(=O)C,324.336
279,tranilast,O=C(O)c1ccccc1NC(=O)\C=C\c2cc(OC)c(OC)cc2,327.336
280,quinine,COc1ccc2c(c1)c(ccn2)[C@H]([C@@H]3C[C@H]4CCN3C[C@@H]4C=C)O,324.424
281,deoxycorticosterone,OCC(=O)C4C3(C(C2C(C1(CCC(=O)C=C1CC2)C)CC3)CC4)C,330.468
282,"1-[6-hydroxy-2-(trichloromethyl)-3a,5,6,6a-tetrahydrofuro[4,5-d][1,3]dioxol-5-yl]ethane-1,2-diol",ClC(Cl)(Cl)C2OC1OC(C(C1O2)O)C(O)CO,309.529
283,progesterone,O=C4\C=C2/[C@]([C@H]1CC[C@@]3([C@@H](C(=O)C)CC[C@H]3[C@@H]1CC2)C)(C)CC4,314.469
284,hesperetin,O=C2c3c(O[C@H](c1ccc(OC)c(O)c1)C2)cc(O)cc3O,302.282
285,N-[4-nitro-2-(phenoxy)phenyl]methanesulfonamide,c1(c(ccc(c1)[N+](=O)[O-])NS(=O)(=O)C)Oc2ccccc2,308.315
286,"2,2',3,4,5-pentachlorobiphenyl",Clc1c(cc(Cl)c(Cl)c1Cl)c2ccccc2Cl,326.437
287,"1,2,3,7-tetrachlorodibenzo-p-dioxin",c31c(c(c(c(c1)Cl)Cl)Cl)Oc2c(cc(cc2)Cl)O3,321.974
288,sucrose,C([C@@H]1[C@H]([C@@H]([C@H]([C@H](O1)O[C@]2([C@H]([C@@H]([C@H](O2)CO)O)O)CO)O)O)O)O,342.297
289,disopyramide,O=C(N)C(c1ncccc1)(c2ccccc2)CCN(C(C)C)C(C)C,339.483
290,quinidine,O(c4cc1c(nccc1[C@H](O)[C@@H]2N3CC[C@@H](C2)[C@@H](/C=C)C3)cc4)C,324.424
291,tetraphenylmethane,c1c(cccc1)C(c2ccccc2)(c3ccccc3)c4ccccc4,320.435
292,ethisterone,OC4(C3(C(C2C(C1(CCC(=O)C=C1CC2)C)CC3)CC4)C)C#C,312.453
293,5-decyloxy-2-((hydroxyimino)ethyl)phenol,c1(c(cc(cc1)OCCCCCCCCCC)O)C(=NO)C,307.434
294,4-(4-methylsulfonylphenyl)-3-phenyl-5H-furan-2-one,C2(=C(c1ccc(cc1)S(=O)(=O)C)COC2=O)c3ccccc3,314.362
295,"2,2',3,4,5'-pentachlorobiphenyl",Clc2ccc(c1cc(Cl)ccc1Cl)c(Cl)c2Cl,326.437
296,"(1,4-diethoxy-1,4-dioxobutan-2-yl)sulfanyl-hydroxy-dimethoxyphosphanium",P(=O)(SC(C(=O)OCC)CC(=O)OCC)(OC)OC,314.296
297,4-(diethylamino)-2-(4-methoxy-1-naphthyl)-2-butanol,c21c(ccc(c1cccc2)OC)C(CCN(CC)CC)(O)C,301.43
298,"1,2,4-tribromobenzene",C1=CC(=C(C=C1Br)Br)Br,314.802
299,"2,2',5,5'-tetrachlorobenzyl 4-toluene",c1(c(cc(c(c1)Cl)C)Cl)Cc2c(ccc(c2)Cl)Cl,320.046
300,"1-[[2-(2,4-dichlorophenyl)-4-propyl-1,3-dioxolan-2-yl]methyl]-1,2,4-triazole",Clc1c(ccc(c1)Cl)C2(OC(CO2)CCC)Cn3ncnc3,342.226
301,"1,3,6,8-tetrachlorodibenzo-p-dioxin",c31c(c(cc(c1)Cl)Cl)Oc2c(c(cc(c2)Cl)Cl)O3,321.974
302,N-methyl-3-phenyl-3-[4-(trifluoromethyl)phenoxy]propan-1-amine,C(c1ccc(cc1)OC(c2ccccc2)CCNC)(F)(F)F,309.331
303,1-methyl-3-phenyl-5-[3-(trifluoromethyl)phenyl]pyridin-4-one,FC(F)(F)c1cc(ccc1)C2=CN(C=C(C2=O)c3ccccc3)C,329.321
304,"1,4-diiodobenzene",c1(ccc(cc1)I)I,329.906
305,"dimethoxy-sulfanylidene-(3,5,6-trichloropyridin-2-yl)oxyphosphorane",Clc1nc(c(cc1Cl)Cl)OP(=S)(OC)OC,322.537
306,5-decyloxy-2-((hydroxyimino)propyl)phenol,c1(c(cc(cc1)OCCCCCCCCCC)O)C(=NO)CC,321.461
307,norfloxacin,O=C(O)\C2=C\N(c1cc(c(F)cc1C2=O)N3CCNCC3)CC,319.336
308,tolazamide,S(=O)(=O)(NC(=O)NN1CCCCCC1)c2ccc(cc2)C,311.407
309,N-(4-Chlorophenyl)-2-isonicotinoylhydrazinecarbothioamide,O=C(NNC(=S)Nc1ccc(Cl)cc1)c2ccncc2,306.778
310,4-hydroxybutyl N-[6-(4-hydroxybutoxycarbonylamino)hexyl]carbamate,C(=O)(NCCCCCCNC(=O)OCCCCO)OCCCCO,348.44
311,phenylbutazone,O=C2N(c1ccccc1)N(C(=O)C2CCCC)c3ccccc3,308.381
312,"1,3,5-tribromobenzene",Brc1cc(Br)cc(Br)c1,314.802
313,triamcinolone,O=C(CO)[C@]3(O)[C@]2(C[C@H](O)[C@]4(F)[C@@]/1(\C(=C/C(=O)\C=C\1)CC[C@H]4[C@@H]2C[C@H]3O)C)C,394.439
314,"2,2',3,4,5,5'-hexachlorobiphenyl",Clc1c(cc(Cl)c(Cl)c1Cl)c2cc(Cl)ccc2Cl,360.882
315,sucralose,Cl[C@H]2[C@H](O[C@H](O[C@@]1(O[C@@H]([C@@H](O)[C@@H]1O)CCl)CCl)[C@H](O)[C@H]2O)CO,397.635
316,haloperidol,c1cc(ccc1C(=O)CCCN2CCC(CC2)(c3ccc(cc3)Cl)O)F,375.871
317,4-[4-[(2-methylpropylamino)methyl]phenyl]sulfonylthiophene-2-sulfonamide,S(=O)(=O)(c1cc(sc1)S(=O)(=O)N)c2ccc(cc2)CNCC(C)C,388.536
318,meloxicam,O=C\2c1c(cccc1)S(=O)(=O)N(C/2=C(\O)Nc3ncc(s3)C)C,351.409
319,hydrocortisone,O=C4\C=C2/[C@]([C@H]1[C@@H](O)C[C@@]3([C@@](O)(C(=O)CO)CC[C@H]3[C@@H]1CC2)C)(C)CC4,362.466
320,"2,2',3,4',5,5',6-heptachlorobiphenyl",c1(c(c(cc(c1Cl)Cl)Cl)Cl)-c2c(cc(c(c2)Cl)Cl)Cl,395.327
321,cholesterol,C[C@H](CCCC(C)C)[C@H]1CC[C@@H]2[C@@]1(CC[C@H]3[C@H]2CC=C4[C@@]3(CC[C@@H](C4)O)C)C,386.664
322,"(6-hydroxy-2,3,3a,5,6,6a-hexahydrofuro[2,3-d]furan-3-yl) 2-(6-methoxynaphthalen-2-yl)propanoate",C21C(C(CO1)O)OCC2OC(=O)C(c3cc4c(cc3)cc(cc4)OC)C,358.39
323,"2,2',3,5,5',6-hexachlorobiphenyl",Clc2c(c1cc(Cl)ccc1Cl)c(Cl)c(Cl)cc2Cl,360.882
324,griseofulvin,O=C1c3c(O[C@]12[C@@H](CC(=O)CC2OC)C)c(Cl)c(OC)cc3OC,354.786
325,dibenzo-18-crown-6,O1c3c(OCCOCCOc2ccccc2OCCOCC1)cccc3,360.406
326,"(2,5-Dioxo-4,4-diphenyl-1-imidazolidinyl)methyl hexanoate",CCCCCC(=O)OCN1C(=O)C(NC1=O)(c2ccccc2)c3ccccc3,380.444
327,thiamphenicol,ClC(Cl)C(=O)N[C@@H]([C@H](O)c1ccc(cc1)S(=O)(=O)C)CO,356.227
328,indapamide,O=S(=O)(N)c1c(Cl)ccc(c1)C(=O)NN3c2ccccc2CC3C,365.842
329,NSC123398,N73C6C1(C4N(c2c1cc(c(c2)OC)OC)C(=O)CC5OCC=C(C3)C(C54)C6)CC7,394.471
330,cortisone,O=C(CO)[C@@]3(O)CC[C@H]2[C@@H]4CC\C1=C\C(=O)CC[C@]1(C)[C@H]4C(=O)C[C@@]23C,360.45
331,"2,2',3,3',5,6-hexachlorobiphenyl",Clc2c(c1cccc(Cl)c1Cl)c(Cl)c(Cl)cc2Cl,360.882
332,"2,2',3,3',4,5-hexachlorobiphenyl",Clc1c(cc(Cl)c(Cl)c1Cl)c2cccc(Cl)c2Cl,360.882
333,bumetanide,O=S(=O)(c2cc(cc(NCCCC)c2Oc1ccccc1)C(=O)O)N,364.423
334,di(methyl vanillate),O=C(OC)c2cc(c1cc(cc(OC)c1O)C(=O)OC)c(O)c(OC)c2,362.334
335,prostaglandin f2alpha,O=C(O)CCC/C=C/CC1C(/C=C/C(O)CCCCC)C(O)CC1O,354.487
336,"1,2,3-trichloro-4-(2,4,5-trichlorophenoxy)benzene",Clc2ccc(Oc1cc(Cl)c(Cl)cc1Cl)c(Cl)c2Cl,376.881
337,"2,2',3,4,4',5',6-heptachlorobiphenyl",Clc1c(c(Cl)c(Cl)c(Cl)c1)c2cc(Cl)c(Cl)cc2Cl,395.327
338,7-(3-amino-3-methylazetidin-1-yl)-8-chloro-1-cyclopropyl-6-fluoro-4-oxoquinoline-3-carboxylic acid,c31c(cc(c(c1Cl)N2CC(C2)(N)C)F)C(=O)C(=CN3C4CC4)C(=O)O,365.792
339,4-[4-[(2-methylpropylamino)methyl]benzoyl]thiophene-2-sulfonamide,c1(cc(cs1)C(=O)c2ccc(cc2)CNCC(C)C)S(=O)(=O)N,352.481
340,"(2,5-Dioxo-4,4-diphenyl-1-imidazolidinyl)methyl butyrate",O=C3N(C(=O)C(c1ccccc1)(c2ccccc2)N3)COC(=O)CCC,352.39
341,ranitidine,Fc1c(c(F)c2c(c1N)C(=O)C(\C(=O)O)=C/N2C3CC3)N4CC(NC(C4)C)C,392.406
342,"4-Amino-N-(1,11,11-trimethyl-3,5-diazatricyclo[6.2.1.02,7]undeca-2,4,6-trien-4-yl)benzenesulfonamide",C41(C(C(c2c1nc(nc2)NS(=O)(=O)c3ccc(cc3)N)CC4)(C)C)C,358.467
343,dexamethasone,O=C(CO)[C@]3(O)[C@]2(C[C@H](O)[C@]4(F)[C@@]/1(\C(=C/C(=O)\C=C\1)CC[C@H]4[C@@H]2C[C@H]3C)C)C,392.467
344,"N-(3-bromophenyl)-8-methylpyrrolo[3,2-g]quinazolin-4-amine",c31c(cc2c(c1)ccn2C)ncnc3Nc4cc(ccc4)Br,353.223
345,prednisone,O=C(CO)[C@@]3(O)CC[C@H]2[C@@H]4CC\C1=C\C(=O)\C=C/[C@]1(C)[C@H]4C(=O)C[C@@]23C,358.434
346,fludrocortisone,O=C(CO)C3(O)C2(CC(O)C4(F)C1(/C(=C\C(=O)CC1)CCC4C2CC3)C)C,380.456
347,hyodeoxycholic acid,O=C(O)CC[C@@H](C)[C@@H]4[C@]3(CC[C@H]1[C@@H](C[C@H](O)[C@@H]2C[C@H](O)CC[C@]12C)[C@@H]3CC4)C,392.58
348,dieldrin,C1C2C3C(C1C4C2O4)C5(C(=C(C3(C5(Cl)Cl)Cl)Cl)Cl)Cl,380.913
349,prednisolone,O=C\1\C=C/[C@]4(/C(=C/1)CC[C@@H]2[C@@H]4[C@@H](O)C[C@@]3([C@@](O)(C(=O)CO)CC[C@@H]23)C)C,360.45
350,Octyl 4-hydroxy-3-iodobenzoate,CCCCCCCCOC(=O)c1ccc(c(c1)I)O,376.234
351,Benzylmorphine,C532c1c4c(ccc1CC(C2C=CC(C3O4)O)N(CC5)C)OCc6ccccc6,375.468
352,2-[2-(2-carboxybenzoyl)oxyethoxycarbonyl]benzoic acid,c1(c(cccc1)C(=O)O)C(=O)OCCOC(=O)c2c(cccc2)C(=O)O,358.302
353,enrofloxacin,O=C(O)\C3=C\N(c2cc(N1CCN(CC)CC1)c(F)cc2C3=O)C4CC4,359.401
354,danofloxacin,O=C(O)\C4=C\N(c3cc(N1C[C@H]2N(C)C[C@@H]1C2)c(F)cc3C4=O)C5CC5,357.385
355,heptachlor epoxide,Cl\C1=C(/Cl)C2(Cl)C(Cl)(Cl)C1(Cl)C4C2C3OC3C4Cl,389.32
356,4-(4-Morpholinyl)butyl 2-(6-methoxy-2-naphthyl)propanoate,CC(c1ccc2cc(ccc2c1)OC)C(=O)OCCCCN3CCOCC3,371.477
357,testosterone benzoate,O=C5\C=C4/C(C3CCC2(C(CCC2OC(=O)c1ccccc1)C3CC4)C)(C)CC5,392.539
358,"(5alpha)-3-(Benzyloxy)-17-methyl-4,5-epoxymorphinan",C532c1c4c(ccc1CC(C2CCCC3O4)N(CC5)C)OCc6ccccc6,361.485
359,colchicine,O=C(N[C@@H]3C\1=C\C(=O)C(\OC)=C/C=C/1c2c(cc(OC)c(OC)c2OC)CC3)C,399.443
360,8-hydroxy-7-iodoquinoline-5-sulfonic acid,c21c(cc(c(c1nccc2)O)I)S(=O)(=O)O,351.121
361,sulfathiazole,O=S(c1ccc(cc1)\C=C/3\c2ccc(F)cc2\C(=C\3C)CC(=O)O)C,356.418
362,"2,2',3,4,4',5'-hexachlorobiphenyl",Clc1c(cc(Cl)c(Cl)c1Cl)c2ccc(Cl)cc2Cl,360.882
363,"2,3,4,4',5,6-Hexachlorodiphenyl ether",O(c1c(c(c(c(c1Cl)Cl)Cl)Cl)Cl)c2ccc(cc2)Cl,376.881
364,"2,2',4,4',5,5'-hexachlorobiphenyl",Clc2cc(c1cc(Cl)c(Cl)cc1Cl)c(Cl)cc2Cl,360.882
365,"7-chloro-3'-ethoxy-4,6-dimethoxy-5'-methylspiro[1-benzofuran-2,4'-cyclohex-2-ene]-1',3-dione",C32(C(=O)c1c(c(c(cc1OC)OC)Cl)O2)C(=CC(=O)CC3C)OCC,366.797
366,di-(2-ethylhexyl)-phthalate,O(CC(CCCC)CC)C(=O)c1c(cccc1)C(=O)OCC(CCCC)CC,390.564
367,"2,2',4,4',6,6'-hexachlorobiphenyl",Clc2cc(Cl)cc(Cl)c2c1c(Cl)cc(Cl)cc1Cl,360.882
368,"2,2',3,3',6,6'-hexachlorobiphenyl",Clc2c(c1c(Cl)ccc(Cl)c1Cl)c(Cl)ccc2Cl,360.882
369,triethylamine,CCN(CC)CC,101.193
370,2-ethyl-1-butanol,OCC(CC)CC,102.177
371,3-pyridinemethanol,n1cc(ccc1)CO,109.128
372,"1,1-dichlorobutane",ClC(Cl)CCC,127.014
373,propiophenone,O=C(CC)c1ccccc1,134.178
374,cytosine,c1cnc(=O)[nH]c1N,111.104
375,succinic acid,OC(CCC(O)=O)=O,118.088
376,3-bromoprop-1-ene,BrCC=C,120.977
377,4-chloroanisole,COc1ccc(cc1)Cl,142.585
378,"2,5-Piperazinedione",N1CC(=O)NCC1=O,114.104
379,292-64-8,C1CCCCCCC1,112.216
380,2-chloroanisole,COc1ccccc1Cl,142.585
381,4-dimethylaminobenzaldehyde,O=Cc1ccc(N(C)C)cc1,149.193
382,methionine,S(CCC(N)C(=O)O)C,149.215
383,"1,2-diethoxyethane",O(CCOCC)CC,118.176
384,3-methylindole,[nH]1c2c(c(c1)C)cccc2,131.178
385,phenylacetic acid,O=C(O)Cc1ccccc1,136.15
386,2-chlorophenol,Clc1c(cccc1)O,128.558
387,1-chlorohexane,ClCCCCCC,120.623
388,"1,8-dihydropteridine-2,4,7-trione",C21=C(C(=O)NC(=O)N1)N=CC(=O)N2,180.123
389,"1,7-Phenanthroline",n3c2c1c(nccc1)ccc2ccc3,180.21
390,"4,6-dihydroxy-2-methylpyrimidine-5-carboxamide",C1(=O)C(C(=O)N=C(N1)C)C(=O)N,169.14
391,N-(2-Chlorophenyl)acetamide,Clc1c(cccc1)NC(=O)C,169.611
392,"2,4,6-trichlorophenol",c1c(cc(c(c1Cl)O)Cl)Cl,197.448
393,nalidixic acid,O=C\2c1c(nc(cc1)C)N(/C=C/2C(=O)O)CC,232.239
394,"4-(aminomethyl)-9-methoxyfuro[3,2-g]chromen-7-one",c31c(c(c2c(c1CN)cco2)OC)OC(=O)C=C3,245.234
395,"4-methoxyfuro[3,2-g]chromen-7-one",c21c(c3c(cc1OC(=O)C=C2)occ3)OC,216.192
396,2-Ethylanthracene,C(C)c3cc1c(cc2c(c1)cccc2)cc3,206.288
397,3-Iodobenzoic acid,Ic1cc(ccc1)C(=O)O,248.019
398,2-bromo-N-carbamoyl-2-ethylbutanamide,BrC(CC)(CC)C(=O)NC(=O)N,237.097
399,(4-Acetamidophenoxy)methyl ethyl carbonate,CCOC(=O)OCOc1ccc(cc1)NC(=O)C,253.254
400,[2-[(2-amino-2-oxoethyl)-methylamino]-2-oxoethyl] benzoate,c1(ccccc1)C(=O)OCC(=O)N(CC(=O)N)C,250.254
401,1-(Trifluoromethyl)-9-acridinamine,c1ccc2c(c1)c(c3c(cccc3n2)C(F)(F)F)N,262.234
402,sulfamethoxazole,O=S(=O)(Nc1noc(c1)C)c2ccc(N)cc2,253.283
403,chloroxuron,Clc1ccc(cc1)Oc2ccc(cc2)NC(=O)N(C)C,290.75
404,"(5-Benzyl-2,4-dioxo-3-phenyl-1-imidazolidinyl)acetic acid",c1ccc(cc1)CC2C(=O)N(C(=O)N2CC(=O)O)c3ccccc3,324.336
405,norethisterone,OC43C2C(C1C(C(CC1)(O)C#C)(CC2)C)CCC3=CC(=O)CC4,314.425
406,4-[4-(butylaminomethyl)benzoyl]thiophene-2-sulfonamide,c1(cc(cs1)C(=O)c2ccc(cc2)CNCCCC)S(=O)(=O)N,352.481
407,1-[bis(butylsulfonyl)methylsulfonyl]butane,S(=O)(=O)(C(S(=O)(=O)CCCC)S(=O)(=O)CCCC)CCCC,376.562
408,"7-chloro-4,6-dimethoxy-5'-methyl-3'-propoxyspiro[1-benzofuran-2,6'-cyclohex-2-ene]-1',3-dione",C32(C(=O)c1c(c(c(cc1OC)OC)Cl)O2)C(CC(=CC3=O)OCCC)C,380.824
409,"O3-ethyl O5-methyl 4-(2,3-dichlorophenyl)-2,6-dimethyl-1,4-dihydropyridine-3,5-dicarboxylate",C1(C(=C(NC(=C1C(=O)OC)C)C)C(=O)OCC)c2c(c(ccc2)Cl)Cl,384.259
410,4-[3-(morpholin-4-ylmethyl)benzoyl]thiophene-2-sulfonamide,c1(cc(sc1)S(=O)(=O)N)C(=O)c2cc(ccc2)CN3CCOCC3,366.464
411,megestrol acetate,O=C4\C=C3\C(=C/[C@@H]1[C@H](CC[C@@]2([C@@](OC(=O)C)(C(=O)C)CC[C@@H]12)C)[C@@]3(C)CC4)C,384.516
412,"3'-butoxy-7-chloro-4,6-dimethoxy-5'-methylspiro[1-benzofuran-2,4'-cyclohex-2-ene]-1',3-dione",C32(C(=O)c1c(c(c(cc1OC)OC)Cl)O2)C(=CC(=O)CC3C)OCCCC,394.851
413,"3,3-dimethyl-7-oxo-6-[[2-(phenoxy)acetyl]amino]-4-thia-1-azabicyclo[3.2.0]heptane-2-carboxylic acid",N21C(C(SC1C(C2=O)NC(=O)COc3ccccc3)(C)C)C(=O)O,350.396
414,bensulide,S(=O)(=O)(NCCSP(=S)(OC(C)C)OC(C)C)c1ccccc1,397.524
415,"N-tert-Butyl-N'-(4-ethylbenzoyl)-3,5-dimethylbenzohydrazide",N(C(=O)c1cc(cc(c1)C)C)(C(C)(C)C)NC(=O)c2ccc(cc2)CC,352.478
416,o;p-DDT,Clc1ccccc1C(c2ccc(Cl)cc2)C(Cl)(Cl)Cl,354.491
417,etofenprox,O(CC(C)(C)c1ccc(cc1)OCC)Cc2cc(ccc2)Oc3ccccc3,376.496
418,3-Oxoandrost-4-en-17-yl 3-hydroxy-2-(hydroxymethyl)propanoate,CC12CCC3C(C1CCC2OC(=O)C(CO)CO)CCC4=CC(=O)CCC34C,390.52
419,"1,2,5-trichloro-3-(2,4,6-trichlorophenyl)benzene",Clc1c(cc(cc1-c2c(cc(cc2Cl)Cl)Cl)Cl)Cl,360.882
420,"bis(2,4,6-trimethylbenzoyl)phenylphosphine oxide",O=C(c1c(cc(cc1C)C)C)P(=O)(C(=O)c2c(cc(cc2C)C)C)c3ccccc3,418.473
421,"(17-acetyl-6-chloro-10,13-dimethyl-3-oxo-9,11,12,14,15,16-hexahydro-8H-cyclopenta[a]phenanthren-17-yl) acetate",ClC3=CC2C1C(C(CC1)(OC(=O)C)C(=O)C)(CCC2C4(C3=CC(=O)C=C4)C)C,402.918
422,budesonide,O=C\1\C=C/[C@]2(/C(=C/1)CC[C@H]3[C@H]4[C@](C[C@H](O)[C@H]23)([C@@]5(OC(O[C@@H]5C4)CCC)C(=O)CO)C)C,430.541
423,10-[3-(4-methylpiperazin-1-yl)propyl]-2-(trifluoromethyl)phenothiazine,FC(F)(F)c1cc3c(cc1)Sc2c(cccc2)N3CCCN4CCN(CC4)C,407.505
424,"1,2,3,4,6,7,8-Heptachlorodibenzofuran",o1c3c(c2c1c(c(c(c2)Cl)Cl)Cl)c(c(c(c3Cl)Cl)Cl)Cl,409.31
425,ursocholic acid,OC(=O)CC[C@@H](C)[C@H]1CC[C@H]2[C@H]3[C@H](C[C@H](O)[C@]12C)[C@@]4(C)CC[C@@H](O)C[C@H]4CC3O,408.579
426,a-endosulfan,ClC3(Cl)[C@]1(Cl)C(/Cl)=C(/Cl)[C@@]3(Cl)[C@@H]2COS(=O)OC[C@H]12,406.929
427,"[cyano-[3-(phenoxy)phenyl]methyl] 3-(2,2-dichloroethenyl)-2,2-dimethylcyclopropane-1-carboxylate",ClC(=CC1C(C1C(=O)OC(c2cc(ccc2)Oc3ccccc3)C#N)(C)C)Cl,416.304
428,hydrocortisone acetate,O=C(OCC(=O)[C@@]1(O)CC[C@H]2[C@H]4[C@H]([C@@H](O)C[C@]12C)[C@@]3(/C(=C\C(=O)CC3)CC4)C)C,404.503
429,"propan-2-yl 2,2-bis(4-bromophenyl)-2-hydroxyacetate",Brc1ccc(cc1)C(O)(c2ccc(cc2)Br)C(=O)OC(C)C,428.12
430,"2,2',3,4,4',5,5',6-octachlorodiphenyl ether",O(c1c(c(c(c(c1Cl)Cl)Cl)Cl)Cl)c2c(cc(c(c2)Cl)Cl)Cl,445.771
431,trans-gamma-chlordane,C1C2C(C(C1Cl)Cl)C3(C(=C(C2(C3(Cl)Cl)Cl)Cl)Cl)Cl,409.782
432,miconazole,c1cc(c(cc1Cl)Cl)COC(Cn2ccnc2)c3ccc(cc3Cl)Cl,416.135
433,"2,2',3,3',4,4',5,5'-octachlorodiphenyl ether",O(c1c(c(c(c(c1)Cl)Cl)Cl)Cl)c2c(c(c(c(c2)Cl)Cl)Cl)Cl,445.771
434,ethyl biscoumacetate,O2c1c(cccc1)C(=C(C2=O)C(C4=C(c3c(cccc3)OC4=O)O)C(=O)OCC)O,408.362
435,b-endosulfan,ClC3(Cl)[C@@]1(Cl)C(/Cl)=C(/Cl)[C@]3(Cl)[C@H]2COS(=O)OC[C@@H]12,406.929
436,"N-[2,2,2-trichloro-1-[4-(2,2,2-trichloro-1-formamidoethyl)piperazin-1-yl]ethyl]formamide",ClC(Cl)(Cl)C(N1CCN(CC1)C(NC=O)C(Cl)(Cl)Cl)NC=O,434.966
437,"1,2,3,4,6,7,8-Heptachlorodibenzo-p-dioxin",c31c(c(c(c(c1Cl)Cl)Cl)Cl)Oc2c(c(c(c(c2)Cl)Cl)Cl)O3,425.309
438,"[cyano-[4-fluoro-3-(phenoxy)phenyl]methyl] 3-(2,2-dichloroethenyl)-2,2-dimethylcyclopropane-1-carboxylate",Fc1c(cc(cc1)C(OC(=O)C2C(C2C=C(Cl)Cl)(C)C)C#N)Oc3ccccc3,434.294
439,cefaloridine,N1(C=CC=C=C1)CC2=C(N3C(SC2)C(C3=O)NC(=O)Cc4sccc4)C(=O)O,415.496
440,diltiazem,O=C2N(c3c(S[C@@H](c1ccc(OC)cc1)[C@H]2OC(=O)C)cccc3)CCN(C)C,414.527
441,puerarin,O=C2c3c(O/C=C2/c1ccc(O)cc1)c(c(O)cc3)[C@@H]4O[C@@H]([C@@H](O)[C@H](O)[C@H]4O)CO,416.382
442,lovastatin,CC[C@H](C)C(=O)O[C@H]1C[C@H](C=C2[C@H]1[C@H]([C@H](C=C2)C)CC[C@@H]3C[C@H](CC(=O)O3)O)C,404.547
443,dinonyl phthalate,CCCCCCCCCOC(=O)C1=CC=CC=C1C(=O)OCCCCCCCCC,418.618
444,"2,2',3,3',4,4',5-Heptachlorodiphenyl ether",O(c1c(c(c(c(c1)Cl)Cl)Cl)Cl)c2c(c(c(cc2)Cl)Cl)Cl,411.326
445,doxycycline,N(C4C3C(C2C(c1c(c(ccc1)O)C(=O)C2=C(C3(C(=O)C(=C4O)C(=O)N)O)O)C)O)(C)C,444.44
446,glipizide,O=C(c1ncc(nc1)C)NCCc2ccc(cc2)S(=O)(=O)NC(=O)NC3CCCCC3,445.545
447,hydroxyprogesterone caproate,O=C4\C=C2/[C@]([C@H]1CC[C@@]3([C@@](OC(=O)CCCCC)(C(=O)C)CC[C@H]3[C@@H]1CC2)C)(C)CC4,428.613
448,"1-{2-[(2,5-Dichlorobenzyl)oxy]-2-(2,4-dichlorophenyl)ethyl}-1H-imidazole",c1cc(c(cc1Cl)Cl)C(Cn2ccnc2)OCc3cc(ccc3Cl)Cl,416.135
449,"6,9-difluoro-11,17-dihydroxy-17-(2-hydroxyacetyl)-10,13,16-trimethyl-6,7,8,11,12,14,15,16-octahydrocyclopenta[a]phenanthren-3-one",FC32C(C1C(C(C(C1)C)(O)C(=O)CO)(CC2O)C)CC(C4=CC(=O)C=CC43C)F,410.457
450,tricresyl phosphate,P(=O)(Oc1c(cccc1C)O)(Oc2c(ccc(c2)O)C)Oc3c(cc(cc3)O)C,416.366
451,flumetralin,[N+](=O)([O-])c1c(c(cc(c1)C(F)(F)F)[N+](=O)[O-])N(CC)Cc2c(cccc2Cl)F,421.734
452,testosterone phenylacetate,O=C5\C=C4/C(C3CCC2(C(CCC2OC(=O)Cc1ccccc1)C3CC4)C)(C)CC5,406.566
453,"2,2',3,3',4,5,5',6'-octachlorodiphenyl ether",O(c1c(c(c(c(c1)Cl)Cl)Cl)Cl)c2c(c(cc(c2Cl)Cl)Cl)Cl,445.771
454,prednisolone-21-trimethylacetate,OC4(C1(C(C3C(C(C1)O)C2(C(=CC(=O)C=C2)CC3)C)CC4)C)C(=O)COC(=O)C(C)(C)C,444.568
455,"2,3,5,6-tetrafluoro-4-methylbenzyl 3-[(1Z)-2-chloro-3,3,3-trifluoro-1-propen-1-yl]-2,2-dimethylcyclopropanecarboxylate",FC(F)(F)C(=CC1C(C1C(=O)OCc2c(c(c(c(c2F)F)C)F)F)(C)C)Cl,418.736
456,monotropitoside,O1C(C(C(C(C1COC2OCC(C(C2O)O)O)O)O)O)Oc3c(cccc3)C(=O)OC,446.405
457,2-[4-[3-(2-chlorophenothiazin-10-yl)propyl]piperazin-1-yl]ethyl acetate,Clc1cc3c(cc1)Sc2c(cccc2)N3CCCN4CCN(CC4)CCOC(=O)C,446.016
458,"N-(3-bromophenyl)-7-(methoxymethyl)-7,8-dihydro-[1,4]dioxino[3,2-g]quinazolin-4-amine",c31c(cc2c(c1)OC(CO2)COC)ncnc3Nc4cc(ccc4)Br,402.248
459,"[9-fluoro-11-hydroxy-17-(2-hydroxyacetyl)-10,13,16-trimethyl-3-oxo-6,7,8,11,12,14,15,16-octahydrocyclopenta[a]phenanthren-17-yl] acetate",FC32C(C1C(C(C(C1)C)(OC(=O)C)C(=O)CO)(CC2O)C)CCC4=CC(=O)C=CC43C,434.504
460,"2,2',3,3',4,4',5,5'-octachlorobiphenyl",Clc1c(cc(Cl)c(Cl)c1Cl)c2cc(Cl)c(Cl)c(Cl)c2Cl,429.772
461,didecyl phthalate,CCCCCCCCCCOC(=O)C1=CC=CC=C1C(=O)OCCCCCCCCCC,446.672
462,"1,1-dioxo-3-(phenylmethyl)-6-(trifluoromethyl)-3,4-dihydro-2H-benzo[e][1,2,4]thiadiazine-7-sulfonamide",FC(F)(F)c1c(cc2c(c1)NC(NS2(=O)=O)Cc3ccccc3)S(=O)(=O)N,421.422
463,perphenazine,Clc2cc1N(c3c(Sc1cc2)cccc3)CCCN4CCN(CCO)CC4,403.979
464,"1-[[4-(1,3-benzothiazol-2-yl)phenyl]methyl-ethoxyphosphoryl]pyrrolidin-2-one",N4(P(=O)(Cc1ccc(cc1)-c2sc3c(n2)cccc3)OCC)C(=O)CCC4,400.44
465,cholic acid,OC3C4(C(C1C(C2(C(CC1O)CC(CC2)O)C)C3)CCC4C(CCC(=O)O)C)C,408.579
466,trimazosin,N1(CCN(CC1)C(=O)OCC(O)(C)C)c2nc3c(c(n2)N)cc(c(c3OC)OC)OC,435.481
467,prednisolone acetate,OC4(C1(C(C3C(C(C1)O)C2(C(=CC(=O)C=C2)CC3)C)CC4)C)C(=O)COC(=O)C,402.487
468,folic acid,c1cc(ccc1C(=O)N[C@@H](CCC(=O)O)C(=O)O)NCc2cnc3c(n2)c(=O)nc([nH]3)N,441.404
469,Ugi product 206B(UC),O=C(CNC(=O)OC(C)(C)C)N(Cc1ccco1)C(c2ccccc2)C(=O)NC(C)(C)C,443.544
470,"2-amino-3-(4-hydroxy-3,5-diiodophenyl)propanoic acid",Ic1c(c(cc(c1)CC(N)C(=O)O)I)O,432.983
471,"4a,7a,7b,11-Tetramethyl-2,3,4,4a,5,5a,6,7,7a,7b,8,8a,10,11,12,12a,13a,14,14a,14b-icosahydro-1H-naphtho[2',3':4,5]indeno[2,1-b]pyrano[2,3-e]pyran-2-ol",CC1CC2C(CC3(C(O2)CC4C3(CCC5C4C=C6CC(CCC6(C5)C)O)C)C)OC1,414.63
472,diosgenin,OC2C/C1=C/CC5C(C1(C)CC2)CCC6(C4C(OC3(OCC(CC3)C)C4C)CC56)C,414.63
473,3-octanoyloxymethylphenytoin,N1C(C(=O)N(C1=O)COC(=O)CCCCCCC)(c2ccccc2)c3ccccc3,408.498
474,hydrocortisone 21-acetate,OC4(C3(C(C2C(C1(CCC(=O)C=C1CC2)C)C(C3)O)CC4)C)C(=O)COC(=O)C,404.503
475,"2,3,3',4,4',5,6-Heptachlorodiphenyl ether",O(c1c(c(c(c(c1Cl)Cl)Cl)Cl)Cl)c2cc(c(cc2)Cl)Cl,411.326
476,ethyl 2-[[(4-chloro-6-methoxypyrimidin-2-yl)-formylamino]sulfamoyl]benzoate,Clc1nc(nc(c1)OC)N(NS(=O)(=O)c2c(cccc2)C(=O)OCC)C=O,414.827
477,testosterone phenylbutanoate,C[C@]12CC[C@H]3[C@H]([C@@H]1CC[C@@H]2OC(=O)CCC4=CC=CC=C4)CCC5=CC(=O)CC[C@]35C,420.593
478,"N-(3-iodophenyl)-7-(methoxymethyl)-7,8-dihydro-[1,4]dioxino[3,2-g]quinazolin-4-amine",c31c(cc2c(c1)OC(CO2)COC)ncnc3Nc4cc(ccc4)I,449.248
479,"1,2,4,5-tetrachloro-3-(2,3,5,6-tetrachlorophenyl)benzene",Clc2c(c1c(Cl)c(Cl)cc(Cl)c1Cl)c(Cl)c(Cl)cc2Cl,429.772
480,benfuracarb,S(N(C(C)C)CCC(=O)OCC)N(C)C(=O)Oc1c2c(ccc1)CC(O2)(C)C,410.536
481,triamcinolone acetonide,O=C\1\C=C5/[C@@](/C=C/1)(C)[C@]2(F)[C@H]([C@H]3[C@](C[C@@H]2O)([C@@]4(OC(O[C@@H]4C3)(C)C)C(=O)CO)C)CC5,434.504
482,"N,N'-[1,4-Pyrazinediylbis(2,2,2-trichloro-1,1-ethanediyl)]diformamide",C1=CN(C=CN1C(C(Cl)(Cl)Cl)NC=O)C(C(Cl)(Cl)Cl)NC=O,430.934
483,podophyllotoxin,COc1cc(cc(c1OC)OC)[C@@H]2c3cc4c(cc3[C@@H]([C@@H]5[C@@H]2C(=O)OC5)O)OCO4,414.41
484,simvastatin,CCC(C)(C)C(=O)O[C@H]1C[C@H](C=C2[C@H]1[C@H]([C@H](C=C2)C)CC[C@@H]3C[C@H](CC(=O)O3)O)C,418.574
485,cyhalothrin,FC(F)(F)C(=CC1C(C1C(=O)OC(c2cc(ccc2)Oc3ccccc3)C#N)(C)C)Cl,449.856
486,"a-chlordane, cis-chlordane",ClC1(Cl)[C@]2(Cl)C(/Cl)=C(/Cl)[C@@]1(Cl)[C@@H]3[C@@H](Cl)[C@@H](Cl)C[C@H]23,409.782
487,"(2,5-dichloro-4-iodophenoxy)-dimethoxy-sulfanylidenephosphorane",Ic1c(cc(c(c1)Cl)OP(=S)(OC)OC)Cl,413.0
488,leptophos,Brc1c(cc(c(c1)Cl)OP(=S)(OC)c2ccccc2)Cl,412.072
489,"2,2',3,4,4',5,5'-Heptachlorodiphenyl ether",O(c1c(c(c(c(c1)Cl)Cl)Cl)Cl)c2c(cc(c(c2)Cl)Cl)Cl,411.326
490,"[2-(9-fluoro-11,17-dihydroxy-10,13,16-trimethyl-3-oxo-6,7,8,11,12,14,15,16-octahydrocyclopenta[a]phenanthren-17-yl)-2-oxoethyl] acetate",FC32C(C1C(C(C(C1)C)(O)C(=O)COC(=O)C)(CC2O)C)CCC4=CC(=O)C=CC43C,434.504
491,acenaphthylene,c1cc2cccc3c2c(c1)C=C3,152.196
492,2-NITRONAPHTHALENE,c21c(ccc(c1)[N+](=O)[O-])cccc2,173.171
493,ethyl caprylate,C(=O)(CCCCCCC)OCC,172.268
494,isophthalic acid,O=C(O)c1cccc(C(=O)O)c1,166.132
495,2-(4-chloro-2-methylphenoxy)acetic acid,Clc1cc(c(cc1)OCC(=O)O)C,200.621
496,(-)-levonorgestrel,O=C4\C=C3/[C@@H]([C@H]2CC[C@]1([C@@H](CC[C@]1(C#C)O)[C@@H]2CC3)CC)CC4,312.453
497,(1-diethylamino-1-oxopropan-2-yl) benzoate,C(=O)(C(OC(=O)c1ccccc1)C)N(CC)CC,249.31
498,"(1,1-dioxido-1,2-thiazinan-2-yl)acetic acid",S1(=O)(=O)N(CC(=O)O)CCCC1,193.224
499,"(1,2-dibromo-2,2-dichloroethyl) dimethyl phosphate",BrC(Cl)(Cl)C(Br)OP(=O)(OC)OC,380.784
500,"(1,2,4,5-tetraacetyloxy-1-methoxypentan-3-yl) acetate",C(C(C(OC(=O)C)OC)OC(=O)C)(C(OC(=O)C)COC(=O)C)OC(=O)C,392.357
501,"(1,5-dimethyl-3-oxo-2-phenylpyrazol-4-yl)urea",N1(C(=O)C(=C(N1C)C)NC(=O)N)c2ccccc2,246.27
502,"(1,5,8a-trimethyl-2,8-dioxo-3a,4,5,5a,9,9a-hexahydro-1H-azuleno[6,5-b]furan-9-yl) acetate",C21(C(C3C(CC(C1C=CC2=O)C)OC(=O)C3C)OC(=O)C)C,306.358
