Fold,Epoch,Train_MSE,Val_MSE,Train_R2,Val_R2
1,1,0.20005929470062256,0.0014001561794430017,-324.8202109740104,-0.5315952976544698
1,2,0.001095474697649479,0.000914145028218627,-0.2609745078616672,0.047260189056396486
1,3,0.0009482646128162742,0.0009172877762466669,-0.037923519552489855,0.04119828144709269
1,4,0.0011438566725701094,0.0008334943559020758,-0.23994611899058024,0.12239024506674873
1,5,0.0010422843042761087,0.0008171806111931801,-0.11120666015295334,0.1553763853179084
1,6,0.0010546543635427952,0.0008900323882699013,-0.14467471249309588,0.07577938768598769
1,7,0.0009590429253876209,0.0010119882645085454,-0.024063187764014726,-0.06289981736077202
1,8,0.0009107169462367892,0.0010532033629715443,0.03837574440755962,-0.06619298193189833
1,9,0.0008164203027263284,0.0007078060880303383,0.16179021729363335,0.2811321934064229
1,10,0.0007979966467246413,0.0007522641681134701,0.18999530695102834,0.2573439783520169
1,11,0.0007637328817509115,0.0008927840972319245,0.23803336502593242,0.1306263632244534
1,12,0.0007456775056198239,0.0010342085734009743,0.27116573636914476,-0.006471557087368436
1,13,0.0007692858343943954,0.0006206501857377589,0.2553168469005161,0.41374064021640355
1,14,0.0007359606679528952,0.0006028478965163231,0.28793396611272554,0.42460568216111927
1,15,0.0006575565203092992,0.0007875027949921787,0.37784274875381846,0.24866899251937866
1,16,0.000696131493896246,0.0006358126411214471,0.3391302148501078,0.4036239557796054
1,17,0.0006464248290285468,0.0006278346409089863,0.4018613615153748,0.4120569282107883
1,18,0.0006180472555570304,0.0006340079708024859,0.4302184013672817,0.40555741257137723
1,19,0.0006214962340891361,0.000534665014129132,0.42420832036454,0.5046169850561354
1,20,0.0006010538781993091,0.0008370804716832936,0.4446423586503959,0.19124347236421374
1,21,0.0006197218899615109,0.0005895266076549888,0.4255055524684765,0.4530634045600891
1,22,0.0006135643925517797,0.000579346320591867,0.4359651768649066,0.4659503009584215
1,23,0.0006059091538190842,0.0005012129549868405,0.4479744569754895,0.5360685533947415
1,24,0.0005566658801399171,0.0006216361653059721,0.4915893252984977,0.42877401245964897
1,25,0.0005722860223613679,0.0004679625853896141,0.47363081199151497,0.5735169370969136
1,26,0.0005613758112303913,0.0004870300181210041,0.47852603314835346,0.5512994408607483
1,27,0.0005394171457737684,0.0005881683900952339,0.5084041617534779,0.4454623791906569
1,28,0.0005511668277904391,0.0005708651733584702,0.49445190724031424,0.47222623030344646
1,29,0.0005440934910438955,0.0005294647999107838,0.4985553104200481,0.5162507163153754
1,30,0.0005180264124646783,0.0005952465580776334,0.5227580361896091,0.4486154119173686
1,31,0.0005475034122355282,0.0006279986118897796,0.488130795661314,0.4271543966399299
1,32,0.0005161490989848971,0.0005558631964959204,0.5242039205115518,0.49222458600997926
1,33,0.0005159109714441001,0.0005893908673897386,0.5270309723453758,0.4535566978984409
1,34,0.000485918513732031,0.0005505296285264194,0.5508903496059371,0.49985694090525307
1,35,0.00048285984667018056,0.00047935848124325275,0.5557556758692235,0.5691095153490703
1,36,0.00046263699186965823,0.0004780027666129172,0.5769856129163577,0.5704947643809848
1,37,0.0004608582821674645,0.0005117914406582713,0.5775107173272122,0.5351270927323235
1,38,0.00046411919174715877,0.000489326601382345,0.5713586655663855,0.5657693386077881
1,39,0.000455989851616323,0.0005006716819480062,0.5804025340963292,0.5515113976266649
1,40,0.0004559953813441098,0.00045344041427597404,0.582156221366223,0.6001417491171095
1,41,0.0004448522813618183,0.0004967011627741158,0.5932049265614262,0.5554774297608269
1,42,0.00043584988452494144,0.0004515753826126456,0.5979231613653677,0.5992138544718425
1,43,0.00043854612158611417,0.00047554628690704703,0.5938058972358704,0.5758179346720378
1,44,0.00044441036880016327,0.0004334755358286202,0.587957563665178,0.6149594558609857
1,45,0.00043513375567272305,0.0004319043946452439,0.5987499313589967,0.6218084494272867
1,46,0.00042410631431266665,0.00042232073610648513,0.6075206722742246,0.6288802742958068
1,47,0.0004129067820031196,0.0005412239115685225,0.6225417928931154,0.4947727097405328
1,48,0.00042722318903543055,0.00047310523223131895,0.600018067860309,0.5731268975469801
1,49,0.0004120241501368582,0.00044118030928075314,0.6175174966270541,0.6145652174949646
1,50,0.0004091489827260375,0.0004816950822714716,0.6230336527765533,0.5724332809448243
1,51,0.0004253659280948341,0.0005002937978133559,0.6031150461714945,0.5513718406359355
1,52,0.00041094908374361694,0.00047487803385592997,0.6113071603539549,0.5785687327384949
1,53,0.00041609874460846186,0.0004195658548269421,0.6055133444291574,0.6329892290963067
1,54,0.0004060090286657214,0.0005156710976734757,0.6178350685555258,0.5475732405980428
1,55,0.00038607933674938977,0.0004541809903457761,0.6386201213907312,0.6011519948641459
1,56,0.00038972956826910377,0.0004553230246528983,0.6351144861291956,0.5944004628393386
1,57,0.0004340604064054787,0.00044226384488865733,0.596090751076922,0.6134590864181518
1,58,0.0003928559017367661,0.0004346027853898704,0.6368636103323948,0.6181674573156569
1,59,0.00037849118234589696,0.00046356843085959554,0.647884483984959,0.5900913662380642
1,60,0.0003735206264536828,0.00044375238940119743,0.6513080956023416,0.6144308990902371
1,61,0.00037287711165845394,0.0005012875190004706,0.653140507509679,0.5607371091842651
1,62,0.0003587007522583008,0.0005341338692232966,0.6637645456526015,0.5203588591681586
1,63,0.0003491983807180077,0.0004428813117556274,0.6690926263361802,0.6136027998394437
1,64,0.00032882188679650426,0.0004302011802792549,0.688419606803376,0.6279630025227865
1,65,0.0003245095140300691,0.0004276763938833028,0.69431116345488,0.6319937811957466
1,66,0.00030958050047047436,0.00046171751455403864,0.7098836611818384,0.5989625361230638
1,67,0.0003225270193070173,0.00045597823918797076,0.6873973343107436,0.6046504841910468
1,68,0.00031743990257382393,0.0004306852351874113,0.6978476341859794,0.6307308395703634
1,69,0.0003070840029977262,0.00042257452150806785,0.7095514269522679,0.6336320095592075
1,70,0.0003015565453097224,0.00042176846181973815,0.7139010238058773,0.635794550842709
1,71,0.0002945261658169329,0.00042733378359116614,0.7192295671981058,0.631642821100023
1,72,0.0002790317521430552,0.000444727367721498,0.7355505451743986,0.6156470749113295
1,73,0.000283247500192374,0.00042251020204275846,0.7304170105192397,0.6377705256144206
2,1,0.1336497813463211,0.000917755183763802,-205.29145182533028,0.0637445953157213
2,2,0.0009825415909290314,0.0009867865592241287,-0.10159195867585546,0.00408956872092353
2,3,0.0008709512767381966,0.0009491962846368551,0.06862516594521793,0.049638072649637856
2,4,0.0011825121473520994,0.0008678416488692164,-0.329229802997024,0.1275659163792928
2,5,0.0011005932465195656,0.0008525565499439836,-0.18402418339693988,0.15243221388922798
2,6,0.0010294804815202951,0.0009023897582665086,-0.11370535529690025,0.09954699675242105
2,7,0.001016025198623538,0.000837646541185677,-0.11126643375114158,0.14229764143625895
2,8,0.0009188487310893834,0.001011942164041102,0.014292044551284225,0.004939986599816216
2,9,0.00088004011195153,0.0007439721375703812,0.0914680348502265,0.30475098292032876
2,10,0.0008254445856437087,0.0011815326288342476,0.15098601712120904,-0.07995990647210015
2,11,0.0007995461346581578,0.0006649066344834864,0.1997147496835685,0.41352934969796074
2,12,0.0007473831064999104,0.0006876522675156593,0.2613002370904993,0.38249093029234144
2,13,0.0007276239339262247,0.0007072951411828399,0.2939925092237967,0.3868215521176656
2,14,0.0007021699566394091,0.0006605489179491997,0.3298449656109751,0.425737632645501
2,15,0.0006795838708058,0.0007656266097910702,0.35425696078641916,0.3085881325933668
2,16,0.0006806646706536412,0.000725261343177408,0.35483035261248363,0.36474681827757094
2,17,0.0006372742354869843,0.000591263291426003,0.39917470614115397,0.5019276089138455
2,18,0.0006300378008745611,0.0006827694596722722,0.4150695432851344,0.4044528153207567
2,19,0.0006193035515025258,0.0006379276746883988,0.4247932794653339,0.4593646261427138
2,20,0.0005800273502245545,0.0007472500437870622,0.46858852836820813,0.3451749947335985
2,21,0.0006123059429228306,0.0007281621219590306,0.433815034672066,0.362255589167277
2,22,0.0005745181115344167,0.0006319953827187419,0.4725622038782379,0.4713427742322286
2,23,0.0005758831975981593,0.0006015663384459913,0.46513381033767887,0.490325935681661
2,24,0.0006080280290916562,0.000572449411265552,0.4404150852450618,0.5189471390512255
2,25,0.0005724852089770138,0.0005810908623971045,0.47751521151742815,0.5083640085326301
2,26,0.00054732128046453,0.0005767347756773233,0.4986322625183765,0.5212516864140828
2,27,0.0005554290837608278,0.0005685037467628717,0.49244248808166124,0.5288219968477885
2,28,0.0005419288063421845,0.0006350475596264005,0.49761530705440193,0.4639732983377245
2,29,0.000535201164893806,0.0006498295115306973,0.5096256950755178,0.44951897197299534
2,30,0.0005374519387260079,0.0006026106420904398,0.5112239950968895,0.49820081922743054
2,31,0.000537340878508985,0.000608042988460511,0.5054543911674876,0.4931914395756192
2,32,0.000537453277502209,0.000526773976162076,0.5124559094876419,0.5735386000739203
2,33,0.0005108276382088661,0.0005440677050501108,0.5293481954821834,0.5552267458703782
2,34,0.0005142565350979567,0.0006376408273354173,0.5300132405610732,0.48613546954260933
2,35,0.0004941909573972225,0.0006338910898193717,0.553959267227738,0.4581824196709527
2,36,0.0005165993352420628,0.0005347671685740352,0.5257991096119822,0.5696676029099359
2,37,0.0004922157968394458,0.0005629467777907848,0.5533755334807031,0.5410217960675557
2,38,0.0004857020976487547,0.0006051714299246669,0.5581076405666493,0.49124024046791925
2,39,0.0005045940633863211,0.0005000028759241104,0.5377303840201578,0.5948766377237108
2,40,0.00048742059152573347,0.0005280805635266006,0.5513718318056178,0.5625291241539849
2,41,0.0004804215859621763,0.0004950853181071579,0.5533477611011929,0.5990795665317111
2,42,0.0004667926114052534,0.0007065291865728796,0.5732902104471936,0.3939677225218879
2,43,0.00048332265578210354,0.000536567997187376,0.5498248940632667,0.564614991346995
2,44,0.0004736678092740476,0.0004767630307469517,0.5642502244607902,0.616644110944536
2,45,0.000480012473417446,0.0007730619399808347,0.5574408410507956,0.3114567690425449
2,46,0.0004553602484520525,0.0005690100369974971,0.5833627955413159,0.5250557422637939
2,47,0.0004571888130158186,0.0004928353009745479,0.582639119507354,0.597874555322859
2,48,0.00045126688200980425,0.0005341212963685393,0.5870031031561487,0.5490537815623813
2,49,0.00045801722444593906,0.0005042542470619082,0.5840921700736623,0.589257017771403
2,50,0.00044598925160244107,0.000502298935316503,0.5877463306909726,0.6014818297492133
2,51,0.0004240446141920984,0.0004767107020597905,0.6124589406413796,0.6254796981811523
2,52,0.00041223489097319543,0.0005000613164156675,0.6175202145988559,0.6021850797865126
2,53,0.00039704039227217436,0.00048643824993632734,0.6305263076299502,0.6048435025744968
2,54,0.00040484737837687135,0.0004909719573333859,0.6226820838304213,0.6064133074548509
2,55,0.0003946470969822258,0.0005710149416700006,0.6340302605687836,0.5205879953172472
2,56,0.00040420194272883236,0.000551733304746449,0.6174228933122423,0.5362758119901021
2,57,0.0003848401829600334,0.0005439187516458333,0.6431024524900648,0.5385571718215942
2,58,0.00039168455987237394,0.0004662832070607692,0.6319928400310469,0.6256150947676764
2,59,0.0003709612647071481,0.0004894734593108296,0.6529910966202065,0.5935804963111877
2,60,0.0003638998605310917,0.0004558014334179461,0.6611427036332496,0.633267421192593
2,61,0.0003642252122517675,0.0005029380554333329,0.6562829150093926,0.5779225587844848
2,62,0.0003464771725703031,0.0005425400449894369,0.6692057207778648,0.5521440227826436
2,63,0.00035164610017091036,0.0004875612212345004,0.6636195259329714,0.5935778843031989
2,64,0.0003411311190575361,0.000494926527608186,0.6732232981257968,0.5998937328656514
2,65,0.00034809624776244164,0.0004222853749524802,0.6695756603170324,0.6736654864417182
2,66,0.00032138137612491846,0.0004416518204379827,0.6922149762695218,0.6458272178967793
2,67,0.00031877215951681137,0.0004711481451522559,0.6959690971139036,0.6193808383411832
2,68,0.0003162093344144523,0.0004581137327477336,0.6958742840790454,0.6258952233526441
2,69,0.00029301896574907005,0.00047240735148079693,0.7182644277443121,0.6225748525725471
2,70,0.00030244694789871573,0.00044665526365861297,0.7043635037210253,0.6441272152794733
2,71,0.00029681544401682913,0.0004699485143646598,0.7181325135407625,0.6243826958868238
2,72,0.00029014371102675796,0.0004996168427169323,0.7225353875277954,0.5820869565010071
2,73,0.00028889704844914377,0.0004358084697742015,0.7167122631897161,0.6554280188348558
2,74,0.00026017354684881866,0.00043165762326680124,0.7480801822226725,0.6565895424948798
2,75,0.00023981780395843089,0.0004517608031164855,0.766247723426348,0.6315226727061801
2,76,0.00023532912018708885,0.00041906978003680706,0.7668820138330813,0.6773876839213901
2,77,0.00022485697991214693,0.000422720389906317,0.7775700407263674,0.6642427802085876
2,78,0.00021885894238948822,0.00039815111085772514,0.7814028480906545,0.6867361214425829
2,79,0.00020780475460924208,0.00043495165300555527,0.7942616506859108,0.6508890006277296
2,80,0.0002021467953454703,0.00041822396451607347,0.797615404482241,0.6682036373350355
2,81,0.00019983621314167976,0.00041756039718165994,0.7982845943651081,0.668158495426178
2,82,0.0002059942635241896,0.00040551170241087675,0.7930120454894172,0.6794906192355685
2,83,0.00019399728626012802,0.00042244259384460747,0.8045804989190749,0.6648265507486132
2,84,0.00019096388132311404,0.0004266948963049799,0.80742966628369,0.6615775611665514
2,85,0.0001877894246717915,0.0004288444761186838,0.8101684309818127,0.6610630883110894
2,86,0.0001880156632978469,0.0004381740582175553,0.8096485566209863,0.6531061132748922
2,87,0.00017407604900654405,0.00042449741158634424,0.8228986005724213,0.6641577853096856
2,88,0.00017044814012479037,0.00041417102329432964,0.8251560284767622,0.6747620092497931
2,89,0.00016721850261092186,0.00041028723353520036,0.82944231018608,0.6740389797422621
2,90,0.00016257610695902258,0.00043360237032175064,0.832590686391901,0.658246472146776
2,91,0.00016399574815295637,0.00042461056727916,0.8305581347441967,0.661881513065762
2,92,0.0001551925961393863,0.00043628073763102293,0.8402240376413604,0.6494563049740262
2,93,0.0001532405149191618,0.0004144348204135895,0.8416885692396282,0.6733177132076688
2,94,0.00015716259076725692,0.00041625931044109166,0.8377885650705408,0.6731911367840238
2,95,0.0001583468692842871,0.00041840298217721283,0.8370900405777826,0.6697305255466037
2,96,0.0001445157395210117,0.0004174725618213415,0.8501255675598427,0.6705098390579224
2,97,0.0001452749129384756,0.0004161657125223428,0.8470325477329301,0.672569129202101
2,98,0.0001385362702421844,0.0004173732013441622,0.855395879421705,0.6691232071982489
3,1,0.15761688351631165,0.0013670529006049037,-246.93296593354071,-0.7280161380767822
3,2,0.0009849390480667353,0.0009379171533510089,-0.09774138294620278,-0.0006208406554328071
3,3,0.0009099624585360289,0.0009042235324159265,0.0042100191116333004,0.03254773484336005
3,4,0.0011451344471424818,0.0008252570405602455,-0.26481721813296094,0.10817924473020765
3,5,0.0011128115002065897,0.0007428359822370112,-0.23278982801201903,0.19162461227840846
3,6,0.0009798601968213916,0.0007865100051276386,-0.07082901148148525,0.14330575863520303
3,7,0.0009150727419182658,0.0008895138162188232,0.026998651027679444,0.017576044135623508
3,8,0.0008656447753310204,0.000786240678280592,0.09068608578340506,0.16042272514767117
3,9,0.0008087846217676997,0.0007515590405091643,0.17440766243287076,0.21619537538952296
3,10,0.0007863913779146969,0.0008526175515726209,0.20550568515871778,0.13901308642493354
3,11,0.0007257004617713392,0.0012431754730641842,0.28621886365207627,-0.2534514864285787
3,12,0.0007957665366120636,0.0007291531655937433,0.22087155904298947,0.26132729450861614
3,13,0.0006840272108092904,0.0009245632099919021,0.34172549689257586,0.049212359057532414
3,14,0.0007035619928501546,0.0007927550468593836,0.3248861699928472,0.2253434379895528
3,15,0.0006727689178660512,0.0005828336579725146,0.37316188194133615,0.4418814089563158
3,16,0.0006111730472184718,0.0009371471242047846,0.43449469569288657,0.10061741272608439
3,17,0.0006892639212310314,0.0007453594007529318,0.3633020626174079,0.26573952966266207
3,18,0.0005961726419627666,0.0006277491338551044,0.44977344024328536,0.4072914719581604
3,19,0.000600316736381501,0.0007842730265110731,0.4522534786919017,0.2409756965107388
3,20,0.0005941304261796176,0.0008152748923748732,0.4591273472632891,0.22449668910768297
3,21,0.0005711361300200224,0.000626605935394764,0.4824973855489566,0.40360032584932115
3,22,0.000568186107557267,0.0006665081600658596,0.4874393109922056,0.3691874080234104
3,23,0.0005434540216811001,0.000622288032900542,0.5105170130729675,0.4234079665607876
3,24,0.0005382071831263602,0.0006161384517326951,0.5100808183352152,0.41943050093121
3,25,0.0005473953206092119,0.0006214575259946287,0.5042308329064169,0.4220897952715556
3,26,0.0004954136675223708,0.0006211757427081466,0.5550281874927474,0.42239464124043785
3,27,0.0005231197574175894,0.000545509799849242,0.5318450299310096,0.4957368810971578
3,28,0.0005078028771094978,0.0005556835676543415,0.5419463644793004,0.48206093708674114
3,29,0.0005007292493246496,0.0005203946493566036,0.549990799691942,0.5127940694491069
3,30,0.0004851476405747235,0.0005455917562358081,0.566278452049067,0.48721632957458494
3,31,0.0005017637740820646,0.0005157381528988481,0.5420175384592127,0.5272387928432889
3,32,0.0004910246934741735,0.0005653231637552381,0.5557116147912579,0.4875431431664361
3,33,0.0004694866365753114,0.0006565674557350576,0.5810499796160945,0.38284599781036377
3,34,0.0005173744866624475,0.0005856393836438656,0.5270336155538206,0.44798598024580216
3,35,0.00048437001532875,0.0005768635310232639,0.563272789672569,0.4639501796828376
3,36,0.0004660927224904299,0.0005021750112064183,0.5797505968882714,0.5315664278136359
3,37,0.0004566194547805935,0.0005515657248906791,0.5833707802089644,0.49383338954713607
3,38,0.00044829811668023467,0.0006552852573804557,0.5973335023279543,0.37539536555608116
3,39,0.0004548905126284808,0.0005684086354449391,0.5868037113436946,0.47172660430272423
3,40,0.0004472027940209955,0.0005644513294100761,0.5962050209810704,0.47018748256895276
3,41,0.0004284821916371584,0.0005911175394430757,0.6082219815548555,0.4477454278204176
3,42,0.0004167818115092814,0.0005648813676089048,0.6207971661179154,0.48036557038625083
3,43,0.00043910148087888956,0.0005694780265912414,0.5971601444997905,0.4790019379721748
3,44,0.00042747752740979195,0.0005072077037766576,0.6070263482906201,0.5411010106404622
3,45,0.00039643957279622555,0.0005542489234358072,0.6366322387883693,0.49637845489713883
3,46,0.00038813415449112654,0.0005133173544891179,0.647038655663714,0.5309270011054145
3,47,0.0003684072580654174,0.0004945853725075722,0.6603660808669196,0.5568924572732713
3,48,0.00037543708458542824,0.0005652528489008546,0.6460148958512294,0.4810157471232944
3,49,0.00037180588697083294,0.0005181189626455307,0.6542052201282831,0.5229428291320801
3,50,0.0003601966891437769,0.0005132370861247182,0.6696026631343512,0.5362173040707906
3,51,0.0003552635316736996,0.0005720317712984979,0.6702422743962135,0.4657711638344659
3,52,0.0003639899950940162,0.0005382645176723599,0.663137799869349,0.5037919733259413
3,53,0.0003518364392220974,0.00047146150609478354,0.6709952400054461,0.5861826949649387
3,54,0.00034155877074226737,0.00048235157737508416,0.6818144843902116,0.5722104642126296
3,55,0.0003272314788773656,0.0005207014037296176,0.6938582948696466,0.5249651153882344
3,56,0.00033668914693407714,0.0005253852577880025,0.6827763806154699,0.5395094884766473
3,57,0.00033412472112104297,0.00045923213474452496,0.6897794206937155,0.5896327879693773
3,58,0.0003224571992177516,0.0005158621352165937,0.694238496856925,0.5252325362629361
3,59,0.0003196960315108299,0.0005516815581358969,0.7041659283049313,0.4993712756368849
3,60,0.000337133213179186,0.00048472220078110695,0.6770393604113731,0.5639833940400018
3,61,0.00032167392782866955,0.000471893057692796,0.6928433190157384,0.5760943280325995
3,62,0.00030634121503680944,0.0004821608599741012,0.7108478861090578,0.5661827392048306
3,63,0.0003056681016460061,0.0005322186043485999,0.7112884802582823,0.5203765882386102
3,64,0.0003057332069147378,0.0005024137208238244,0.7136288510428535,0.5451351377699111
3,65,0.0003012103552464396,0.0005080643459223211,0.7132140112511905,0.545003510846032
3,66,0.0002797188935801387,0.00048816241906024516,0.7355283737182617,0.5577960835562812
3,67,0.0002700794138945639,0.0005012983456254005,0.7412098441594913,0.5463680969344245
3,68,0.0002632681862451136,0.00048526161117479205,0.7460389724484197,0.5655045522583856
3,69,0.0002566868788562715,0.000547356903553009,0.7558929926083412,0.4970536099539863
3,70,0.00025870627723634243,0.0004882201028522104,0.7500597101670724,0.566775710052914
3,71,0.000259232911048457,0.00049777259118855,0.7484606054094103,0.5522324721018473
3,72,0.0002527375181671232,0.0005022359546273947,0.7571515672000838,0.5427129917674595
3,73,0.00025124885723926127,0.0004932788433507085,0.7541396148410844,0.5574638287226359
3,74,0.00024474412202835083,0.00048318313201889396,0.7641494634710713,0.5694632848103841
3,75,0.0002434148918837309,0.000494434149004519,0.7647483445979931,0.554663892587026
3,76,0.00023738657182548195,0.0004818321904167533,0.7701946508737259,0.5671464959780376
3,77,0.0002390269364695996,0.0004953370080329478,0.768373265236984,0.557732696003384
4,1,0.27398329973220825,0.03225192055106163,-441.54741254853616,-46.75941312577989
4,2,0.00216648424975574,0.00100762362126261,-2.085638482923861,-0.0039238055547078455
4,3,0.0008686730288900435,0.0009872723603621125,0.06296790455594475,0.013225952784220377
4,4,0.0009648642735555768,0.0008818431524559855,-0.0559461134451407,0.11223923630184597
4,5,0.001251306850463152,0.0008475664653815329,-0.35140562852223717,0.1413205239507887
4,6,0.00119210802949965,0.0008611696539446712,-0.3162699987858902,0.0990721477402581
4,7,0.0010837438749149442,0.0008325397502630949,-0.1920325776677073,0.13217700322469075
4,8,0.000992245739325881,0.0010777037823572755,-0.08113763111609,-0.1909511725107829
4,9,0.0009982449701055884,0.0009766072034835815,-0.08189223828139129,-0.0006055421299404568
4,10,0.0009098410373553634,0.0009868782944977283,0.03332095013724433,-0.018322506215837267
4,11,0.0008536413661204278,0.0007260066922754049,0.12335849588299976,0.27895883056852555
4,12,0.00080726423766464,0.0006802922580391169,0.17475018677888093,0.3533647735913595
4,13,0.0008037060033529997,0.0008297007298097014,0.18524715650228807,0.17048568725585939
4,14,0.0007425106596201658,0.0006859493441879749,0.27146227256751354,0.34861395491494074
4,15,0.0007356041460298002,0.001021259929984808,0.2751818865905573,-0.01529399553934733
4,16,0.0007549519650638103,0.0006187097751535475,0.26089165637522566,0.4412098791864183
4,17,0.0006884091999381781,0.0009363946737721562,0.3460302997518469,0.0795799043443468
4,18,0.0006602442590519786,0.0006721608224324882,0.37852502516758296,0.39164217313130695
4,19,0.0006533365231007338,0.0005573432426899672,0.388366174550704,0.5151857905917697
4,20,0.0006156433373689651,0.000670777924824506,0.42778054578804675,0.40171993176142373
4,21,0.0006038856226950884,0.0006218592170625925,0.4441227474330384,0.4535908606317308
4,22,0.0006110479589551687,0.0006091672694310546,0.4346918656502241,0.4677083651224772
4,23,0.0006057382561266422,0.0005988760385662317,0.4481311099028882,0.4653781559732225
4,24,0.0005879331147298217,0.0006201807409524918,0.4668540334995882,0.4362474242846171
4,25,0.0005754464073106647,0.0005853143520653248,0.47452285878452255,0.4734401345252991
4,26,0.0005873267073184252,0.0005185484187677503,0.45802987136958556,0.549908275074429
4,27,0.0005530453054234385,0.0005677153822034597,0.49679173569620394,0.49654787249035304
4,28,0.0005596067057922482,0.0005426949937827885,0.48545741107728746,0.5251063942909241
4,29,0.000558583065867424,0.000581447733566165,0.49378358478899353,0.4882175935639275
4,30,0.0005477921804413199,0.0005496210651472211,0.5011108601534808,0.5232136329015096
4,31,0.0005305579397827387,0.0006487346836365759,0.5155033183686527,0.40773580736584136
4,32,0.0005302682402543724,0.0005207509966567159,0.5121173367088223,0.5520496209462483
4,33,0.0005165284965187311,0.0005747498944401741,0.5259819718054783,0.4974263628323873
4,34,0.0005521426210179925,0.0005423248512670398,0.4920546380090125,0.533272041214837
4,35,0.0005028786836192012,0.0005279553588479757,0.5379223368785999,0.5362056334813435
4,36,0.0004991879686713219,0.0005683566560037434,0.545698853922479,0.4989882919523451
4,37,0.0004839907633140683,0.0005010961322113872,0.5545267779150127,0.5645081718762716
4,38,0.00047927600098773837,0.0005065673030912876,0.561035539927306,0.5719870236184862
4,39,0.0004628484311979264,0.0005324764642864466,0.5760863682370126,0.5336799356672499
4,40,0.0005043139681220055,0.0005838917568325996,0.5395352538721061,0.48544145822525026
4,41,0.0004922579973936081,0.0005347651895135641,0.5494657123530352,0.5277823236253526
4,42,0.0004565790295600891,0.0005920566618442535,0.5811526554602163,0.4637498100598653
4,43,0.00045597326243296266,0.0005512917996384203,0.5819720603801586,0.5164090368482802
4,44,0.0004720304277725518,0.0005154279060661793,0.5671654702704629,0.569023248884413
4,45,0.00043208315037190914,0.0005341041251085699,0.6033479730288188,0.534578898217943
4,46,0.0004504678654484451,0.0004901224747300148,0.586823190877467,0.586716107527415
4,47,0.00041132530895993114,0.0005162353627383709,0.6220373175762318,0.5545605447557237
4,48,0.0004153902700636536,0.0005042423726990819,0.6157812629216983,0.56899094581604
4,49,0.0003910489031113684,0.0005164319882169366,0.6395006868574354,0.5588855928844876
4,50,0.00038931737071834505,0.0005261977203190327,0.6425910597966041,0.543585463364919
4,51,0.00038898829370737076,0.0005393933970481157,0.6401037903479588,0.5304214623239305
4,52,0.0003839255659841001,0.0005332397995516658,0.6443644279315148,0.5372982210583157
4,53,0.00037723249988630414,0.0005446372670121491,0.6494319163722756,0.5221547245979309
4,54,0.000387731590308249,0.0004962404491379857,0.6401706507176529,0.5686215374204847
4,55,0.00036203660420142114,0.0005024011479690671,0.6616270265461486,0.5737912323739793
4,56,0.00035760851460509,0.000499959453009069,0.6687212499571435,0.571007313993242
4,57,0.00035112930345349014,0.0005108697805553675,0.6735595857655561,0.5667682647705078
4,58,0.0003543026396073401,0.0005137711414135993,0.6679735910745315,0.5537197285228306
4,59,0.00035006983671337366,0.0005128665361553431,0.6745727469891678,0.5579132397969564
4,60,0.00035844254307448864,0.0005081984563730657,0.6638402569441147,0.5563165810373094
4,61,0.0003481308522168547,0.0004998698132112622,0.6763900848082555,0.5714805364608765
4,62,0.0003304310666862875,0.0004973210161551833,0.6932161510726552,0.5773846533563401
4,63,0.0003336828376632184,0.000514068640768528,0.6891986991152351,0.5534669995307923
4,64,0.00032544229179620743,0.0005037857918068767,0.6956135100788541,0.5673101676834954
4,65,0.00031951049459166825,0.0005075762746855617,0.7010431272012216,0.5632400419976976
4,66,0.0003222249506507069,0.0005130660138092935,0.6980929486545515,0.559872051080068
5,1,0.1497282087802887,0.01171714998781681,-237.20613269070049,-18.24758529133267
5,2,0.0009575639851391315,0.000810776837170124,-0.06012428483845275,0.09959041145112779
5,3,0.00107729178853333,0.0007888916879892349,-0.19319050120718687,0.10215530263053046
5,4,0.00118632719386369,0.0007435041479766369,-0.28189359035020994,0.1527138696776496
5,5,0.0010964761022478342,0.0006847266340628266,-0.18323883495213072,0.21486651632520887
5,6,0.0010004930663853884,0.0007190030300989747,-0.0795665434849115,0.16325748761494954
5,7,0.0009522114414721727,0.0006730094901286066,-0.012512553032533623,0.21061989466349285
5,8,0.0008515776717104018,0.0007124972180463374,0.12881194426689618,0.16587706142001682
5,9,0.0008651060634292662,0.0005719438195228577,0.10872442060046726,0.3778630548053318
5,10,0.0007731959922239184,0.0005594965768978,0.2283141083187527,0.3987775590684679
5,11,0.0007518251659348607,0.0006518861628137529,0.2568190966123416,0.3239738265673319
5,12,0.0007162332767620683,0.0005435043713077903,0.305366188066977,0.43313124974568684
5,13,0.0007195216603577137,0.0005164440954104066,0.31072192913220253,0.464191734790802
5,14,0.0006741225370205939,0.0005798584898002446,0.35521228784396325,0.4034503287739224
5,15,0.0006388688925653696,0.0007000342011451721,0.40839766219810203,0.27080309920840795
5,16,0.0006254194304347038,0.0006417618133127689,0.41881308320127886,0.3579334060351054
5,17,0.000628767884336412,0.0005542254075407982,0.4181482369517103,0.4445279147889879
5,18,0.0006263959803618491,0.0004914123564958572,0.4302300089671288,0.5215790218777127
5,19,0.0005882077966816723,0.0004534402396529913,0.4642559978697035,0.5645724799897935
5,20,0.0005960738053545356,0.0007075427565723658,0.4556448010750759,0.27316452662150065
5,21,0.000556507904548198,0.0004686567117460072,0.49544204944445763,0.5459880391756694
5,22,0.000563022040296346,0.0004731563967652619,0.4891131277437563,0.5399855123625861
5,23,0.0005587518680840731,0.0004708082415163517,0.4901606720170857,0.5315406945016649
5,24,0.0005357600166462362,0.0005307107931002975,0.5092137394128022,0.48153731690512763
5,25,0.0005246700020506978,0.0004805379139725119,0.5244239677617579,0.5331820567448934
5,26,0.0005058827809989452,0.0004979444202035666,0.539278644249763,0.5202012101809184
5,27,0.0005171396769583225,0.00048636647989042103,0.5323122907567908,0.531827527946896
5,28,0.0004894123412668705,0.0005259579047560692,0.5536719528245337,0.4855074538124932
5,29,0.0004779050359502435,0.0004668976762332022,0.5656699969444746,0.5583505656984117
5,30,0.00044085760600864887,0.0005795593024231493,0.6027943999679001,0.4143525454733107
5,31,0.00048044539289548993,0.0004518088244367391,0.5644113059397097,0.5699464003245036
5,32,0.0004593623161781579,0.0004176731745246798,0.5845941584787251,0.6074728462431166
5,33,0.0004666296299546957,0.000471258710604161,0.5704244975690489,0.5444186713960436
5,34,0.0004356469726189971,0.00045356404734775424,0.6089429825912287,0.5492173433303833
5,35,0.00045121420407667756,0.0005540361162275076,0.5900831737636049,0.44653096861309477
5,36,0.00043412321247160435,0.00040740426629781723,0.6086035432638945,0.6147321343421936
5,37,0.0004232456558384001,0.0005033287452533841,0.6142444376592283,0.5231355362468295
5,38,0.00041455618338659406,0.00044047142728231847,0.6198456303572949,0.5875146336025662
5,39,0.00042932064388878644,0.0005136870313435793,0.6049560485062776,0.5114632672733731
5,40,0.00039915923844091594,0.0005123333539813757,0.6341103830455262,0.5015279041396247
5,41,0.0003915612760465592,0.0004422260099090636,0.6416116916103127,0.5856543487972683
5,42,0.00038546440191566944,0.0004397119046188891,0.6458699083622591,0.5870549798011779
5,43,0.00038154044887050986,0.000538524822331965,0.6462924003601074,0.4820086280504862
5,44,0.00036671594716608524,0.00045862156548537314,0.6618168532112498,0.5464416874779595
5,45,0.0003558868484105915,0.00046538267633877695,0.6670931907347691,0.5535718785391913
5,46,0.00033242261270061135,0.0004255813837517053,0.6912984307901359,0.5997612237930298
5,47,0.0003257860953453928,0.0004169221210759133,0.6949935259642425,0.6174439840846592
5,48,0.000317772151902318,0.00046293032937683165,0.7014057124102557,0.5622984846433003
5,49,0.0003082088951487094,0.0004537124768830836,0.7157181011305915,0.5703635467423334
5,50,0.0003424808382987976,0.0004007445531897247,0.6725365784433153,0.6320798714955648
5,51,0.0003283128025941551,0.00044915603939443827,0.6914372775289748,0.5762170301543341
5,52,0.00032347504748031497,0.0004186934675090015,0.6986467632246606,0.6096913284725614
5,53,0.000310049916151911,0.00040485378121957183,0.7072886402224317,0.6247270041041904
5,54,0.0002914125216193497,0.00043273629853501916,0.7250425312254164,0.5989324900839064
5,55,0.0002887965820264071,0.0004338776634540409,0.7273626464384574,0.590189516544342
5,56,0.0002926667802967131,0.0004735869006253779,0.7208703541461332,0.5465527150366042
5,57,0.0002958924160338938,0.00043874926632270217,0.7196940158620293,0.5885844508806864
5,58,0.0002878357481677085,0.0004421279882080853,0.7282153987590178,0.5832005315356784
5,59,0.0002756095491349697,0.0004272308142390102,0.7391024969242237,0.6013389375474718
5,60,0.00025891169207170606,0.0004354468546807766,0.7546853200888928,0.5909280909432305
5,61,0.0002556686522439122,0.00042945018503814936,0.7580424004130893,0.5977384315596687
5,62,0.00025700850528664887,0.0004073543823324144,0.7556502015502364,0.6223921881781684
5,63,0.0002456203510519117,0.00042218537419103086,0.7658292375964882,0.6012727472517225
5,64,0.0002534312952775508,0.0004430470580700785,0.7571520462448215,0.5812385704782274
5,65,0.0002433602639939636,0.0004182099655736238,0.767242756596318,0.6123950653605991
5,66,0.0002506730961613357,0.00039633637061342597,0.7600191940495997,0.6326144337654114
5,67,0.00024347238650079817,0.000392654852475971,0.7675568782253029,0.6405707041422526
5,68,0.00024232675787061453,0.00042017429950647056,0.7693510148260329,0.6125827246242099
5,69,0.00023265453637577593,0.00044550347956828773,0.7780212955710328,0.5752172748247782
5,70,0.00023468516883440316,0.00043778930557891726,0.7767062955432468,0.5863885800043742
5,71,0.00023333009448833764,0.0004614853532984853,0.7791764901008135,0.5583969367874994
5,72,0.00024077267153188586,0.0004540869267657399,0.76880304062808,0.5618101742532519
5,73,0.00023499157396145165,0.00048371037701144814,0.7738054674348713,0.5329099416732788
5,74,0.00022801065642852336,0.0004432144050952047,0.7814241609455627,0.5837732659445869
5,75,0.00023138811229728162,0.0004358080041129142,0.7771413418981764,0.5901332272423638
5,76,0.00022151696612127125,0.000410091714002192,0.7867458289052234,0.6242535326215956
5,77,0.00021479494171217084,0.0004439783515408635,0.794438378016154,0.5792886786990695
5,78,0.00020820662030018866,0.0004346165806055069,0.7987654950883654,0.5885680715243021
5,79,0.00020995538216084242,0.0004128810833208263,0.797128838079947,0.617440136273702
5,80,0.000211624545045197,0.00041850205161608756,0.7945995218959856,0.6096080660820007
5,81,0.00020360053167678416,0.0004263694863766432,0.803084107534385,0.5993284132745531
5,82,0.00020737992599606514,0.000417136587202549,0.7994881133974334,0.6108052478896246
5,83,0.0002066385350190103,0.00042773972381837666,0.8001500057585446,0.5996425853835212
5,84,0.000206024938961491,0.0004220925911795348,0.8012365329412766,0.6064543512132433
5,85,0.00019719440024346113,0.0004245788441039622,0.8081019750347844,0.6037078473303054
5,86,0.0002077121753245592,0.00041068694554269314,0.7979393196694645,0.6226060231526692
5,87,0.00019996313494630158,0.0004357823054306209,0.806190221397965,0.5901771889792549
6,1,0.12105843424797058,0.0030984734185039997,-172.95979648431143,-3.0672394010755752
6,2,0.0009088834631256759,0.0010194650385528803,0.015878407454785005,0.027954649925231934
6,3,0.0008676561992615461,0.0009564053034409881,0.05357489188512166,0.08528065284093221
6,4,0.0011459377128630877,0.0008995980024337769,-0.299450452533769,0.13094719648361205
6,5,0.0010703589068725705,0.0008470367174595594,-0.17207137655328822,0.1826160020298428
6,6,0.0010305289179086685,0.0009200830245390534,-0.15125636745382237,0.08390288088056776
6,7,0.0009263399988412857,0.0009404610609635711,0.0023478182745568545,0.06843707031673855
6,8,0.0008951784111559391,0.0011620228178799152,0.04051874331486078,-0.08935798936420017
6,9,0.0008464003913104534,0.0007953478489071131,0.126096416844262,0.25974370506074695
6,10,0.0007888746331445873,0.0011670558014884591,0.19696777602772653,-0.08462880187564426
6,11,0.000752787571400404,0.0009028897620737553,0.2500352997838715,0.16075215737024942
6,12,0.0007108161225914955,0.0012056429404765368,0.29601276023888295,-0.10071709818310208
6,13,0.0007341395830735564,0.0007142091635614634,0.2812261294435572,0.3915588286187914
6,14,0.000692441244609654,0.0007097082561813295,0.3309454140839753,0.40242242945565115
6,15,0.0006559729808941483,0.0006884678732603788,0.36347408338829323,0.4321670704417758
6,16,0.0006445120670832694,0.0008162666927091777,0.3885166465500255,0.31369933949576484
6,17,0.000614299438893795,0.0008432664908468723,0.4247131771511502,0.29158693684471976
6,18,0.0005953565123490989,0.0008065474685281515,0.4494946365003233,0.34209946791330975
6,19,0.0005977381952106953,0.000930765934754163,0.4404407087667489,0.2035446842511495
6,20,0.0006605261005461216,0.000671772169880569,0.37407763563556434,0.46273308992385864
6,21,0.0005784254753962159,0.0006591866258531809,0.4659528028817824,0.4676658564143711
6,22,0.0005565906758420169,0.0008249449310824275,0.4893080286037775,0.3251259432898627
6,23,0.0005699773319065571,0.0007539859507232904,0.4755829413731893,0.35791378683514063
6,24,0.0005430952878668904,0.0007849780959077179,0.49503859296257113,0.3574271930588616
6,25,0.0005817695637233555,0.0007649487815797329,0.4571116441561852,0.3736579696337382
6,26,0.0005525397136807442,0.0005753274890594184,0.49200387280664326,0.5383065872722201
6,27,0.000543700996786356,0.0006351932534016669,0.494168006490778,0.48866017394595673
6,28,0.0005265099462121725,0.0005594794638454914,0.509528100637742,0.558246041668786
6,29,0.0005238411831669509,0.0006326109869405627,0.5150838610566693,0.4945653372340732
6,30,0.0005025223363190889,0.0006875062827020884,0.5398432596230213,0.4474845912721422
6,31,0.0004985131090506911,0.0006103930063545704,0.5473286850952808,0.5091781867874994
6,32,0.0004947531269863248,0.0006016645347699523,0.5490703525366607,0.5177841491169399
6,33,0.0005079546244814992,0.0006265461561270058,0.5312695600368359,0.4856215914090474
6,34,0.00048482284182682633,0.0006237993366084993,0.5563640203005001,0.50058108303282
6,35,0.0004782596370205283,0.0006190314888954163,0.5621842942120117,0.49641712109247843
6,36,0.0004555810592137277,0.0006536738947033882,0.5802854595360932,0.47445559236738416
6,37,0.0004430174012668431,0.0005864952690899372,0.592554701551979,0.5241848164134555
6,38,0.0004301248409319669,0.0005221600877121091,0.6044695562786526,0.591575891441769
6,39,0.00041934597538784146,0.0005358615890145302,0.6124564965566,0.5785361727078756
6,40,0.0003981499176006764,0.0005389514844864607,0.6361650580241356,0.574348493417104
6,41,0.00041251402581110597,0.0006346763693727553,0.6188407371073593,0.48677401807573106
6,42,0.0004031177668366581,0.0005441571120172739,0.6263778583503063,0.5720033817821079
6,43,0.00038654461968690157,0.0005462659755721688,0.6424346488199116,0.5637779911359151
6,44,0.000372591195628047,0.0005636467831209302,0.6550237389258396,0.5523448520236545
6,45,0.00037189363501966,0.0005396123742684722,0.6519318434927198,0.5659750845697191
6,46,0.00035312576801516116,0.0005052550695836544,0.667320512547905,0.611784483326806
6,47,0.0003489973896648735,0.0005460522370412946,0.6730933351281249,0.5689811574088203
6,48,0.0003493154945317656,0.0005611489177681506,0.6705581167597829,0.5538332647747464
6,49,0.00034899645834229887,0.0004847620439250022,0.6661348938941956,0.6261985407935249
6,50,0.00034286227310076356,0.0005162798333913088,0.6751620675310677,0.6075668215751648
6,51,0.0003254612674936652,0.0005617410060949624,0.6912540490244642,0.5678565992249383
6,52,0.0003188563568983227,0.0005061926785856485,0.694829049816838,0.6072235756450229
6,53,0.0003057869616895914,0.0005984285962767899,0.7098042517532537,0.5078353736135695
6,54,0.00033404966234229505,0.0005191538948565722,0.6763795731980123,0.598037396536933
6,55,0.0002936348901130259,0.0005305021768435836,0.7205781501016499,0.5697438412242466
6,56,0.0002901170519180596,0.0004841150948777795,0.7191695896195777,0.6304984238412645
6,57,0.0002890698960982263,0.0006107488879933953,0.7169632774812204,0.4742280337545607
6,58,0.00029962073313072324,0.0005117987748235464,0.7035092102156745,0.5935842037200928
6,59,0.0003084101190324873,0.0005218335427343845,0.7010430250638797,0.5916641539997525
6,60,0.0002887868322432041,0.0004936026525683701,0.7210163078190368,0.6188377459843953
6,61,0.00028639842639677227,0.0005017835646867752,0.7209751940067903,0.6095850149790446
6,62,0.0002842441899701953,0.0005578644340857863,0.7185598029030694,0.561438704861535
6,63,0.000287186645437032,0.0005062433774583042,0.7168061840681382,0.612857993443807
6,64,0.00026790820993483067,0.0005814525065943599,0.7370708515614639,0.5292243043581645
6,65,0.00025803796597756445,0.000506421725731343,0.7453446651682442,0.6084958606296116
6,66,0.00023418621276505291,0.00048717326717451215,0.7683280525384126,0.6344067282146878
6,67,0.00023063023400027305,0.000463582924567163,0.7729339205188516,0.6491170154677497
6,68,0.00022010643442627043,0.0005084391450509429,0.7825517451321637,0.6058818380037944
6,69,0.00021867689792998135,0.0005096826935186982,0.7793939921591017,0.6047189328405592
6,70,0.00021050492068752646,0.0005166071932762861,0.7895252114460792,0.5927513281504313
6,71,0.00021310517331585288,0.0005130770732648671,0.7861640306166661,0.6017057365841336
6,72,0.00020161274005658925,0.00048176682321354747,0.7969861447075267,0.6297959102524652
6,73,0.00019717207760550082,0.000493836821988225,0.7999392933315701,0.6236835532718235
6,74,0.0001952591846929863,0.0004751718952320516,0.8019410251099386,0.6405870729022556
6,75,0.00019481487106531858,0.0004966777050867677,0.8028538412517972,0.6210877908600702
6,76,0.0001866799866547808,0.0004771224921569228,0.8101630723034894,0.6394549528757731
6,77,0.0001792614784790203,0.0005022738478146493,0.8165940948474555,0.6152742796474033
6,78,0.00017404583923052996,0.0004914422170259058,0.8243227867432582,0.6205705722173055
6,79,0.00017515866784378886,0.0004883544752374291,0.8201361525205918,0.6317117253939311
6,80,0.00017233213293366134,0.0004747849889099598,0.8245928764343262,0.6393410311804877
6,81,0.00016969854186754674,0.00048110639909282327,0.8251282627199903,0.6355740269025166
6,82,0.00016718503320589662,0.0004867565294262022,0.8283383687337239,0.6255852010515001
6,83,0.00016801877063699067,0.00047929876018315554,0.8281781801471004,0.6357356839709811
6,84,0.00016697065439075232,0.0004917875630781054,0.8304054993170279,0.6232051610946655
6,85,0.00016247868188656867,0.0004886448150500655,0.8323367578011972,0.6245346943537394
6,86,0.00015633334987796843,0.0004900684580206871,0.8387772339361685,0.6223827825652228
6,87,0.0001603436830919236,0.000480552960652858,0.8341996587352988,0.6348891682094998
7,1,0.14373356103897095,0.009910507127642632,-232.1116024358773,-13.91071294148763
7,2,0.0010134424082934856,0.0008543101139366627,-0.14213193669731233,0.04077988995446099
7,3,0.0011743215145543218,0.0008219899609684944,-0.30693955892398034,0.08084088431464301
7,4,0.0011495481012389064,0.000782037794124335,-0.22444956920765063,0.12562692562739056
7,5,0.0011676773428916931,0.0007617975352331996,-0.24324222538206314,0.1581229262881809
7,6,0.0011294959113001823,0.0009041911689564586,-0.19398122348903138,-0.046122352282206215
7,7,0.0010018940083682537,0.0007985291304066777,-0.056701218787534736,0.13464842504925198
7,8,0.000984033802524209,0.0007470959099009633,-0.01078514979209429,0.19418125682406956
7,9,0.000867188791744411,0.0008933410863392055,0.10997131694982082,0.04463589588801066
7,10,0.0008020948735065758,0.0007012288551777601,0.2093672471281923,0.27049024369981556
7,11,0.000739340903237462,0.0009050538646988571,0.2952317570462639,0.07943593793445164
7,12,0.0007155309431254864,0.000774104380980134,0.325993882432396,0.20078601439793906
7,13,0.0006843925802968442,0.000990280881524086,0.360033999549018,-0.008986830711364746
7,14,0.000711538945324719,0.0008783542434684932,0.34069712662402496,0.15769302580091688
7,15,0.0006792527274228632,0.0005897350492887199,0.37946581766929155,0.4360852638880412
7,16,0.0006508319056592882,0.0008047964656725526,0.3995808095107844,0.20708185301886664
7,17,0.0006310003809630871,0.0005480348481796682,0.4253899530128196,0.4810641090075175
7,18,0.0006187733961269259,0.0007427122909575701,0.42493613090044186,0.27758128775490654
7,19,0.000576324702706188,0.0006831898936070502,0.48346104518866834,0.3350653224521213
7,20,0.0005630313535220921,0.000732510699890554,0.49342118251470873,0.3141364627414279
7,21,0.0005881235701963305,0.0005208880174905062,0.4716261977030907,0.5053677995999654
7,22,0.0005493174539878964,0.0007089142454788089,0.5009958663104493,0.3348878992928399
7,23,0.0005534687079489231,0.0005674315616488457,0.49170268479688667,0.4617572055922614
7,24,0.0005346701946109533,0.000838521693367511,0.5223955556198403,0.20284099843766953
7,25,0.0005384912365116179,0.0005501977866515517,0.518805354318501,0.48457498682869804
7,26,0.0005424864939413965,0.0006280526285991073,0.5005639199857359,0.40830926100413006
7,27,0.0004999625380150974,0.0008451665053144097,0.553781181058766,0.20040626923243204
7,28,0.0005107986507937312,0.0005401476519182324,0.5423068201100385,0.4887714995278252
7,29,0.0005152223748154938,0.000611395516898483,0.5332046825208782,0.4185966518190172
7,30,0.0004768275539390743,0.0005966133321635425,0.5764755580160353,0.4465565297338698
7,31,0.0004506270051933825,0.0006457963027060032,0.5973750274858357,0.3848419666290283
7,32,0.00045428151497617364,0.0006611080025322735,0.5894736716776718,0.37899534040027194
7,33,0.0004407086526043713,0.000553389429114759,0.6098038913291177,0.48116344610850015
7,34,0.0004412100824993104,0.0005759274936281145,0.5977188887419524,0.47131477991739906
7,35,0.0004138406948186457,0.0005693633574992418,0.6278375076658932,0.46748389138115776
7,36,0.0004361553001217544,0.0005510783521458507,0.6036961428913069,0.48644456730948554
7,37,0.00041901133954524994,0.0005966806784272194,0.6221760839591791,0.45372244781918
7,38,0.0004156832583248615,0.0005701550398953259,0.6275819155904981,0.470030058754815
7,39,0.00038177083479240537,0.0005797877674922347,0.6574325423181793,0.4618738757239448
7,40,0.00037492497358471155,0.0005775928148068488,0.6572674330369925,0.4660892327626546
7,41,0.0003723543486557901,0.0005910122999921441,0.6611982934268904,0.44941533274120754
8,1,0.08314108848571777,0.002652533818036318,-115.46004154005169,-3.118112474017673
8,2,0.0008988597546704113,0.000863762223161757,0.03759850808131842,0.017500452200571694
8,3,0.0011285406071692705,0.0008500475669279695,-0.27394574807013994,0.027780659993489585
8,4,0.0010053606238216162,0.0007505371468141675,-0.08624391732392488,0.1378425849808587
8,5,0.0009595576557330787,0.0006690551526844501,0.011455046836240792,0.2794161134295993
8,6,0.0008389202412217855,0.00076649384573102,0.15384413916387676,0.21847109529707168
8,7,0.0008344009984284639,0.0005711732083000243,0.19195028572906683,0.4291179802682665
8,8,0.0008133873925544322,0.000692769477609545,0.21768813177391336,0.3424019694328308
8,9,0.000731294509023428,0.0005647321813739836,0.31303278016455377,0.4747775673866272
8,10,0.0007066362304612994,0.000590792391449213,0.3463010328787344,0.46460266245736015
8,11,0.000666725798510015,0.0006748490268364549,0.38928682612784116,0.35671481953726875
8,12,0.000678531767334789,0.0004400677280500531,0.3744648250532739,0.597261377175649
8,13,0.0006167517276480794,0.0005580916767939925,0.4365055453630141,0.5177580369843378
8,14,0.0006428730557672679,0.0005148712079972029,0.41077127706857375,0.5628278639581469
8,15,0.0006689320434816182,0.0006582137430086732,0.38630520384988665,0.39304391940434774
8,16,0.0006134785944595933,0.00041827751556411386,0.4421881577115,0.6321723606851366
8,17,0.0005856289062649012,0.00040307617746293545,0.46845104105678603,0.6495048443476359
8,18,0.0005641343304887414,0.000562549103051424,0.4826724984027721,0.5040482256147597
8,19,0.0005626246565952897,0.0004360134480521083,0.4884502206319644,0.6143383608924018
8,20,0.0005538385594263673,0.0003863626334350556,0.4997349240161754,0.6577860660023159
8,21,0.0005232911789789796,0.0004302081069909036,0.5213716190538289,0.6269171449873182
8,22,0.0005607609637081623,0.00040460185846313834,0.48407724050827966,0.6425367858674791
8,23,0.0005156605620868504,0.0004375456483103335,0.5352695962529124,0.614802270465427
8,24,0.0005169754149392247,0.00043015938717871904,0.5264411212485514,0.6118016719818116
8,25,0.0005217506550252438,0.00038361785118468106,0.5227389992019277,0.6563731829325358
8,26,0.00048589767538942397,0.0004249103367328644,0.5534620416017226,0.6335256298383077
8,27,0.0004819714813493192,0.0005418467335402966,0.5589037774521628,0.5359394099977282
8,28,0.0004859992768615484,0.00037921388866379857,0.556900233692593,0.6621553990576002
8,29,0.0004873416619375348,0.00040540372719988227,0.5443218759548517,0.6546088602807787
8,30,0.0004703465383499861,0.0004655367520172149,0.5681731029793068,0.6101153956519233
8,31,0.00045383855467662215,0.00048694564611651003,0.5821686729972745,0.5602438979678683
8,32,0.00043801887659356,0.0003911711391992867,0.5971694883005119,0.6561928431193034
8,33,0.0004389772948343307,0.0004009762196801603,0.5918557405471802,0.6331887417369418
8,34,0.0004231693164911121,0.00047712292871437967,0.6072754653883569,0.6039506713549296
8,35,0.0004237102693878114,0.00047937044291757047,0.6081842138443464,0.5759467840194702
8,36,0.0004289014614187181,0.0003990887198597193,0.6040600681010587,0.6537230650583903
8,37,0.0003856277617160231,0.00038598570972681046,0.6439068926705255,0.6712009708086649
8,38,0.0003626998222898692,0.0003884637262672186,0.6591481797489119,0.6701248354381986
8,39,0.00034997420152649283,0.00034236451028846204,0.6714423943448949,0.7099831740061442
8,40,0.00033288440317846835,0.0003509941743686795,0.6874329627296071,0.697498865922292
8,41,0.0003352930652908981,0.0003643383097369224,0.686360678407881,0.6787875864240859
8,42,0.00033265555975958705,0.000391324982047081,0.6837837141237141,0.6604058927959866
8,43,0.0003218824858777225,0.00038373778806999326,0.6947171482039086,0.6750677188237508
8,44,0.0003124142240267247,0.0003544483333826065,0.702992515505096,0.6930401391453214
8,45,0.0003080473397858441,0.0003747452574316412,0.7053421668064447,0.6816665410995484
8,46,0.0002859509550035,0.0003989097895100713,0.7275809660369967,0.6647353993521796
8,47,0.00029198775882832706,0.00037493076524697244,0.7188725003489742,0.6875075274043613
8,48,0.00027622751076705754,0.00035967209259979427,0.7336409271499257,0.6991487820943196
8,49,0.0002615375560708344,0.00038244377356022596,0.7494345060101262,0.6826945371097989
8,50,0.00025520147755742073,0.00039304146775975823,0.7532869940922584,0.6686256249745687
8,51,0.00025098706828430295,0.000368533656001091,0.7569841605645639,0.692815359433492
8,52,0.00024402892449870706,0.0004005108494311571,0.7625702428229061,0.6646522747145759
8,53,0.00024503504391759634,0.0003699414664879441,0.7624310013688641,0.6930438439051311
8,54,0.00023044104455038905,0.0003758882521651685,0.7746610400117474,0.692000479168362
8,55,0.00023135247465688735,0.0003502111358102411,0.7742784245514576,0.7062830103768243
8,56,0.00022135225299280137,0.00036613590782508254,0.7834037177356673,0.701201053460439
8,57,0.00021968405053485185,0.0003527801891323179,0.7840583153712897,0.707483806875017
8,58,0.00021791958715766668,0.00035578489769250154,0.7840362217691209,0.7070949580934313
8,59,0.0002070713380817324,0.000357651908416301,0.7951329968593739,0.7040971252653334
9,1,0.15395066142082214,0.00536365807056427,-238.67275203363394,-6.901371823416816
9,2,0.0009627485414966941,0.0009149974212050438,-0.07977172121589567,0.022625307242075603
9,3,0.0011450438760221004,0.0008778368355706334,-0.29144314527511594,0.061667033036549884
9,4,0.0011243289336562157,0.0008260200265794992,-0.24839652320485056,0.11398570007748074
9,5,0.0010261738207191229,0.0008704086067155004,-0.14772072515369933,0.12641442881690132
9,6,0.0009540930623188615,0.001170688308775425,-0.058951292803258074,-0.17894404861662122
9,7,0.0009120620670728385,0.0007359844748862088,0.008341425878030282,0.2710483233133952
9,8,0.0008301620837301016,0.0008704383508302271,0.12813895970215033,0.16670928398768106
9,9,0.000800057896412909,0.0007154303602874279,0.167108788608033,0.3258473753929138
9,10,0.0007535272161476314,0.0008340223575942218,0.23764462367987926,0.22887574036916097
9,11,0.0007211758056655526,0.0008178602438420057,0.287758211147638,0.26436446772681343
9,12,0.000682716490700841,0.0007408491801470518,0.3377070970005459,0.3715502553515964
9,13,0.0006545885698869824,0.0008723643841221929,0.3728877395759394,0.28035531044006345
9,14,0.0006782917189411819,0.000685756269376725,0.36228395406110786,0.4083605885505676
9,15,0.0006635637255385518,0.0007264041341841221,0.3656929952126962,0.3993230938911438
9,16,0.0006334884092211723,0.0008721128688193858,0.4052527772055732,0.29615692165162827
9,17,0.0006316660437732935,0.0008010088931769133,0.40803172912126706,0.36061654223336115
9,18,0.0006242348463274539,0.0010003879433497787,0.4077439973383774,0.13673892948362562
9,19,0.0006240917136892676,0.0006537153385579586,0.4228441412066236,0.45540559159384836
9,20,0.0006111402763053775,0.0006231332663446665,0.43172370769359447,0.5040843751695421
9,21,0.0005811222363263369,0.000840791326481849,0.46158319270169296,0.31982185973061455
9,22,0.0005763436201959848,0.0006638206541538239,0.4684204007372444,0.46915009021759035
9,23,0.0005651150131598115,0.0006527556106448174,0.48023375964459075,0.4798493226369222
9,24,0.0005592522793449461,0.0005949914921075106,0.4849280079205831,0.5310051255755954
9,25,0.0005599642754532397,0.0007883739308454096,0.48147473923953965,0.3530159672101339
9,26,0.0005628233775496483,0.000648575252853334,0.48096103300282983,0.49841581318113537
9,27,0.0005554034141823649,0.0006948361406102777,0.4878201060824924,0.44592859347661334
9,28,0.000531986472196877,0.0007019074400886893,0.5135734147495694,0.43987907303704155
9,29,0.0005246617365628481,0.0005408021388575435,0.5186614723853123,0.568006361855401
9,30,0.0005195887642912567,0.0006486076163128018,0.5215027754689441,0.4922457695007324
9,31,0.0005067840684205294,0.0007013719296082854,0.5344426773212574,0.4798380970954895
9,32,0.0005178834544494748,0.0006198087939992547,0.5362594526491048,0.5149225870768229
9,33,0.0004909901763312519,0.0005526675377041101,0.5502704863195066,0.5718863447507222
9,34,0.0004892555298283696,0.0005818488425575197,0.5483695445237337,0.5556382934252421
9,35,0.0004908246919512749,0.0005199021543376148,0.5492008718443505,0.59545818567276
9,36,0.0005028386367484927,0.0005026748985983431,0.5367228637506932,0.5736369358168708
9,37,0.0005020255921408534,0.000517501262947917,0.5291772991050908,0.5905530320273505
9,38,0.0004930167924612761,0.0005775748286396265,0.5345002579100337,0.529213457637363
9,39,0.0004602885455824435,0.0006768648745492101,0.5780179378427105,0.4118239720662435
9,40,0.00047335136332549155,0.0005847857100889087,0.5599645317336659,0.5362657639715407
9,41,0.00046010591904632747,0.0005559453275054693,0.5689624664224224,0.567657454808553
9,42,0.00044074648758396506,0.0006743853446096182,0.5870134496394499,0.48013067642847695
9,43,0.000432208355050534,0.0005750881973654032,0.5990102460354935,0.5561173306571112
9,44,0.0004228198085911572,0.0006736534996889532,0.611713761900678,0.46775895754496255
9,45,0.00044909821008332074,0.0005515979137271643,0.5824744914784844,0.5661149210400052
9,46,0.0003871766384691,0.0005086624878458679,0.6384664806318872,0.5935085733731588
9,47,0.0003844877937808633,0.00048452551709488034,0.6357696562637517,0.6196264545122783
9,48,0.00035360129550099373,0.0005927339079789817,0.6706092144236152,0.5073429968621995
9,49,0.0003805402957368642,0.0005126196192577481,0.643284582061532,0.6009111404418945
9,50,0.00035271712113171816,0.0005308337276801467,0.6692269616656833,0.5856411457061768
9,51,0.00035004637902602553,0.0005161800072528422,0.671561073962553,0.5952596253818936
9,52,0.0003305525751784444,0.00047234431258402765,0.6866416836962288,0.6321860273679097
9,53,0.0003418069682084024,0.0004338300204835832,0.6726397247962009,0.6612040347523159
9,54,0.0003245823609177023,0.0005921507254242897,0.69300801768715,0.542628620730506
9,55,0.0003246986598242074,0.0005160759901627898,0.6924460234465423,0.5898029565811157
9,56,0.0003154078731313348,0.0004776919668074697,0.7005868842572341,0.6261724299854703
9,57,0.0003346492303535342,0.0005002360558137298,0.67880614289531,0.6051284246974521
9,58,0.0003126830270048231,0.0005186701891943812,0.7026424393241788,0.5807747032907274
9,59,0.00034263398265466094,0.0005042568081989884,0.6699689392690306,0.610900968975491
9,60,0.00031405637855641544,0.0005040270043537021,0.7042792046511615,0.6119951645533244
9,61,0.0003195043245796114,0.0004736815462820232,0.6939184904098511,0.6404620117611355
9,62,0.0002903552376665175,0.0004481664509512484,0.7213668440595086,0.6538253863652547
9,63,0.0002741166390478611,0.00045901694102212787,0.736746167106393,0.6477515035205417
9,64,0.00027101466548629105,0.0004833562998101115,0.7397800890015968,0.6234149032168919
9,65,0.00026616884861141443,0.00046365984599106014,0.7417245340935978,0.6439531313048469
9,66,0.0002570966025814414,0.00047615059884265065,0.7517514049271007,0.6360575132899814
9,67,0.0002574505051597953,0.0004945950349792838,0.7519613488220874,0.6045105457305908
9,68,0.0002446789585519582,0.0004824371135327965,0.7643788808657799,0.6304636756579082
9,69,0.00024873370421119034,0.0004771468520630151,0.7597588313950433,0.6211392654312982
9,70,0.00024122328613884747,0.0004632239870261401,0.7672083058474977,0.6437977049085829
9,71,0.00024275107716675848,0.0004692233633249998,0.7634619731961945,0.645340453253852
9,72,0.00022711767815053463,0.0005059920367784798,0.7809586611794836,0.6119894597265455
9,73,0.0002380185469519347,0.0004859166219830513,0.7658989089506644,0.6260440760188632
10,1,0.18425829708576202,0.013540733605623245,-280.52408627816186,-18.63147285249498
10,2,0.0011379007482901216,0.0008686995133757591,-0.3275205392896393,0.022899440924326577
10,3,0.0009201890788972378,0.0008590170182287693,0.016786712481651776,0.03759974903530545
10,4,0.0009078033617697656,0.00080888532102108,0.019105236912951056,0.09341689480675591
10,5,0.001252690446563065,0.0007655939552932978,-0.3941894298718299,0.13284495539135402
10,6,0.0011475980281829834,0.0008260286413133144,-0.24926734735936296,0.050164753860897485
10,7,0.001114446553401649,0.0008421133970841765,-0.22271672972926387,0.04428968562020196
10,8,0.0010434964206069708,0.000941705540753901,-0.1359299926110256,-0.07394898732503255
10,9,0.0010100369108840823,0.0008148146444000304,-0.05909056192562904,0.05512465238571167
10,10,0.0009167784592136741,0.0006950740935280919,0.02720558437300317,0.23788329362869262
10,11,0.0008483777637593448,0.0010276498505845666,0.13766908984125395,-0.14120132923126222
10,12,0.0008982322178781033,0.0006577000021934509,0.09722046896263405,0.28649442195892333
10,13,0.0007879141485318542,0.0007675819797441363,0.2213335484634211,0.1540821631749471
10,14,0.0007842312334105372,0.0005796674522571266,0.24319458846692685,0.40485055181715224
10,15,0.0007410508114844561,0.0005538041004911065,0.27829567090964613,0.43274928993648953
10,16,0.0007146969437599182,0.0007215516525320709,0.332734383624277,0.24344270229339598
10,17,0.000704360892996192,0.0005475032376125455,0.34198010688946573,0.4492065840297275
10,18,0.000649499474093318,0.0006560955662280321,0.4014955966560929,0.32704731358422173
10,19,0.0006907769711688161,0.0005446207942441106,0.35998032725887535,0.45822622378667194
10,20,0.0006337817758321762,0.0006679740035906434,0.41547066473666533,0.32335092226664225
10,21,0.0006252130260691047,0.0005240754107944667,0.4350799164654296,0.4783766640557183
10,22,0.0006087769288569689,0.0007357290014624596,0.4525612251258191,0.24795391029781766
10,23,0.0006091324030421674,0.0005140199209563434,0.45078174920729647,0.4954767134454515
10,24,0.0005774024757556617,0.0006085963686928153,0.47633156334912335,0.3981485539012485
10,25,0.000579910702072084,0.0006898546707816422,0.48317502427984166,0.2911983834372626
10,26,0.0005587678169831634,0.0005689022364094853,0.4988461935961688,0.44022855361302693
10,27,0.0005819585639983416,0.0005130658391863108,0.48266774092191533,0.4958675808376736
10,28,0.000561766792088747,0.000489406636916101,0.4921279979340824,0.5208261595831977
10,29,0.0005354622844606638,0.0005664379568770528,0.5231768714057075,0.4452599631415473
10,30,0.0005553651135414839,0.00047030410496518016,0.5113896478841334,0.5397552967071533
10,31,0.0005418799119070172,0.0006519253365695477,0.514633498074096,0.3466595040427314
10,32,0.0005490167532116175,0.0004725227481685579,0.49683518336143023,0.5391009317504035
10,33,0.0005362847005017102,0.0006008206983096898,0.5137086610735199,0.3973373187912835
10,34,0.0005745961680077016,0.0004829067620448768,0.48254418358390716,0.5344948026869032
10,35,0.0005170988733880222,0.0005356711335480213,0.5408812611191361,0.4625207040044996
10,36,0.0005277651944197714,0.0005371413426473737,0.5300405561188121,0.4735652671919929
10,37,0.0004945225082337856,0.0005933333304710686,0.5546214702688618,0.4128181682692634
10,38,0.0005154468817636371,0.000451793399406597,0.532837102148268,0.5672908862431844
10,39,0.000500241294503212,0.0004624243301805109,0.5456734524832831,0.5477748168839349
10,40,0.0004904335364699364,0.0005239876918494701,0.5638836023248273,0.4728584011395772
10,41,0.0004747271887026727,0.0005261875921860337,0.5730756238654807,0.4957727564705743
10,42,0.00048720400081947446,0.0005671952967531979,0.5632971158734075,0.44641505082448324
10,43,0.0005187129136174917,0.0005107366014271975,0.5250347397945545,0.5001762363645765
10,44,0.00048332096775993705,0.0004838092136196792,0.5667025866331877,0.5303180641598172
10,45,0.0004685840685851872,0.0005816027987748384,0.5813964300685459,0.40825389358732433
10,46,0.0004900791100226343,0.0006505458150058985,0.559186158945531,0.34134941498438515
10,47,0.00047829654067754745,0.0005562440492212772,0.5643872839433176,0.4400830666224162
10,48,0.00045113012311048806,0.0004704710154328495,0.5947776845943781,0.5423043184810215
10,49,0.00041319261072203517,0.0004762645694427192,0.626196801956789,0.5343948403994242
10,50,0.0004381355829536915,0.00044966040877625346,0.6048812822059348,0.5629334304067823
10,51,0.0004049803828820586,0.0004765974299516529,0.635651879546083,0.5373990747663709
10,52,0.00041982377297244966,0.00048161993618123233,0.6186160493780065,0.5274362007776896
10,53,0.0003917710855603218,0.0005383917596191168,0.6486620807353362,0.45669197771284314
10,54,0.00037687213625758886,0.00046926733921281993,0.6545581585095253,0.5344617433018155
10,55,0.00037411547964438796,0.0004570765304379165,0.6567868911189797,0.5504560391108195
10,56,0.0003676192427519709,0.00046835426473990083,0.6661352556428791,0.5407038105858697
10,57,0.00036546093178912997,0.00044907585834152997,0.6626756637184709,0.5641773409313626
10,58,0.00036361560341902077,0.0005173537065275013,0.6655541911537265,0.4795332299338447
10,59,0.00035464164102450013,0.0004272693768143654,0.6708329278745769,0.5855707791116502
10,60,0.0003625947283580899,0.000459999602753669,0.665975699748522,0.552320310804579
10,61,0.00035494775511324406,0.0004929167916998267,0.6704661757857712,0.5023437910609775
10,62,0.0003289815504103899,0.0004391231923364103,0.694584243974568,0.5665426784091525
10,63,0.0003544004575815052,0.00046663786633871496,0.6675909030584641,0.5348372724321153
10,64,0.0003242077655158937,0.00040948556852526963,0.7027359104450838,0.6018609616491529
10,65,0.0003215756150893867,0.000490190926939249,0.6993640733353885,0.5143361171086629
10,66,0.0003127403906546533,0.00043777027167379856,0.706294901429871,0.5688663429684109
10,67,0.0003104006464127451,0.0004488930571824312,0.713008376992779,0.5532037787967258
10,68,0.0003075217246077955,0.0004491068539209664,0.7151146910808704,0.5598646534813775
10,69,0.00029789883410558105,0.0003947178483940661,0.7202143314443988,0.6228743301497566
10,70,0.000299545208690688,0.0004680305137299001,0.7206103095301876,0.5248434490627713
10,71,0.00029956322396174073,0.00044173019705340266,0.7206115719712811,0.5633162988556756
10,72,0.0002931659109890461,0.00047388009261339903,0.7237387988302443,0.5285231033960979
10,73,0.0002830607700161636,0.00046680227387696505,0.7318197106137688,0.5453423288133409
10,74,0.00028194457991048694,0.00045641331234946847,0.731587807337443,0.542095214790768
10,75,0.00028020073659718037,0.0005201996536925435,0.7361002696885003,0.4840021040704515
10,76,0.0002867189177777618,0.00047834275756031275,0.7301604944982646,0.5184165583716498
10,77,0.000281290034763515,0.0004252683138474822,0.7331770893968181,0.5774715556038751
10,78,0.0002655185526236892,0.00044315680861473083,0.7465959050037243,0.5697848929299248
10,79,0.0002421159588266164,0.00043098049354739487,0.7685996738480932,0.5810484766960144
10,80,0.00024251529248431325,0.0004961605882272124,0.7682872214435059,0.5009954386287265
10,81,0.00023745527141727507,0.0004289020143914968,0.7715111885541751,0.5805978390905592
10,82,0.00023888717987574637,0.0004190870386082679,0.7698558501255365,0.587336438231998
10,83,0.00023131871421355754,0.0004024911322630942,0.7784453287536716,0.6118495623270671
10,84,0.00022533847368322313,0.00041319598676636815,0.7824958721796672,0.6003652373949687
10,85,0.00022081640781834722,0.0004227956524118781,0.785639316358684,0.5917998260921902
10,86,0.00021249099518172443,0.0004299229185562581,0.7943874261997365,0.5807661824756198
10,87,0.0002083458675770089,0.00045356768532656133,0.7982365315343127,0.5545793149206374
10,88,0.0002084162551909685,0.0004285018949303776,0.7973688294858108,0.5809027711550395
10,89,0.0002016978687606752,0.00042171444511041045,0.8039966603856028,0.590935758749644
